date,deal_type,role,company_name,title,url
2026-09-01,acquisition,target,Apollo Fertility Centre (AFCPL) and Apollo Specialty Hospitals (ASHPL),CCI approves acquisition of up to 100% equity shareholding of Apollo Fertility Centre (AFCPL) and Apollo Specialty Hospitals (ASHPL) by Kids Clinic India Ltd. (KCIL) and related transactions,https://pib.gov.in/PressReleasePage.aspx?PRID=2305742
2026-09-01,acquisition,acquirer,Kids Clinic India Ltd,CCI approves acquisition of up to 100% equity shareholding of Apollo Fertility Centre (AFCPL) and Apollo Specialty Hospitals (ASHPL) by Kids Clinic India Ltd. (KCIL) and related transactions,https://pib.gov.in/PressReleasePage.aspx?PRID=2305742
2026-09-01,acquisition,target,Aseem Infrastructure Finance Limited,CCI approves acquisition of Aseem Infrastructure Finance Limited by TPG Nicobar SG Pte. Ltd. and related transactions,https://pib.gov.in/PressReleasePage.aspx?PRID=2305743
2026-09-01,acquisition,acquirer,TPG Nicobar SG Pte,CCI approves acquisition of Aseem Infrastructure Finance Limited by TPG Nicobar SG Pte. Ltd. and related transactions,https://pib.gov.in/PressReleasePage.aspx?PRID=2305743
2026-08-26,acquisition,target,Kestrel Coal Group Pty Ltd.,CCI approves acquisition of 100% stake in Kestrel Coal Group Pty Ltd. by Yancoal Australia from certain sellers,https://pib.gov.in/PressReleasePage.aspx?PRID=2303221
2026-08-26,acquisition,acquirer,Yancoal Australia,CCI approves acquisition of 100% stake in Kestrel Coal Group Pty Ltd. by Yancoal Australia from certain sellers,https://pib.gov.in/PressReleasePage.aspx?PRID=2303221
2026-08-26,acquisition,target,Tao Digital Solutions,CCI approves acquisition of 100% share capital of Tao Digital Solutions by Cyient Ltd,https://pib.gov.in/PressReleasePage.aspx?PRID=2303223
2026-08-26,acquisition,acquirer,Cyient Ltd,CCI approves acquisition of 100% share capital of Tao Digital Solutions by Cyient Ltd,https://pib.gov.in/PressReleasePage.aspx?PRID=2303223
2026-08-19,acquisition,target,Bharti Life Insurance Company,CCI approves acquisition of certain equity shareholding in Bharti Life Insurance Company by Prudential Corporation Holdings,https://pib.gov.in/PressReleasePage.aspx?PRID=2300955
2026-08-19,acquisition,acquirer,Prudential Corporation Holdings,CCI approves acquisition of certain equity shareholding in Bharti Life Insurance Company by Prudential Corporation Holdings,https://pib.gov.in/PressReleasePage.aspx?PRID=2300955
2026-08-19,acquisition,target,Acko Technology & Services Pvt Ltd.,CCI approves acquisition of additional shareholding of Acko Technology & Services Pvt Ltd. by General Atlantic Singapore ACK Pte. Ltd,https://pib.gov.in/PressReleasePage.aspx?PRID=2300956
2026-08-19,acquisition,acquirer,General Atlantic Singapore ACK Pte,CCI approves acquisition of additional shareholding of Acko Technology & Services Pvt Ltd. by General Atlantic Singapore ACK Pte. Ltd,https://pib.gov.in/PressReleasePage.aspx?PRID=2300956
2026-08-19,acquisition,target,TM International Logistics,CCI approves acquisition of 23% equity shareholding of TM International Logistics by Tata Steel Ltd,https://pib.gov.in/PressReleasePage.aspx?PRID=2300957
2026-08-19,acquisition,acquirer,Tata Steel Ltd,CCI approves acquisition of 23% equity shareholding of TM International Logistics by Tata Steel Ltd,https://pib.gov.in/PressReleasePage.aspx?PRID=2300957
2026-07-29,acquisition,target,"units of Oaktree capital group Holdings, L.P. (OCGH), and Oaktree Equity Plan, L.P. (OEP)","CCI approves acquisition of units of Oaktree capital group Holdings, L.P. (OCGH), and Oaktree Equity Plan, L.P. (OEP) by Brookfield Asset Management Ltd. (BAM)",https://pib.gov.in/PressReleasePage.aspx?PRID=2290714
2026-07-29,acquisition,acquirer,Brookfield Asset Management Ltd,"CCI approves acquisition of units of Oaktree capital group Holdings, L.P. (OCGH), and Oaktree Equity Plan, L.P. (OEP) by Brookfield Asset Management Ltd. (BAM)",https://pib.gov.in/PressReleasePage.aspx?PRID=2290714
2026-07-29,amalgamation,target,Go Digit Infoworks Services,"CCI approves amalgamation of Go Digit Infoworks Services, holding company of Go Digit General Insurance Ltd, with Go Digit General Insurance Ltd, such that Go Digit General Insurance Ltd will be the surviving entity",https://pib.gov.in/PressReleasePage.aspx?PRID=2290715
2026-07-29,amalgamation,acquirer,Go Digit General Insurance Ltd,"CCI approves amalgamation of Go Digit Infoworks Services, holding company of Go Digit General Insurance Ltd, with Go Digit General Insurance Ltd, such that Go Digit General Insurance Ltd will be the surviving entity",https://pib.gov.in/PressReleasePage.aspx?PRID=2290715
2026-07-01,acquisition,target,Nippon Life India AIF Management Limited,CCI approves the proposed combination involving acquisition of certain shareholding in Nippon Life India AIF Management Limited by DWS Group GmbH & Co. KGaA,https://pib.gov.in/PressReleasePage.aspx?PRID=2279988
2026-07-01,acquisition,acquirer,DWS Group GmbH & Co,CCI approves the proposed combination involving acquisition of certain shareholding in Nippon Life India AIF Management Limited by DWS Group GmbH & Co. KGaA,https://pib.gov.in/PressReleasePage.aspx?PRID=2279988
2026-07-01,acquisition,target,Krazybee Services and Finnovation Tech Solutions Private Ltd.,CCI approves acquisition of certain shares in Krazybee Services and Finnovation Tech Solutions Private Ltd. by Mars Equity Dragon Fund VCC,https://pib.gov.in/PressReleasePage.aspx?PRID=2279990
2026-07-01,acquisition,acquirer,Mars Equity Dragon Fund VCC,CCI approves acquisition of certain shares in Krazybee Services and Finnovation Tech Solutions Private Ltd. by Mars Equity Dragon Fund VCC,https://pib.gov.in/PressReleasePage.aspx?PRID=2279990
2026-06-23,acquisition,target,Astemo Ltd.,CCI approves acquisition of 21% voting interest in Astemo Ltd. by Honda Motor Co. Ltd,https://pib.gov.in/PressReleasePage.aspx?PRID=2277126
2026-06-23,acquisition,acquirer,Honda Motor Co,CCI approves acquisition of 21% voting interest in Astemo Ltd. by Honda Motor Co. Ltd,https://pib.gov.in/PressReleasePage.aspx?PRID=2277126
2026-06-23,acquisition,target,Nxtra Data Ltd (Target),"CCI approves acquisition of certain shareholding in Nxtra Data Ltd (Target) by Alpha Wave Ventures II, LP (Acquirer)",https://pib.gov.in/PressReleasePage.aspx?PRID=2277129
2026-06-23,acquisition,acquirer,Alpha Wave Ventures II,"CCI approves acquisition of certain shareholding in Nxtra Data Ltd (Target) by Alpha Wave Ventures II, LP (Acquirer)",https://pib.gov.in/PressReleasePage.aspx?PRID=2277129
2026-06-16,acquisition,target,Romsons Group,CCI approves the proposed combination involving inter-alia subscription to certain CCPS and acquisition of certain equity share capital of Romsons Group by Jongsong Investments,https://pib.gov.in/PressReleasePage.aspx?PRID=2273667
2026-06-16,acquisition,acquirer,Jongsong Investments,CCI approves the proposed combination involving inter-alia subscription to certain CCPS and acquisition of certain equity share capital of Romsons Group by Jongsong Investments,https://pib.gov.in/PressReleasePage.aspx?PRID=2273667
2026-06-16,acquisition,target,PGIM India Asset Management and PGIM India Trustees,CCI approves proposed combination involving acquisition of PGIM India Asset Management and PGIM India Trustees by TVS Emerald Ltd. and TVS Venu Management and Consultancy Services,https://pib.gov.in/PressReleasePage.aspx?PRID=2273669
2026-06-16,acquisition,acquirer,TVS Emerald Ltd,CCI approves proposed combination involving acquisition of PGIM India Asset Management and PGIM India Trustees by TVS Emerald Ltd. and TVS Venu Management and Consultancy Services,https://pib.gov.in/PressReleasePage.aspx?PRID=2273669
2026-06-10,acquisition,target,PUMA SE,CCI approves acquisition of certain shareholding in PUMA SE by Ancat Holding GmbH,https://pib.gov.in/PressReleasePage.aspx?PRID=2271194
2026-06-10,acquisition,acquirer,Ancat Holding GmbH,CCI approves acquisition of certain shareholding in PUMA SE by Ancat Holding GmbH,https://pib.gov.in/PressReleasePage.aspx?PRID=2271194
2026-05-26,merger,target,Indovida India,CCI approves the merger of Indovida India with and into EPL Limited,https://pib.gov.in/PressReleasePage.aspx?PRID=2265619
2026-05-26,merger,acquirer,EPL Limited,CCI approves the merger of Indovida India with and into EPL Limited,https://pib.gov.in/PressReleasePage.aspx?PRID=2265619
2026-05-20,acquisition,target,Neysa Networks Pvt Ltd,"CCI approves the acquisition of certain shareholding in Neysa Networks Pvt Ltd by BCP Asia II Topco V Pte. Ltd., Asia II Topco XIV Pte. Ltd., and other investors",https://pib.gov.in/PressReleasePage.aspx?PRID=2263411
2026-05-20,acquisition,acquirer,BCP Asia II Topco V Pte,"CCI approves the acquisition of certain shareholding in Neysa Networks Pvt Ltd by BCP Asia II Topco V Pte. Ltd., Asia II Topco XIV Pte. Ltd., and other investors",https://pib.gov.in/PressReleasePage.aspx?PRID=2263411
2026-05-20,acquisition,target,"Baharampore - Farakka Highways, Devanahalli Tollway Pvt Ltd, Western MP Infrastructure and Toll Roads Pvt Ltd and Chenani Nashri Tunnelway Ltd","CCI approves proposed acquisition of Baharampore - Farakka Highways, Devanahalli Tollway Pvt Ltd, Western MP Infrastructure and Toll Roads Pvt Ltd and Chenani Nashri Tunnelway Ltd by Cube Highways Trust",https://pib.gov.in/PressReleasePage.aspx?PRID=2263413
2026-05-20,acquisition,acquirer,Cube Highways Trust,"CCI approves proposed acquisition of Baharampore - Farakka Highways, Devanahalli Tollway Pvt Ltd, Western MP Infrastructure and Toll Roads Pvt Ltd and Chenani Nashri Tunnelway Ltd by Cube Highways Trust",https://pib.gov.in/PressReleasePage.aspx?PRID=2263413
2026-05-12,acquisition,target,Kenvue Inc.,CCI approves acquisition of Kenvue Inc. by Kimberly-Clark Corp.,https://pib.gov.in/PressReleasePage.aspx?PRID=2260403
2026-05-12,acquisition,acquirer,Kimberly-Clark Corp,CCI approves acquisition of Kenvue Inc. by Kimberly-Clark Corp.,https://pib.gov.in/PressReleasePage.aspx?PRID=2260403
2026-05-12,acquisition,target,Llyods Engineering Works,CCI approves acquisition of 7.14% stake in Llyods Engineering Works by Thriveni Earthmovers Pvt Ltd. and merger of three entities into Lloyds Engineering Works Ltd,https://pib.gov.in/PressReleasePage.aspx?PRID=2260405
2026-05-12,acquisition,acquirer,Thriveni Earthmovers Pvt Ltd,CCI approves acquisition of 7.14% stake in Llyods Engineering Works by Thriveni Earthmovers Pvt Ltd. and merger of three entities into Lloyds Engineering Works Ltd,https://pib.gov.in/PressReleasePage.aspx?PRID=2260405
2026-04-28,acquisition,target,Avendus Capital Pvt Ltd.,CCI approves acquisition of certain equity share capital of Avendus Capital Pvt Ltd. by Mizuho Securities Co. Ltd. on a fully diluted basis,https://pib.gov.in/PressReleasePage.aspx?PRID=2256395
2026-04-28,acquisition,acquirer,Mizuho Securities Co,CCI approves acquisition of certain equity share capital of Avendus Capital Pvt Ltd. by Mizuho Securities Co. Ltd. on a fully diluted basis,https://pib.gov.in/PressReleasePage.aspx?PRID=2256395
2026-04-07,acquisition,target,equity shares amounting to 14.286% of Aditya Birla Housing Finance Ltd.,CCI approves acquisition of equity shares amounting to 14.286% of Aditya Birla Housing Finance Ltd. by Indriya Ltd.,https://pib.gov.in/PressReleasePage.aspx?PRID=2249850
2026-04-07,acquisition,acquirer,Indriya Ltd,CCI approves acquisition of equity shares amounting to 14.286% of Aditya Birla Housing Finance Ltd. by Indriya Ltd.,https://pib.gov.in/PressReleasePage.aspx?PRID=2249850
2026-04-07,acquisition,target,100% equity shares and non-cumulative optionally convertible redeemable preference shares in Nabha Power Ltd.,CCI approves proposed acquisition of 100% equity shares and non-cumulative optionally convertible redeemable preference shares in Nabha Power Ltd. by Torrent Power Ltd.,https://pib.gov.in/PressReleasePage.aspx?PRID=2249851
2026-04-07,acquisition,acquirer,Torrent Power Ltd,CCI approves proposed acquisition of 100% equity shares and non-cumulative optionally convertible redeemable preference shares in Nabha Power Ltd. by Torrent Power Ltd.,https://pib.gov.in/PressReleasePage.aspx?PRID=2249851
2026-04-07,acquisition,target,KNR SPVs,CCI approves acquisition of 100% equity shareholding of KNR SPVs by Indus Infra Trust from KNR Constructions Ltd.,https://pib.gov.in/PressReleasePage.aspx?PRID=2249854
2026-04-07,acquisition,acquirer,Indus Infra Trust,CCI approves acquisition of 100% equity shareholding of KNR SPVs by Indus Infra Trust from KNR Constructions Ltd.,https://pib.gov.in/PressReleasePage.aspx?PRID=2249854
2026-04-07,acquisition,target,certain equity shares,CCI approves acquisition of certain equity shares by Coastal Cedar Investments B.V. in Fleur Hotels and internal restructuring of Lemon Tree Hotels group through amalgamation and demerger,https://pib.gov.in/PressReleasePage.aspx?PRID=2249855
2026-04-07,acquisition,acquirer,Coastal Cedar Investments B,CCI approves acquisition of certain equity shares by Coastal Cedar Investments B.V. in Fleur Hotels and internal restructuring of Lemon Tree Hotels group through amalgamation and demerger,https://pib.gov.in/PressReleasePage.aspx?PRID=2249855
2026-03-25,merger,target,"Chess Merger Sub, wholly owned subsidiary of Coursera Inc.,","CCI approves merger of Chess Merger Sub, wholly owned subsidiary of Coursera Inc., with and into Udemy Inc.",https://pib.gov.in/PressReleasePage.aspx?PRID=2245400
2026-03-25,merger,acquirer,Udemy Inc,"CCI approves merger of Chess Merger Sub, wholly owned subsidiary of Coursera Inc., with and into Udemy Inc.",https://pib.gov.in/PressReleasePage.aspx?PRID=2245400
2026-03-25,acquisition,target,shareholding of Groww Asset Management,"CCI approves acquisition of shareholding of Groww Asset Management by State Street Global Advisors, Inc.",https://pib.gov.in/PressReleasePage.aspx?PRID=2245404
2026-03-25,acquisition,acquirer,State Street Global Advisors,"CCI approves acquisition of shareholding of Groww Asset Management by State Street Global Advisors, Inc.",https://pib.gov.in/PressReleasePage.aspx?PRID=2245404
2026-03-25,acquisition,target,Shriram Finance,CCI approves acquisition of certain shares in Shriram Finance by MUFG Bank Ltd.,https://pib.gov.in/PressReleasePage.aspx?PRID=2245407
2026-03-25,acquisition,acquirer,MUFG Bank Ltd,CCI approves acquisition of certain shares in Shriram Finance by MUFG Bank Ltd.,https://pib.gov.in/PressReleasePage.aspx?PRID=2245407
2026-03-25,acquisition,target,Valuedrive Technologies Pvt Ltd,"CCI approves proposed acquisition of additional shareholding of Valuedrive Technologies Pvt Ltd by Setu AIF Trust, Konark Trust, and MMPL Trust",https://pib.gov.in/PressReleasePage.aspx?PRID=2245409
2026-03-25,acquisition,acquirer,Setu AIF Trust,"CCI approves proposed acquisition of additional shareholding of Valuedrive Technologies Pvt Ltd by Setu AIF Trust, Konark Trust, and MMPL Trust",https://pib.gov.in/PressReleasePage.aspx?PRID=2245409
2026-03-11,acquisition,target,a certain stake in Curefit Healthcare (Target),CCI approves acquisition of a certain stake in Curefit Healthcare (Target) by MacRitchie Investments Pte. Ltd. (Acquirer),https://pib.gov.in/PressReleasePage.aspx?PRID=2238086
2026-03-11,acquisition,acquirer,MacRitchie Investments Pte,CCI approves acquisition of a certain stake in Curefit Healthcare (Target) by MacRitchie Investments Pte. Ltd. (Acquirer),https://pib.gov.in/PressReleasePage.aspx?PRID=2238086
2026-03-05,acquisition,target,certain stake,CCI approves proposed combination inter alia involving acquisition of certain stake by Bagmane Prime Office REIT of Bagmane Developers and others,https://pib.gov.in/PressReleasePage.aspx?PRID=2235404
2026-03-05,acquisition,acquirer,Bagmane Prime Office REIT of Bagmane Developers and others,CCI approves proposed combination inter alia involving acquisition of certain stake by Bagmane Prime Office REIT of Bagmane Developers and others,https://pib.gov.in/PressReleasePage.aspx?PRID=2235404
2026-03-05,acquisition,target,Balaji Wafers,CCI approves acquisition of certain shareholding in Balaji Wafers by General Atlantic Singapore BWP Pte,https://pib.gov.in/PressReleasePage.aspx?PRID=2235406
2026-03-05,acquisition,acquirer,General Atlantic Singapore BWP Pte,CCI approves acquisition of certain shareholding in Balaji Wafers by General Atlantic Singapore BWP Pte,https://pib.gov.in/PressReleasePage.aspx?PRID=2235406
2026-03-05,acquisition,target,Generali Central Insurance Company and Generali Central Life Insurance,CCI approves acquisition of additional shareholding in Generali Central Insurance Company and Generali Central Life Insurance by Central Bank of India,https://pib.gov.in/PressReleasePage.aspx?PRID=2235410
2026-03-05,acquisition,acquirer,Central Bank of India,CCI approves acquisition of additional shareholding in Generali Central Insurance Company and Generali Central Life Insurance by Central Bank of India,https://pib.gov.in/PressReleasePage.aspx?PRID=2235410
2026-02-18,acquisition,target,portfolio management services business of Axis Securities,CCI approves acquisition of portfolio management services business of Axis Securities by Axis Asset Management Company,https://pib.gov.in/PressReleasePage.aspx?PRID=2229543
2026-02-18,acquisition,acquirer,Axis Asset Management Company,CCI approves acquisition of portfolio management services business of Axis Securities by Axis Asset Management Company,https://pib.gov.in/PressReleasePage.aspx?PRID=2229543
2026-02-12,acquisition,target,low voltage motor business of Siemens Ltd.,CCI approves acquisition of low voltage motor business of Siemens Ltd. by Innomotics India Pvt Ltd.,https://pib.gov.in/PressReleasePage.aspx?PRID=2227274
2026-02-12,acquisition,acquirer,Innomotics India Pvt Ltd,CCI approves acquisition of low voltage motor business of Siemens Ltd. by Innomotics India Pvt Ltd.,https://pib.gov.in/PressReleasePage.aspx?PRID=2227274
2026-02-12,acquisition,target,minority shareholding of ~6.63% of Valuedrive Technologies Pvt Ltd,CCI approves proposed acquisition of minority shareholding of ~6.63% of Valuedrive Technologies Pvt Ltd by Fidelity Funds,https://pib.gov.in/PressReleasePage.aspx?PRID=2227277
2026-02-12,acquisition,acquirer,Fidelity Funds,CCI approves proposed acquisition of minority shareholding of ~6.63% of Valuedrive Technologies Pvt Ltd by Fidelity Funds,https://pib.gov.in/PressReleasePage.aspx?PRID=2227277
2026-02-03,acquisition,target,certain shareholding (on a fully diluted basis) of Haldiram Snacks Food Pvt Ltd,CCI approves proposed acquisition of certain shareholding (on a fully diluted basis) of Haldiram Snacks Food Pvt Ltd by L. Catterton India Fund,https://pib.gov.in/PressReleasePage.aspx?PRID=2222757
2026-02-03,acquisition,acquirer,L. Catterton India Fund,CCI approves proposed acquisition of certain shareholding (on a fully diluted basis) of Haldiram Snacks Food Pvt Ltd by L. Catterton India Fund,https://pib.gov.in/PressReleasePage.aspx?PRID=2222757
2026-01-27,acquisition,target,Toyota Industries Corp,"CCI approves acquisition of certain shareholding of Toyota Industries Corp by Elliott Associates, L.P., Elliott International, L.P., and Liverpool Ltd Partnership (Acquirers)",https://pib.gov.in/PressReleasePage.aspx?PRID=2219279
2026-01-27,acquisition,acquirer,Elliott Associates,"CCI approves acquisition of certain shareholding of Toyota Industries Corp by Elliott Associates, L.P., Elliott International, L.P., and Liverpool Ltd Partnership (Acquirers)",https://pib.gov.in/PressReleasePage.aspx?PRID=2219279
2026-01-27,acquisition,target,certain unit holding in National Highways Infra Trust,CCI approves proposed acquisition of certain unit holding in National Highways Infra Trust by Nitro Asia Holdings II Pte. Ltd.,https://pib.gov.in/PressReleasePage.aspx?PRID=2219281
2026-01-27,acquisition,acquirer,Nitro Asia Holdings II Pte,CCI approves proposed acquisition of certain unit holding in National Highways Infra Trust by Nitro Asia Holdings II Pte. Ltd.,https://pib.gov.in/PressReleasePage.aspx?PRID=2219281
2026-01-20,acquisition,target,Thriveni Pellets Pvt Ltd,CCI approves acquisition of 50.01% equity share capital of Thriveni Pellets Pvt Ltd by Tata Steel Ltd,https://pib.gov.in/PressReleasePage.aspx?PRID=2216553
2026-01-20,acquisition,acquirer,Tata Steel Ltd,CCI approves acquisition of 50.01% equity share capital of Thriveni Pellets Pvt Ltd by Tata Steel Ltd,https://pib.gov.in/PressReleasePage.aspx?PRID=2216553
2026-01-06,acquisition,target,Krosaki Harima Corporation,CCI approves acquisition of Krosaki Harima Corporation by Nippon Steel Corporation,https://pib.gov.in/PressReleasePage.aspx?PRID=2211958
2026-01-06,acquisition,acquirer,Nippon Steel Corporation,CCI approves acquisition of Krosaki Harima Corporation by Nippon Steel Corporation,https://pib.gov.in/PressReleasePage.aspx?PRID=2211958
2026-01-06,acquisition,target,Roppen Transportation Services Private Limited,CCI approves proposed acquisition of additional shareholding in Roppen Transportation Services Private Limited by MIH Investments One B.V.,https://pib.gov.in/PressReleasePage.aspx?PRID=2211959
2026-01-06,acquisition,acquirer,MIH Investments One B,CCI approves proposed acquisition of additional shareholding in Roppen Transportation Services Private Limited by MIH Investments One B.V.,https://pib.gov.in/PressReleasePage.aspx?PRID=2211959
2025-12-23,acquisition,target,sole control in Tata BlueScope Steel Pvt. Ltd. by purchasing the remaining 50% equity shareholding currently held,CCI has approved Tata Steel Limited’s proposed acquisition of sole control in Tata BlueScope Steel Pvt. Ltd. by purchasing the remaining 50% equity shareholding currently held by BlueScope Steel Asia Holdings Pty Ltd.,https://pib.gov.in/PressReleasePage.aspx?PRID=2207899
2025-12-23,acquisition,acquirer,BlueScope Steel Asia Holdings Pty Ltd,CCI has approved Tata Steel Limited’s proposed acquisition of sole control in Tata BlueScope Steel Pvt. Ltd. by purchasing the remaining 50% equity shareholding currently held by BlueScope Steel Asia Holdings Pty Ltd.,https://pib.gov.in/PressReleasePage.aspx?PRID=2207899
2025-12-23,acquisition,target,certain warrants of Federal Bank Limited,CCI has approved acquisition of certain warrants of Federal Bank Limited by Asia II Topco XIII Pte. Ltd.,https://pib.gov.in/PressReleasePage.aspx?PRID=2207901
2025-12-23,acquisition,acquirer,Asia II Topco XIII Pte,CCI has approved acquisition of certain warrants of Federal Bank Limited by Asia II Topco XIII Pte. Ltd.,https://pib.gov.in/PressReleasePage.aspx?PRID=2207901
2025-12-16,acquisition,target,paper and pulp manufacturing business of Aditya Birla Real Estate Limited,CCI approves acquisition of paper and pulp manufacturing business of Aditya Birla Real Estate Limited by ITC Limited,https://pib.gov.in/PressReleasePage.aspx?PRID=2204818
2025-12-16,acquisition,acquirer,ITC Limited,CCI approves acquisition of paper and pulp manufacturing business of Aditya Birla Real Estate Limited by ITC Limited,https://pib.gov.in/PressReleasePage.aspx?PRID=2204818
2025-12-16,acquisition,target,minority shareholding in DCX Global Limited,CCI approves the proposed combination involving acquisition of minority shareholding in DCX Global Limited by Coinbase Global Inc.,https://pib.gov.in/PressReleasePage.aspx?PRID=2204820
2025-12-16,acquisition,acquirer,Coinbase Global Inc,CCI approves the proposed combination involving acquisition of minority shareholding in DCX Global Limited by Coinbase Global Inc.,https://pib.gov.in/PressReleasePage.aspx?PRID=2204820
2025-12-16,acquisition,target,"Logisteed Holdings, Ltd. (Target)","CCI approves acquisition of certain equity stake in Logisteed Holdings, Ltd. (Target) by Japan Post Co., Ltd. (Acquirer)",https://pib.gov.in/PressReleasePage.aspx?PRID=2204822
2025-12-16,acquisition,acquirer,Japan Post Co,"CCI approves acquisition of certain equity stake in Logisteed Holdings, Ltd. (Target) by Japan Post Co., Ltd. (Acquirer)",https://pib.gov.in/PressReleasePage.aspx?PRID=2204822
2025-12-09,acquisition,target,Sammaan Capital Limited (SCL/Target),CCI approves the acquisition of certain shareholding of Sammaan Capital Limited (SCL/Target) by Avenir Investment RSC Ltd. (Avenir/Acquirer),https://pib.gov.in/PressReleasePage.aspx?PRID=2201086
2025-12-09,acquisition,acquirer,Avenir Investment RSC Ltd,CCI approves the acquisition of certain shareholding of Sammaan Capital Limited (SCL/Target) by Avenir Investment RSC Ltd. (Avenir/Acquirer),https://pib.gov.in/PressReleasePage.aspx?PRID=2201086
2025-11-25,acquisition,target,Jhajjar Power Limited,CCI approves the proposed acquisition of 100% shareholding of Jhajjar Power Limited by Jindal Jhajjar Power Limited,https://pib.gov.in/PressReleasePage.aspx?PRID=2194257
2025-11-25,acquisition,acquirer,Jindal Jhajjar Power Limited,CCI approves the proposed acquisition of 100% shareholding of Jhajjar Power Limited by Jindal Jhajjar Power Limited,https://pib.gov.in/PressReleasePage.aspx?PRID=2194257
2025-11-25,acquisition,target,Toyota Industries Corporation,"CCI approves acquisition of Toyota Industries Corporation by Toyota Asset Preparatory Co., Ltd.",https://pib.gov.in/PressReleasePage.aspx?PRID=2194258
2025-11-25,acquisition,acquirer,Toyota Asset Preparatory Co,"CCI approves acquisition of Toyota Industries Corporation by Toyota Asset Preparatory Co., Ltd.",https://pib.gov.in/PressReleasePage.aspx?PRID=2194258
2025-11-11,acquisition,target,11% to 20% of shareholding of the AWL Agri Business Limited,CCI approves proposed acquisition of 11% to 20% of shareholding of the AWL Agri Business Limited by Lence Pte. Ltd.,https://pib.gov.in/PressReleasePage.aspx?PRID=2188938
2025-11-11,acquisition,acquirer,Lence Pte,CCI approves proposed acquisition of 11% to 20% of shareholding of the AWL Agri Business Limited by Lence Pte. Ltd.,https://pib.gov.in/PressReleasePage.aspx?PRID=2188938
2025-11-07,acquisition,target,Aadhar Housing Finance Ltd.,CCI approves the proposed acquisition of up to 80.15% shareholding of Aadhar Housing Finance Ltd. by BCP Asia II Holdco VII Pte. Ltd.,https://pib.gov.in/PressReleasePage.aspx?PRID=2187554
2025-11-07,acquisition,acquirer,BCP Asia II Holdco VII Pte,CCI approves the proposed acquisition of up to 80.15% shareholding of Aadhar Housing Finance Ltd. by BCP Asia II Holdco VII Pte. Ltd.,https://pib.gov.in/PressReleasePage.aspx?PRID=2187554
2025-11-07,acquisition,target,Continuum Green Energy Holdings Ltd.,CCI approves acquisition of certain shareholding of Continuum Green Energy Holdings Ltd. by Continuum Energy Pte. Ltd.,https://pib.gov.in/PressReleasePage.aspx?PRID=2187555
2025-11-07,acquisition,acquirer,Continuum Energy Pte,CCI approves acquisition of certain shareholding of Continuum Green Energy Holdings Ltd. by Continuum Energy Pte. Ltd.,https://pib.gov.in/PressReleasePage.aspx?PRID=2187555
2025-11-07,acquisition,target,a certain shareholding in La Renon Healthcare Private Limited,CCI approves acquisition of a certain shareholding in La Renon Healthcare Private Limited by Rajadhiraja Limited.,https://pib.gov.in/PressReleasePage.aspx?PRID=2187557
2025-11-07,acquisition,acquirer,Rajadhiraja Limited,CCI approves acquisition of a certain shareholding in La Renon Healthcare Private Limited by Rajadhiraja Limited.,https://pib.gov.in/PressReleasePage.aspx?PRID=2187557
2025-10-21,acquisition,target,J. B. Chemicals & Pharmaceuticals Limited,CCI approves acquisition of J. B. Chemicals & Pharmaceuticals Limited by Torrent Pharmaceuticals Limited with voluntary modifications,https://pib.gov.in/PressReleasePage.aspx?PRID=2181329
2025-10-21,acquisition,acquirer,Torrent Pharmaceuticals Limited with voluntary modifications,CCI approves acquisition of J. B. Chemicals & Pharmaceuticals Limited by Torrent Pharmaceuticals Limited with voluntary modifications,https://pib.gov.in/PressReleasePage.aspx?PRID=2181329
2025-10-21,acquisition,target,Edelweiss Asset Management Limited and Edelweiss Trusteeship Company Limited,"CCI approves acquisition of certain shareholding of Edelweiss Asset Management Limited and Edelweiss Trusteeship Company Limited by Setu AIF Trust, Konark Trust and MMPL Trust",https://pib.gov.in/PressReleasePage.aspx?PRID=2181330
2025-10-21,acquisition,acquirer,Setu AIF Trust,"CCI approves acquisition of certain shareholding of Edelweiss Asset Management Limited and Edelweiss Trusteeship Company Limited by Setu AIF Trust, Konark Trust and MMPL Trust",https://pib.gov.in/PressReleasePage.aspx?PRID=2181330
2025-10-14,acquisition,target,Jaiprakash Associates Limited,CCI approves acquisition of Jaiprakash Associates Limited by Vedanta Limited,https://pib.gov.in/PressReleasePage.aspx?PRID=2179069
2025-10-14,acquisition,acquirer,Vedanta Limited,CCI approves acquisition of Jaiprakash Associates Limited by Vedanta Limited,https://pib.gov.in/PressReleasePage.aspx?PRID=2179069
2025-10-14,acquisition,target,Cloud4C Services Pte. Ltd and Cloud4C Services Private Limited,CCI approves proposed acquisition of Cloud4C Services Pte. Ltd and Cloud4C Services Private Limited by Capgemini SE,https://pib.gov.in/PressReleasePage.aspx?PRID=2179070
2025-10-14,acquisition,acquirer,Capgemini SE,CCI approves proposed acquisition of Cloud4C Services Pte. Ltd and Cloud4C Services Private Limited by Capgemini SE,https://pib.gov.in/PressReleasePage.aspx?PRID=2179070
2025-09-30,acquisition,target,Jaiprakash Associates Limited,CCI approves acquisition of Jaiprakash Associates Limited by Jindal Power Limited,https://pib.gov.in/PressReleasePage.aspx?PRID=2173327
2025-09-30,acquisition,acquirer,Jindal Power Limited,CCI approves acquisition of Jaiprakash Associates Limited by Jindal Power Limited,https://pib.gov.in/PressReleasePage.aspx?PRID=2173327
2025-09-23,acquisition,target,"OC Oerlikon Textile Holding AG, Pfäffikon and Oerlikon Textile Inc. (collectively Targets)","CCI approves the acquisition of OC Oerlikon Textile Holding AG, Pfäffikon and Oerlikon Textile Inc. (collectively Targets) by Rieter Holding AG and Rieter North America Inc. (collectively Acquirers)",https://pib.gov.in/PressReleasePage.aspx?PRID=2170263
2025-09-23,acquisition,acquirer,Rieter Holding AG and Rieter North America Inc,"CCI approves the acquisition of OC Oerlikon Textile Holding AG, Pfäffikon and Oerlikon Textile Inc. (collectively Targets) by Rieter Holding AG and Rieter North America Inc. (collectively Acquirers)",https://pib.gov.in/PressReleasePage.aspx?PRID=2170263
2025-09-16,acquisition,target,the entire shareholding of IPM Inc. and OC NL Invest Cooperatief U.A. (OC India Sellers) in Owens-Corning (India) Pvt. Ltd. (Target),CCI approves the proposed acquisition of the entire shareholding of IPM Inc. and OC NL Invest Cooperatief U.A. (OC India Sellers) in Owens-Corning (India) Pvt. Ltd. (Target) by Triumph Composites Pvt. Ltd. and Quartz Fib...,https://pib.gov.in/PressReleasePage.aspx?PRID=2167329
2025-09-16,acquisition,acquirer,Triumph Composites Pvt,CCI approves the proposed acquisition of the entire shareholding of IPM Inc. and OC NL Invest Cooperatief U.A. (OC India Sellers) in Owens-Corning (India) Pvt. Ltd. (Target) by Triumph Composites Pvt. Ltd. and Quartz Fib...,https://pib.gov.in/PressReleasePage.aspx?PRID=2167329
2025-09-16,acquisition,target,Jaiprakash Associates Limited,CCI approves proposed acquisition of Jaiprakash Associates Limited by PNC Infratech Limited,https://pib.gov.in/PressReleasePage.aspx?PRID=2167332
2025-09-16,acquisition,acquirer,PNC Infratech Limited,CCI approves proposed acquisition of Jaiprakash Associates Limited by PNC Infratech Limited,https://pib.gov.in/PressReleasePage.aspx?PRID=2167332
2025-09-09,acquisition,target,Dana Incorporated’s off-highway business,"CCI approves acquisition of Dana Incorporated’s off-highway business by Allison Transmission Holdings, Inc.",https://pib.gov.in/PressReleasePage.aspx?PRID=2164832
2025-09-09,acquisition,acquirer,Allison Transmission Holdings,"CCI approves acquisition of Dana Incorporated’s off-highway business by Allison Transmission Holdings, Inc.",https://pib.gov.in/PressReleasePage.aspx?PRID=2164832
2025-09-02,acquisition,target,certain share capital and voting rights of YES Bank,CCI approves acquisition of certain share capital and voting rights of YES Bank by Sumitomo Mitsui Banking Corporation,https://pib.gov.in/PressReleasePage.aspx?PRID=2163146
2025-09-02,acquisition,acquirer,Sumitomo Mitsui Banking Corporation,CCI approves acquisition of certain share capital and voting rights of YES Bank by Sumitomo Mitsui Banking Corporation,https://pib.gov.in/PressReleasePage.aspx?PRID=2163146
2025-09-02,acquisition,target,up to 100% shareholding,CCI approves the proposed combination involving acquisition of up to 100% shareholding by Manipal Hospitals Private Limited in Sahyadri Hospitals Private Limited.,https://pib.gov.in/PressReleasePage.aspx?PRID=2163147
2025-09-02,acquisition,acquirer,Manipal Hospitals Private Limited in Sahyadri Hospitals Private Limited,CCI approves the proposed combination involving acquisition of up to 100% shareholding by Manipal Hospitals Private Limited in Sahyadri Hospitals Private Limited.,https://pib.gov.in/PressReleasePage.aspx?PRID=2163147
2025-08-27,acquisition,target,Jaiprakash Associates Limited,CCI approves acquisition of Jaiprakash Associates Limited by Adani Group Entities,https://pib.gov.in/PressReleasePage.aspx?PRID=2161135
2025-08-27,acquisition,acquirer,Adani Group Entities,CCI approves acquisition of Jaiprakash Associates Limited by Adani Group Entities,https://pib.gov.in/PressReleasePage.aspx?PRID=2161135
2025-08-27,acquisition,target,an additional 40% shareholding,CCI approves the acquisition of an additional 40% shareholding by PSA India Pte. Ltd. (Acquirer) in PSA Bharat Investments Pte. Ltd. (Target).,https://pib.gov.in/PressReleasePage.aspx?PRID=2161136
2025-08-27,acquisition,acquirer,PSA India Pte,CCI approves the acquisition of an additional 40% shareholding by PSA India Pte. Ltd. (Acquirer) in PSA Bharat Investments Pte. Ltd. (Target).,https://pib.gov.in/PressReleasePage.aspx?PRID=2161136
2025-08-27,acquisition,target,shareholding,"CCI approves acquisition of shareholding by Multiples Private Equity Fund IV, Multiples Private Equity Gift Fund IV, Samvibhag Securities Private Limited, Mr. Mithun Padam Sacheti and Mr. Siddhartha Sacheti in V.I.P. Ind...",https://pib.gov.in/PressReleasePage.aspx?PRID=2161137
2025-08-27,acquisition,acquirer,Multiples Private Equity Fund IV,"CCI approves acquisition of shareholding by Multiples Private Equity Fund IV, Multiples Private Equity Gift Fund IV, Samvibhag Securities Private Limited, Mr. Mithun Padam Sacheti and Mr. Siddhartha Sacheti in V.I.P. Ind...",https://pib.gov.in/PressReleasePage.aspx?PRID=2161137
2025-08-19,acquisition,target,"all the outstanding shares and sole control of the Skechers U.S.A, Inc. by 3G Capital Partners and investment","CCI approves the proposed combination involving acquisition of all the outstanding shares and sole control of the Skechers U.S.A, Inc. by 3G Capital Partners and investment by Kakapo Investment Pte. Ltd.",https://pib.gov.in/PressReleasePage.aspx?PRID=2158147
2025-08-19,acquisition,acquirer,Kakapo Investment Pte,"CCI approves the proposed combination involving acquisition of all the outstanding shares and sole control of the Skechers U.S.A, Inc. by 3G Capital Partners and investment by Kakapo Investment Pte. Ltd.",https://pib.gov.in/PressReleasePage.aspx?PRID=2158147
2025-08-19,acquisition,target,remaining 49% shareholding of Island Star Mall Developers Private Limited (ISMDPL),CCI approves the proposed acquisition of remaining 49% shareholding of Island Star Mall Developers Private Limited (ISMDPL) by The Phoenix Mills Limited.,https://pib.gov.in/PressReleasePage.aspx?PRID=2158148
2025-08-19,acquisition,acquirer,The Phoenix Mills Limited,CCI approves the proposed acquisition of remaining 49% shareholding of Island Star Mall Developers Private Limited (ISMDPL) by The Phoenix Mills Limited.,https://pib.gov.in/PressReleasePage.aspx?PRID=2158148
2025-08-05,acquisition,target,Theobroma Foods Private Limited,"CCI approves acquisition of certain equity shareholding of Theobroma Foods Private Limited by Infinity Partners, Aqua Investments Limited and Atreides Investments B. V.",https://pib.gov.in/PressReleasePage.aspx?PRID=2152729
2025-08-05,acquisition,acquirer,Infinity Partners,"CCI approves acquisition of certain equity shareholding of Theobroma Foods Private Limited by Infinity Partners, Aqua Investments Limited and Atreides Investments B. V.",https://pib.gov.in/PressReleasePage.aspx?PRID=2152729
2025-07-29,acquisition,target,Renault Nissan Automotive India Private Limited,CCI approves the proposed acquisition of certain shareholding of Renault Nissan Automotive India Private Limited by Renault Group B.V. and Renault S.A.S.,https://pib.gov.in/PressReleasePage.aspx?PRID=2149551
2025-07-29,acquisition,acquirer,Renault Group B,CCI approves the proposed acquisition of certain shareholding of Renault Nissan Automotive India Private Limited by Renault Group B.V. and Renault S.A.S.,https://pib.gov.in/PressReleasePage.aspx?PRID=2149551
2025-07-15,acquisition,target,SMC Power Generation Limited,CCI approves proposed combination involving acquisition of 100% shareholding in SMC Power Generation Limited by Rungta Sons Private Limited,https://pib.gov.in/PressReleasePage.aspx?PRID=2144988
2025-07-15,acquisition,acquirer,Rungta Sons Private Limited,CCI approves proposed combination involving acquisition of 100% shareholding in SMC Power Generation Limited by Rungta Sons Private Limited,https://pib.gov.in/PressReleasePage.aspx?PRID=2144988
2025-07-15,acquisition,target,the Target Business from SGRE and SGREL,"CCI approves acquisition of the Target Business from SGRE and SGREL by PPPL, TPG REGen, Mavco, Tikri and SGRE",https://pib.gov.in/PressReleasePage.aspx?PRID=2144989
2025-07-15,acquisition,acquirer,PPPL,"CCI approves acquisition of the Target Business from SGRE and SGREL by PPPL, TPG REGen, Mavco, Tikri and SGRE",https://pib.gov.in/PressReleasePage.aspx?PRID=2144989
2025-07-01,acquisition,target,NACL Industries Limited,Competition Commission of India approves acquisition of certain equity shares in NACL Industries Limited by Coromandel International Limited,https://pib.gov.in/PressReleasePage.aspx?PRID=2141336
2025-07-01,acquisition,acquirer,Coromandel International Limited,Competition Commission of India approves acquisition of certain equity shares in NACL Industries Limited by Coromandel International Limited,https://pib.gov.in/PressReleasePage.aspx?PRID=2141336
2025-07-01,acquisition,target,shares of Billionbrains Garage Ventures Limited,CCI approves acquisition of shares of Billionbrains Garage Ventures Limited by Viggo Investment Pte. Ltd.,https://pib.gov.in/PressReleasePage.aspx?PRID=2141340
2025-07-01,acquisition,acquirer,Viggo Investment Pte,CCI approves acquisition of shares of Billionbrains Garage Ventures Limited by Viggo Investment Pte. Ltd.,https://pib.gov.in/PressReleasePage.aspx?PRID=2141340
2025-06-24,acquisition,target,certain issued and paid-up equity share capital of Haldiram Snacks Food Private Limited (Target),"Competition Commission of India approves the acquisition of certain issued and paid-up equity share capital of Haldiram Snacks Food Private Limited (Target) by Alpha Wave Ventures II LP and Alpha Wave IHC CI, LP (Acquire...",https://pib.gov.in/PressReleasePage.aspx?PRID=2139295
2025-06-24,acquisition,acquirer,Alpha Wave Ventures II LP and Alpha Wave IHC CI,"Competition Commission of India approves the acquisition of certain issued and paid-up equity share capital of Haldiram Snacks Food Private Limited (Target) by Alpha Wave Ventures II LP and Alpha Wave IHC CI, LP (Acquire...",https://pib.gov.in/PressReleasePage.aspx?PRID=2139295
2025-06-17,acquisition,target,SML Isuzu Limited,CCI approves the proposed combination involving acquisition of SML Isuzu Limited by Mahindra and Mahindra Limited,https://pib.gov.in/PressReleasePage.aspx?PRID=2137017
2025-06-17,acquisition,acquirer,Mahindra and Mahindra Limited,CCI approves the proposed combination involving acquisition of SML Isuzu Limited by Mahindra and Mahindra Limited,https://pib.gov.in/PressReleasePage.aspx?PRID=2137017
2025-06-17,acquisition,target,at least 99.44% of the equity and preference shareholding (on a fully diluted basis) of Ecom Express Limited,CCI approves acquisition of at least 99.44% of the equity and preference shareholding (on a fully diluted basis) of Ecom Express Limited by Delhivery Limited,https://pib.gov.in/PressReleasePage.aspx?PRID=2137018
2025-06-17,acquisition,acquirer,Delhivery Limited,CCI approves acquisition of at least 99.44% of the equity and preference shareholding (on a fully diluted basis) of Ecom Express Limited by Delhivery Limited,https://pib.gov.in/PressReleasePage.aspx?PRID=2137018
2025-06-10,acquisition,target,Kolte-Patil Developers Limited,CCI approves the acquisition of certain shareholding in Kolte-Patil Developers Limited by BREP Asia III India Holding Co VII Pte. Ltd.,https://pib.gov.in/PressReleasePage.aspx?PRID=2135482
2025-06-10,acquisition,acquirer,BREP Asia III India Holding Co VII Pte,CCI approves the acquisition of certain shareholding in Kolte-Patil Developers Limited by BREP Asia III India Holding Co VII Pte. Ltd.,https://pib.gov.in/PressReleasePage.aspx?PRID=2135482
2025-06-03,acquisition,target,"The Interpublic Group of Companies, Inc.","CCI approves proposed acquisition of The Interpublic Group of Companies, Inc. by Omnicom Group Inc.",https://pib.gov.in/PressReleasePage.aspx?PRID=2133621
2025-06-03,acquisition,acquirer,Omnicom Group Inc,"CCI approves proposed acquisition of The Interpublic Group of Companies, Inc. by Omnicom Group Inc.",https://pib.gov.in/PressReleasePage.aspx?PRID=2133621
2025-06-03,acquisition,target,up to 9.99% of the paid up share capital of IDFC First Bank Limited,CCI approves the proposed acquisition of up to 9.99% of the paid up share capital of IDFC First Bank Limited by Currant Sea Investments B.V.,https://pib.gov.in/PressReleasePage.aspx?PRID=2133622
2025-06-03,acquisition,acquirer,Currant Sea Investments B,CCI approves the proposed acquisition of up to 9.99% of the paid up share capital of IDFC First Bank Limited by Currant Sea Investments B.V.,https://pib.gov.in/PressReleasePage.aspx?PRID=2133622
2025-05-27,acquisition,target,Dowlais Group plc,"CCI approves the proposed acquisition of 100% shareholding of Dowlais Group plc by American Axle & Manufacturing Holdings, Inc.",https://pib.gov.in/PressReleasePage.aspx?PRID=2131760
2025-05-27,acquisition,acquirer,American Axle & Manufacturing Holdings,"CCI approves the proposed acquisition of 100% shareholding of Dowlais Group plc by American Axle & Manufacturing Holdings, Inc.",https://pib.gov.in/PressReleasePage.aspx?PRID=2131760
2025-05-20,acquisition,target,certain issued and paid-up equity share capital of Haldiram Snacks Food Private Limited (Target),CCI approves the acquisition of certain issued and paid-up equity share capital of Haldiram Snacks Food Private Limited (Target) by Jongsong Investments Pte. Ltd. (Acquirer),https://pib.gov.in/PressReleasePage.aspx?PRID=2130049
2025-05-20,acquisition,acquirer,Jongsong Investments Pte,CCI approves the acquisition of certain issued and paid-up equity share capital of Haldiram Snacks Food Private Limited (Target) by Jongsong Investments Pte. Ltd. (Acquirer),https://pib.gov.in/PressReleasePage.aspx?PRID=2130049
2025-05-20,acquisition,target,majority stake/control over Nazara Technologies Limited,"CCI approves acquisition of majority stake/control over Nazara Technologies Limited by Axana Estates LLP, Plutus Wealth Management LLP and Junomoneta Finsol Private Limited",https://pib.gov.in/PressReleasePage.aspx?PRID=2130050
2025-05-20,acquisition,acquirer,Axana Estates LLP,"CCI approves acquisition of majority stake/control over Nazara Technologies Limited by Axana Estates LLP, Plutus Wealth Management LLP and Junomoneta Finsol Private Limited",https://pib.gov.in/PressReleasePage.aspx?PRID=2130050
2025-05-20,acquisition,target,"Bajaj Allianz Life Insurance Company Limited, Bajaj Allianz General Insurance Company Limited and Bajaj Allianz Financial Distributors Limited","CCI approves the proposed combination involving acquisition of Bajaj Allianz Life Insurance Company Limited, Bajaj Allianz General Insurance Company Limited and Bajaj Allianz Financial Distributors Limited by Bajaj Finse...",https://pib.gov.in/PressReleasePage.aspx?PRID=2130051
2025-05-20,acquisition,acquirer,Bajaj Finse,"CCI approves the proposed combination involving acquisition of Bajaj Allianz Life Insurance Company Limited, Bajaj Allianz General Insurance Company Limited and Bajaj Allianz Financial Distributors Limited by Bajaj Finse...",https://pib.gov.in/PressReleasePage.aspx?PRID=2130051
2025-05-13,acquisition,target,shares of Thriveni Earthmovers and Infra,CCI approves the combination inter alia envisaging demerger of MDO Business of Thriveni Earthmovers into Thriveni Earthmovers and Infra; and acquisition of shares of Thriveni Earthmovers and Infra by Lloyds Metals and En...,https://pib.gov.in/PressReleasePage.aspx?PRID=2128470
2025-05-13,acquisition,acquirer,Lloyds Metals and En,CCI approves the combination inter alia envisaging demerger of MDO Business of Thriveni Earthmovers into Thriveni Earthmovers and Infra; and acquisition of shares of Thriveni Earthmovers and Infra by Lloyds Metals and En...,https://pib.gov.in/PressReleasePage.aspx?PRID=2128470
2025-05-13,acquisition,target,shareholding in EPL Limited,CCI approves the proposed acquisition of shareholding in EPL Limited by Indorama Netherlands B.V.,https://pib.gov.in/PressReleasePage.aspx?PRID=2128475
2025-05-13,acquisition,acquirer,Indorama Netherlands B,CCI approves the proposed acquisition of shareholding in EPL Limited by Indorama Netherlands B.V.,https://pib.gov.in/PressReleasePage.aspx?PRID=2128475
2025-05-01,acquisition,target,HCCH by Jubilant Beverages Limited (JBL) and (ii) proposed subscription to CCPS in JBL,CCI approves the proposed combination involving (i) acquisition of 40% shareholding of HCCH by Jubilant Beverages Limited (JBL) and (ii) proposed subscription to CCPS in JBL by Jubilant BevCo Limited and the Investors,https://pib.gov.in/PressReleasePage.aspx?PRID=2125860
2025-05-01,acquisition,acquirer,Jubilant BevCo Limited and the Investors,CCI approves the proposed combination involving (i) acquisition of 40% shareholding of HCCH by Jubilant Beverages Limited (JBL) and (ii) proposed subscription to CCPS in JBL by Jubilant BevCo Limited and the Investors,https://pib.gov.in/PressReleasePage.aspx?PRID=2125860
2025-04-23,acquisition,target,the Target Business,CCI approves the proposed acquisition of the Target Business by Kandhari Global Beverages Private Limited,https://pib.gov.in/PressReleasePage.aspx?PRID=2123767
2025-04-23,acquisition,acquirer,Kandhari Global Beverages Private Limited,CCI approves the proposed acquisition of the Target Business by Kandhari Global Beverages Private Limited,https://pib.gov.in/PressReleasePage.aspx?PRID=2123767
2025-04-23,acquisition,target,the AAM India Manufacturing Corporation Private Limited,CCI approves proposed combination involving acquisition of 100% equity shareholding of the AAM India Manufacturing Corporation Private Limited by Bharat Forge Limited with voluntary modifications,https://pib.gov.in/PressReleasePage.aspx?PRID=2123770
2025-04-23,acquisition,acquirer,Bharat Forge Limited with voluntary modifications,CCI approves proposed combination involving acquisition of 100% equity shareholding of the AAM India Manufacturing Corporation Private Limited by Bharat Forge Limited with voluntary modifications,https://pib.gov.in/PressReleasePage.aspx?PRID=2123770
2025-04-15,acquisition,target,shares of TKE Group by Alat Technologies and the formation of joint venture,CCI approves acquisition of shares of TKE Group by Alat Technologies and the formation of joint venture by Alat Technologies and the TKE Group,https://pib.gov.in/PressReleasePage.aspx?PRID=2121947
2025-04-15,acquisition,acquirer,Alat Technologies and the TKE Group,CCI approves acquisition of shares of TKE Group by Alat Technologies and the formation of joint venture by Alat Technologies and the TKE Group,https://pib.gov.in/PressReleasePage.aspx?PRID=2121947
2025-04-08,acquisition,target,"shareholding in Vastu Housing Finance Corporation Limited, APAC Financial Services Limited, and Quantiphi, Inc","CCI approves the proposed acquisition of shareholding in Vastu Housing Finance Corporation Limited, APAC Financial Services Limited, and Quantiphi, Inc by Multiples Plenty Private Equity GIFT Fund",https://pib.gov.in/PressReleasePage.aspx?PRID=2120190
2025-04-08,acquisition,acquirer,Multiples Plenty Private Equity GIFT Fund,"CCI approves the proposed acquisition of shareholding in Vastu Housing Finance Corporation Limited, APAC Financial Services Limited, and Quantiphi, Inc by Multiples Plenty Private Equity GIFT Fund",https://pib.gov.in/PressReleasePage.aspx?PRID=2120190
2025-03-25,acquisition,target,11 road special purpose vehicles owned by Ashoka Concessions Limited and Ashoka Buildcon Limited,Competition Commission of India (CCI) approves the acquisition of 100% equity shareholding in 11 road special purpose vehicles owned by Ashoka Concessions Limited and Ashoka Buildcon Limited by Epic Concesiones 2 Private...,https://pib.gov.in/PressReleasePage.aspx?PRID=2115024
2025-03-25,acquisition,acquirer,Epic Concesiones 2 Private,Competition Commission of India (CCI) approves the acquisition of 100% equity shareholding in 11 road special purpose vehicles owned by Ashoka Concessions Limited and Ashoka Buildcon Limited by Epic Concesiones 2 Private...,https://pib.gov.in/PressReleasePage.aspx?PRID=2115024
2025-03-25,acquisition,target,"Athaang Devanahalli Tollway Private Limited, Athaang Jammu Udhampur Highway Private Limited and Quazigund Expressway Private Limited","CCI approves acquisition of Athaang Devanahalli Tollway Private Limited, Athaang Jammu Udhampur Highway Private Limited and Quazigund Expressway Private Limited by Cube Highways Trust and Cube Highways and Infrastructure...",https://pib.gov.in/PressReleasePage.aspx?PRID=2115027
2025-03-25,acquisition,acquirer,Cube Highways Trust and Cube Highways and Infrastructure,"CCI approves acquisition of Athaang Devanahalli Tollway Private Limited, Athaang Jammu Udhampur Highway Private Limited and Quazigund Expressway Private Limited by Cube Highways Trust and Cube Highways and Infrastructure...",https://pib.gov.in/PressReleasePage.aspx?PRID=2115027
2025-03-17,acquisition,target,Uprising Science Private Limited,CCI approves acquisition of Uprising Science Private Limited by Hindustan Unilever Limited,https://pib.gov.in/PressReleasePage.aspx?PRID=2112019
2025-03-17,acquisition,acquirer,Hindustan Unilever Limited,CCI approves acquisition of Uprising Science Private Limited by Hindustan Unilever Limited,https://pib.gov.in/PressReleasePage.aspx?PRID=2112019
2025-03-17,acquisition,target,O2 Power Midco Holdings Pte. Ltd. and O2 Energy SG Pte. Ltd.,CCI approves the proposed acquisition of 100% shareholding of O2 Power Midco Holdings Pte. Ltd. and O2 Energy SG Pte. Ltd. by JSW Neo Energy Limited.,https://pib.gov.in/PressReleasePage.aspx?PRID=2112020
2025-03-17,acquisition,acquirer,JSW Neo Energy Limited,CCI approves the proposed acquisition of 100% shareholding of O2 Power Midco Holdings Pte. Ltd. and O2 Energy SG Pte. Ltd. by JSW Neo Energy Limited.,https://pib.gov.in/PressReleasePage.aspx?PRID=2112020
2025-03-17,acquisition,target,shareholding in Dhoot Transmission Private Limited,CCI approves the proposed acquisition of shareholding in Dhoot Transmission Private Limited by BC Asia Investments XV Limited and BC Asia Investments XVI Limited,https://pib.gov.in/PressReleasePage.aspx?PRID=2112021
2025-03-17,acquisition,acquirer,BC Asia Investments XV Limited and BC Asia Investments XVI Limited,CCI approves the proposed acquisition of shareholding in Dhoot Transmission Private Limited by BC Asia Investments XV Limited and BC Asia Investments XVI Limited,https://pib.gov.in/PressReleasePage.aspx?PRID=2112021
2025-03-17,acquisition,target,steel-making coal portfolio of Anglo American plc in Australia,CCI approves acquisition of steel-making coal portfolio of Anglo American plc in Australia by Peabody MNG Pty Ltd and Peabody SMC Pty Ltd,https://pib.gov.in/PressReleasePage.aspx?PRID=2112022
2025-03-17,acquisition,acquirer,Peabody MNG Pty Ltd and Peabody SMC Pty Ltd,CCI approves acquisition of steel-making coal portfolio of Anglo American plc in Australia by Peabody MNG Pty Ltd and Peabody SMC Pty Ltd,https://pib.gov.in/PressReleasePage.aspx?PRID=2112022
2025-03-11,acquisition,target,Greenko Energy Holdings of ORIX Corporation,Competition Commission of India (CCI) approves the acquisition of certain shareholding in Greenko Energy Holdings of ORIX Corporation by AMG Green Power B.V. and subscription of certain convertible notes of AM Green (Lux...,https://pib.gov.in/PressReleasePage.aspx?PRID=2110447
2025-03-11,acquisition,acquirer,AMG Green Power B,Competition Commission of India (CCI) approves the acquisition of certain shareholding in Greenko Energy Holdings of ORIX Corporation by AMG Green Power B.V. and subscription of certain convertible notes of AM Green (Lux...,https://pib.gov.in/PressReleasePage.aspx?PRID=2110447
2025-03-05,acquisition,target,KSK Mahanadi Power Company Limited,CCI approves proposed acquisition of 100% shareholding in KSK Mahanadi Power Company Limited by JSW Energy Limited,https://pib.gov.in/PressReleasePage.aspx?PRID=2108310
2025-03-05,acquisition,acquirer,JSW Energy Limited,CCI approves proposed acquisition of 100% shareholding in KSK Mahanadi Power Company Limited by JSW Energy Limited,https://pib.gov.in/PressReleasePage.aspx?PRID=2108310
2025-03-05,acquisition,target,Raj Petro Specialities Private Limited,CCI approves the proposed acquisition of 100% equity share capital of Raj Petro Specialities Private Limited by Shell Deutschland GmbH and Shell Overseas Investments B.V.,https://pib.gov.in/PressReleasePage.aspx?PRID=2108313
2025-03-05,acquisition,acquirer,Shell Deutschland GmbH and Shell Overseas Investments B,CCI approves the proposed acquisition of 100% equity share capital of Raj Petro Specialities Private Limited by Shell Deutschland GmbH and Shell Overseas Investments B.V.,https://pib.gov.in/PressReleasePage.aspx?PRID=2108313
2025-03-05,acquisition,target,Orient Cement Limited,CCI approves the proposed acquisition of up to 72.8% shareholding of Orient Cement Limited by Ambuja Cements Limited,https://pib.gov.in/PressReleasePage.aspx?PRID=2108314
2025-03-05,acquisition,acquirer,Ambuja Cements Limited,CCI approves the proposed acquisition of up to 72.8% shareholding of Orient Cement Limited by Ambuja Cements Limited,https://pib.gov.in/PressReleasePage.aspx?PRID=2108314
2025-03-05,acquisition,target,Schott Poonawalla Private Limited,CCI approves the proposed acquisition of certain shareholding of Schott Poonawalla Private Limited by TPG Scion SG Pte. Ltd.,https://pib.gov.in/PressReleasePage.aspx?PRID=2108317
2025-03-05,acquisition,acquirer,TPG Scion SG Pte,CCI approves the proposed acquisition of certain shareholding of Schott Poonawalla Private Limited by TPG Scion SG Pte. Ltd.,https://pib.gov.in/PressReleasePage.aspx?PRID=2108317
2025-02-04,acquisition,target,POSCO - India Pune Processing Center Private Limited,CCI approves the proposed acquisition of certain shareholding in POSCO - India Pune Processing Center Private Limited by POSCO India Processing Center Private Limited,https://pib.gov.in/PressReleasePage.aspx?PRID=2099806
2025-02-04,acquisition,acquirer,POSCO India Processing Center Private Limited,CCI approves the proposed acquisition of certain shareholding in POSCO - India Pune Processing Center Private Limited by POSCO India Processing Center Private Limited,https://pib.gov.in/PressReleasePage.aspx?PRID=2099806
2025-01-28,acquisition,target,ITD Cementation India Limited,CCI approves the proposed acquisition of up to 72.64% shareholding in ITD Cementation India Limited by Renew Exim DMCC,https://pib.gov.in/PressReleasePage.aspx?PRID=2097096
2025-01-28,acquisition,acquirer,Renew Exim DMCC,CCI approves the proposed acquisition of up to 72.64% shareholding in ITD Cementation India Limited by Renew Exim DMCC,https://pib.gov.in/PressReleasePage.aspx?PRID=2097096
2025-01-21,acquisition,target,(i) AI Lenarco Midco Ltd.,CCI approves the proposed acquisition of (i) AI Lenarco Midco Ltd. by Majesty II Pte. Ltd and (ii) certain compulsory convertible debentures in Manjushree Technopack Limited from AI Lenarco by Ashoka India Equity Investm...,https://pib.gov.in/PressReleasePage.aspx?PRID=2094909
2025-01-21,acquisition,acquirer,Majesty II Pte,CCI approves the proposed acquisition of (i) AI Lenarco Midco Ltd. by Majesty II Pte. Ltd and (ii) certain compulsory convertible debentures in Manjushree Technopack Limited from AI Lenarco by Ashoka India Equity Investm...,https://pib.gov.in/PressReleasePage.aspx?PRID=2094909
2025-01-07,acquisition,target,"21 SPVs, owning renewable power generation plants, and the holding companies of certain SPVs","CCI approves the proposed acquisition of 21 SPVs, owning renewable power generation plants, and the holding companies of certain SPVs by Gentari Renewables India Pte. Ltd.",https://pib.gov.in/PressReleasePage.aspx?PRID=2090959
2025-01-07,acquisition,acquirer,Gentari Renewables India Pte,"CCI approves the proposed acquisition of 21 SPVs, owning renewable power generation plants, and the holding companies of certain SPVs by Gentari Renewables India Pte. Ltd.",https://pib.gov.in/PressReleasePage.aspx?PRID=2090959
2025-01-07,acquisition,target,Pegatron Technology India Pvt. Ltd. (Pegatron India),CCI approves the acquisition of certain shareholding of Pegatron Technology India Pvt. Ltd. (Pegatron India) by Tata Electronics Pvt. Ltd. (TEPL) and the transfer of TEL Components Pvt. Ltd.(TEL)’s business undertaking t...,https://pib.gov.in/PressReleasePage.aspx?PRID=2090960
2025-01-07,acquisition,acquirer,Tata Electronics Pvt,CCI approves the acquisition of certain shareholding of Pegatron Technology India Pvt. Ltd. (Pegatron India) by Tata Electronics Pvt. Ltd. (TEPL) and the transfer of TEL Components Pvt. Ltd.(TEL)’s business undertaking t...,https://pib.gov.in/PressReleasePage.aspx?PRID=2090960
2024-12-31,acquisition,target,all outstanding equity shares of Kellanova,"Competition Commission of India (CCI) approves the acquisition of all outstanding equity shares of Kellanova by Mars, Incorporated",https://pib.gov.in/PressReleasePage.aspx?PRID=2089050
2024-12-31,acquisition,acquirer,Mars,"Competition Commission of India (CCI) approves the acquisition of all outstanding equity shares of Kellanova by Mars, Incorporated",https://pib.gov.in/PressReleasePage.aspx?PRID=2089050
2024-12-31,acquisition,target,72.89% voting share capital in Prataap Snacks Limited,CCI approves the proposed combination involving acquisition of 72.89% voting share capital in Prataap Snacks Limited by Authum Investment & Infrastructure Limited and Ms. Mahi Madhusudan Kela,https://pib.gov.in/PressReleasePage.aspx?PRID=2089053
2024-12-31,acquisition,acquirer,Authum Investment & Infrastructure Limited and Ms,CCI approves the proposed combination involving acquisition of 72.89% voting share capital in Prataap Snacks Limited by Authum Investment & Infrastructure Limited and Ms. Mahi Madhusudan Kela,https://pib.gov.in/PressReleasePage.aspx?PRID=2089053
2024-12-17,acquisition,target,Speed JVco S.à r.l. (Target),CCI approves the acquisition of certain stake of Speed JVco S.à r.l. (Target) by Ramon Investments Pte. Ltd. (Acquirer),https://pib.gov.in/PressReleasePage.aspx?PRID=2085409
2024-12-17,acquisition,acquirer,Ramon Investments Pte,CCI approves the acquisition of certain stake of Speed JVco S.à r.l. (Target) by Ramon Investments Pte. Ltd. (Acquirer),https://pib.gov.in/PressReleasePage.aspx?PRID=2085409
2024-12-10,acquisition,target,Thyssenkrupp Electrical Steel India Private Limited,CCI approves the proposed acquisition of Thyssenkrupp Electrical Steel India Private Limited by Jsquare Electrical Steel Nashik Private Limited,https://pib.gov.in/PressReleasePage.aspx?PRID=2082972
2024-12-10,acquisition,acquirer,Jsquare Electrical Steel Nashik Private Limited,CCI approves the proposed acquisition of Thyssenkrupp Electrical Steel India Private Limited by Jsquare Electrical Steel Nashik Private Limited,https://pib.gov.in/PressReleasePage.aspx?PRID=2082972
2024-12-10,acquisition,target,Covestro AG,CCI approves acquisition of Covestro AG by Abu Dhabi National Oil Company,https://pib.gov.in/PressReleasePage.aspx?PRID=2082973
2024-12-10,acquisition,acquirer,Abu Dhabi National Oil Company,CCI approves acquisition of Covestro AG by Abu Dhabi National Oil Company,https://pib.gov.in/PressReleasePage.aspx?PRID=2082973
2024-12-10,acquisition,target,shareholding in India Business Excellence Fund – IV,CCI approves the acquisition of shareholding in India Business Excellence Fund – IV by VVDN Technologies Private Limited,https://pib.gov.in/PressReleasePage.aspx?PRID=2082975
2024-12-10,acquisition,acquirer,VVDN Technologies Private Limited,CCI approves the acquisition of shareholding in India Business Excellence Fund – IV by VVDN Technologies Private Limited,https://pib.gov.in/PressReleasePage.aspx?PRID=2082975
2024-12-10,acquisition,target,"Bagmane Developers Private Limited and Bagmane Rio Private Limited (collectively, Target Entities)","CCI approves the acquisition of certain stake in Bagmane Developers Private Limited and Bagmane Rio Private Limited (collectively, Target Entities) by BREP Asia III India Holding Co VIII Pte. Ltd. (Acquirer)",https://pib.gov.in/PressReleasePage.aspx?PRID=2082976
2024-12-10,acquisition,acquirer,BREP Asia III India Holding Co VIII Pte,"CCI approves the acquisition of certain stake in Bagmane Developers Private Limited and Bagmane Rio Private Limited (collectively, Target Entities) by BREP Asia III India Holding Co VIII Pte. Ltd. (Acquirer)",https://pib.gov.in/PressReleasePage.aspx?PRID=2082976
2024-12-03,acquisition,target,Shiprocket Private Limited,"CCI approves the acquisition of certain shareholding in Shiprocket Private Limited by KDT Venture Holdings, LLC",https://pib.gov.in/PressReleasePage.aspx?PRID=2080290
2024-12-03,acquisition,acquirer,KDT Venture Holdings,"CCI approves the acquisition of certain shareholding in Shiprocket Private Limited by KDT Venture Holdings, LLC",https://pib.gov.in/PressReleasePage.aspx?PRID=2080290
2024-12-03,acquisition,target,Shiprocket Private Limited,"CCI approves the acquisition of certain shareholding of Shiprocket Private Limited by MUFG Bank, Ltd.",https://pib.gov.in/PressReleasePage.aspx?PRID=2080293
2024-12-03,acquisition,acquirer,MUFG Bank,"CCI approves the acquisition of certain shareholding of Shiprocket Private Limited by MUFG Bank, Ltd.",https://pib.gov.in/PressReleasePage.aspx?PRID=2080293
2024-11-26,acquisition,target,"standard unsecured personal loans portfolio of Standard Chartered Bank, India Branch","CCI approves the proposed combination involving the acquisition of standard unsecured personal loans portfolio of Standard Chartered Bank, India Branch by Kotak Mahindra Bank Limited.",https://pib.gov.in/PressReleasePage.aspx?PRID=2077667
2024-11-26,acquisition,acquirer,Kotak Mahindra Bank Limited,"CCI approves the proposed combination involving the acquisition of standard unsecured personal loans portfolio of Standard Chartered Bank, India Branch by Kotak Mahindra Bank Limited.",https://pib.gov.in/PressReleasePage.aspx?PRID=2077667
2024-11-26,acquisition,target,additional securities of DMI Finance Private Limited,"CCI approves the acquisition of additional securities of DMI Finance Private Limited by MUFG Bank, Ltd.",https://pib.gov.in/PressReleasePage.aspx?PRID=2077668
2024-11-26,acquisition,acquirer,MUFG Bank,"CCI approves the acquisition of additional securities of DMI Finance Private Limited by MUFG Bank, Ltd.",https://pib.gov.in/PressReleasePage.aspx?PRID=2077668
2024-11-26,acquisition,target,shares in Rebel Foods Private Limited,CCI approves the proposed acquisition of shares in Rebel Foods Private Limited by Jongsong Investments Pte. Ltd.,https://pib.gov.in/PressReleasePage.aspx?PRID=2077669
2024-11-26,acquisition,acquirer,Jongsong Investments Pte,CCI approves the proposed acquisition of shares in Rebel Foods Private Limited by Jongsong Investments Pte. Ltd.,https://pib.gov.in/PressReleasePage.aspx?PRID=2077669
2024-11-05,acquisition,target,shares of STT GDC Pte. Ltd,CCI approves acquisition of shares of STT GDC Pte. Ltd by Ruby Asia Holdings II Pte. Ltd. and Singtel Interactive Pte. Ltd. subject to compliance of certain voluntary commitments submitted by the parties,https://pib.gov.in/PressReleasePage.aspx?PRID=2070984
2024-11-05,acquisition,acquirer,Ruby Asia Holdings II Pte,CCI approves acquisition of shares of STT GDC Pte. Ltd by Ruby Asia Holdings II Pte. Ltd. and Singtel Interactive Pte. Ltd. subject to compliance of certain voluntary commitments submitted by the parties,https://pib.gov.in/PressReleasePage.aspx?PRID=2070984
2024-10-29,acquisition,target,"Thoughtworks Holding, Inc.","CCI approves the proposed combination involving acquisition of additional shareholding in Thoughtworks Holding, Inc. by AP Funds and Temasek",https://pib.gov.in/PressReleasePage.aspx?PRID=2069427
2024-10-29,acquisition,acquirer,AP Funds and Temasek,"CCI approves the proposed combination involving acquisition of additional shareholding in Thoughtworks Holding, Inc. by AP Funds and Temasek",https://pib.gov.in/PressReleasePage.aspx?PRID=2069427
2024-10-22,acquisition,target,Aavas Financiers Limited,CCI approves the proposed acquisition of Aavas Financiers Limited by Aquilo House Pte. Ltd.,https://pib.gov.in/PressReleasePage.aspx?PRID=2067175
2024-10-22,acquisition,acquirer,Aquilo House Pte,CCI approves the proposed acquisition of Aavas Financiers Limited by Aquilo House Pte. Ltd.,https://pib.gov.in/PressReleasePage.aspx?PRID=2067175
2024-10-15,acquisition,target,Future Generali India Insurance,CCI approves the proposed acquisition of 24.91% shareholding in Future Generali India Insurance by Central Bank of India,https://pib.gov.in/PressReleasePage.aspx?PRID=2065078
2024-10-15,acquisition,acquirer,Central Bank of India,CCI approves the proposed acquisition of 24.91% shareholding in Future Generali India Insurance by Central Bank of India,https://pib.gov.in/PressReleasePage.aspx?PRID=2065078
2024-10-09,acquisition,target,42.99% of the total paid up share capital of JM Financial Credit Solutions Limited,CCI approves acquisition of 42.99% of the total paid up share capital of JM Financial Credit Solutions Limited by JM Financial Limited,https://pib.gov.in/PressReleasePage.aspx?PRID=2063390
2024-10-09,acquisition,acquirer,JM Financial Limited,CCI approves acquisition of 42.99% of the total paid up share capital of JM Financial Credit Solutions Limited by JM Financial Limited,https://pib.gov.in/PressReleasePage.aspx?PRID=2063390
2024-10-02,acquisition,target,Bharat Serums and Vaccines Limited,CCI approves acquisition of Bharat Serums and Vaccines Limited by Mankind Pharma Ltd.,https://pib.gov.in/PressReleasePage.aspx?PRID=2061070
2024-10-02,acquisition,acquirer,Mankind Pharma Ltd,CCI approves acquisition of Bharat Serums and Vaccines Limited by Mankind Pharma Ltd.,https://pib.gov.in/PressReleasePage.aspx?PRID=2061070
2024-09-24,acquisition,target,shares of Home Credit India Finance Private Limited,"CCI approves acquisition of shares of Home Credit India Finance Private Limited by TVS Holdings Ltd., STPL Trading and Services Private Limited and PI Opportunities Fund-II and acquisition of shares of STPL Trading and S...",https://pib.gov.in/PressReleasePage.aspx?PRID=2060280
2024-09-24,acquisition,acquirer,TVS Holdings Ltd,"CCI approves acquisition of shares of Home Credit India Finance Private Limited by TVS Holdings Ltd., STPL Trading and Services Private Limited and PI Opportunities Fund-II and acquisition of shares of STPL Trading and S...",https://pib.gov.in/PressReleasePage.aspx?PRID=2060280
2024-08-20,acquisition,target,shareholding in Shriram Housing Finance Limited,CCI approves acquisition of shareholding in Shriram Housing Finance Limited by Mango Crest Investment Ltd.,https://pib.gov.in/PressReleasePage.aspx?PRID=2047064
2024-08-20,acquisition,acquirer,Mango Crest Investment Ltd,CCI approves acquisition of shareholding in Shriram Housing Finance Limited by Mango Crest Investment Ltd.,https://pib.gov.in/PressReleasePage.aspx?PRID=2047064
2024-08-20,acquisition,target,shareholding in each of Invesco Asset Management (India) Private Limited and Invesco Trustee Private Limited,Commission approves acquisition of shareholding in each of Invesco Asset Management (India) Private Limited and Invesco Trustee Private Limited by IndusInd International Holdings Limited,https://pib.gov.in/PressReleasePage.aspx?PRID=2047065
2024-08-20,acquisition,acquirer,IndusInd International Holdings Limited,Commission approves acquisition of shareholding in each of Invesco Asset Management (India) Private Limited and Invesco Trustee Private Limited by IndusInd International Holdings Limited,https://pib.gov.in/PressReleasePage.aspx?PRID=2047065
2024-08-07,acquisition,target,"100% equity stake, management and control in 12 special purpose vehicles of PNC Infratech Limited and PNC Infra Holdings","CCI approves acquisition of 100% equity stake, management and control in 12 special purpose vehicles of PNC Infratech Limited and PNC Infra Holdings by Highway Infrastructure Trust",https://pib.gov.in/PressReleasePage.aspx?PRID=2042791
2024-08-07,acquisition,acquirer,Highway Infrastructure Trust,"CCI approves acquisition of 100% equity stake, management and control in 12 special purpose vehicles of PNC Infratech Limited and PNC Infra Holdings by Highway Infrastructure Trust",https://pib.gov.in/PressReleasePage.aspx?PRID=2042791
2024-08-07,acquisition,target,100% of share capital of ATC Telecom Infrastructure Private Limited,CCI approves acquisition of 100% of share capital of ATC Telecom Infrastructure Private Limited by Data Infrastructure Trust and certain inter-connected transactions,https://pib.gov.in/PressReleasePage.aspx?PRID=2042796
2024-08-07,acquisition,acquirer,Data Infrastructure Trust and certain inter-connected transactions,CCI approves acquisition of 100% of share capital of ATC Telecom Infrastructure Private Limited by Data Infrastructure Trust and certain inter-connected transactions,https://pib.gov.in/PressReleasePage.aspx?PRID=2042796
2024-07-30,acquisition,target,Viterra,CCI approves acquisition of 100% share capital of Viterra by Bunge,https://pib.gov.in/PressReleasePage.aspx?PRID=2039227
2024-07-30,acquisition,acquirer,Bunge,CCI approves acquisition of 100% share capital of Viterra by Bunge,https://pib.gov.in/PressReleasePage.aspx?PRID=2039227
2024-07-30,acquisition,target,equity shares of Mangalore Chemicals & Fertilizers Limited,CCI approves amalgamation of Mangalore Chemicals & Fertilizers with Paradeep Phosphates Limited and acquisition of equity shares of Mangalore Chemicals & Fertilizers Limited by Zuari Maroc Phosphates Private Limited,https://pib.gov.in/PressReleasePage.aspx?PRID=2039229
2024-07-30,acquisition,acquirer,Zuari Maroc Phosphates Private Limited,CCI approves amalgamation of Mangalore Chemicals & Fertilizers with Paradeep Phosphates Limited and acquisition of equity shares of Mangalore Chemicals & Fertilizers Limited by Zuari Maroc Phosphates Private Limited,https://pib.gov.in/PressReleasePage.aspx?PRID=2039229
2024-07-18,acquisition,target,Arjas Steel Private Limited and Arjas Modern Steel Private Limited,CCI approves indirect controlling acquisition of Arjas Steel Private Limited and Arjas Modern Steel Private Limited by Sandur Manganese & Iron Ores Limited and BAG Holdings Private Limited,https://pib.gov.in/PressReleasePage.aspx?PRID=2034120
2024-07-18,acquisition,acquirer,Sandur Manganese & Iron Ores Limited and BAG Holdings Private Limited,CCI approves indirect controlling acquisition of Arjas Steel Private Limited and Arjas Modern Steel Private Limited by Sandur Manganese & Iron Ores Limited and BAG Holdings Private Limited,https://pib.gov.in/PressReleasePage.aspx?PRID=2034120
2024-07-18,acquisition,target,ordinary shares of Berhyanda and Berhyanda MidCo,CCI approves acquisition of ordinary shares of Berhyanda and Berhyanda MidCo by Platinum Poppy,https://pib.gov.in/PressReleasePage.aspx?PRID=2034123
2024-07-18,acquisition,acquirer,Platinum Poppy,CCI approves acquisition of ordinary shares of Berhyanda and Berhyanda MidCo by Platinum Poppy,https://pib.gov.in/PressReleasePage.aspx?PRID=2034123
2024-06-25,acquisition,target,Cigniti,CCI approves acquisition of certain equity shares of Cigniti by Coforge,https://pib.gov.in/PressReleasePage.aspx?PRID=2028642
2024-06-25,acquisition,acquirer,Coforge,CCI approves acquisition of certain equity shares of Cigniti by Coforge,https://pib.gov.in/PressReleasePage.aspx?PRID=2028642
2024-06-25,acquisition,target,Sneha Farms Private Limited,"CCI approves acquisition of certain equity shares of Sneha Farms Private Limited by Mitsui & Co., Ltd.",https://pib.gov.in/PressReleasePage.aspx?PRID=2028645
2024-06-25,acquisition,acquirer,Mitsui & Co,"CCI approves acquisition of certain equity shares of Sneha Farms Private Limited by Mitsui & Co., Ltd.",https://pib.gov.in/PressReleasePage.aspx?PRID=2028645
2024-06-11,acquisition,target,TVS Certified Private Limited and TVS Vehicle Mobility Solution Private Limited,CCI approves acquisition of certain equity stake of TVS Certified Private Limited and TVS Vehicle Mobility Solution Private Limited by Mitsubishi Corporation,https://pib.gov.in/PressReleasePage.aspx?PRID=2024369
2024-06-11,acquisition,acquirer,Mitsubishi Corporation,CCI approves acquisition of certain equity stake of TVS Certified Private Limited and TVS Vehicle Mobility Solution Private Limited by Mitsubishi Corporation,https://pib.gov.in/PressReleasePage.aspx?PRID=2024369
2024-06-11,acquisition,target,"Global Infrastructure Management, LLC","CCI approves acquisition of Global Infrastructure Management, LLC by BlackRock Funding, Inc.",https://pib.gov.in/PressReleasePage.aspx?PRID=2024371
2024-06-11,acquisition,acquirer,BlackRock Funding,"CCI approves acquisition of Global Infrastructure Management, LLC by BlackRock Funding, Inc.",https://pib.gov.in/PressReleasePage.aspx?PRID=2024371
2024-05-07,acquisition,target,Sikkim Urja Limited (formerly Teesta Urja Limited),CCI approves acquisition of additional shares in Sikkim Urja Limited (formerly Teesta Urja Limited) by Greenko Energies Private Limited,https://pib.gov.in/PressReleasePage.aspx?PRID=2019893
2024-05-07,acquisition,acquirer,Greenko Energies Private Limited,CCI approves acquisition of additional shares in Sikkim Urja Limited (formerly Teesta Urja Limited) by Greenko Energies Private Limited,https://pib.gov.in/PressReleasePage.aspx?PRID=2019893
2024-04-30,acquisition,target,15.43% shareholding,CCI approves acquisition of 15.43% shareholding by Sanyo Special Steel Co. Ltd. in Sanyo Special Steel Manufacturing India Private Limited from Mitsui & Co. Ltd.,https://pib.gov.in/PressReleasePage.aspx?PRID=2019229
2024-04-30,acquisition,acquirer,Sanyo Special Steel Co,CCI approves acquisition of 15.43% shareholding by Sanyo Special Steel Co. Ltd. in Sanyo Special Steel Manufacturing India Private Limited from Mitsui & Co. Ltd.,https://pib.gov.in/PressReleasePage.aspx?PRID=2019229
2024-04-16,acquisition,target,stake in PAMP Technologies (India) Private Limited and MMTC PAMP India Private Limited,CCI approves acquisition of stake in PAMP Technologies (India) Private Limited and MMTC PAMP India Private Limited by PAMP Ventures SA,https://pib.gov.in/PressReleasePage.aspx?PRID=2018076
2024-04-16,acquisition,acquirer,PAMP Ventures SA,CCI approves acquisition of stake in PAMP Technologies (India) Private Limited and MMTC PAMP India Private Limited by PAMP Ventures SA,https://pib.gov.in/PressReleasePage.aspx?PRID=2018076
2024-04-02,acquisition,target,Annapurna Finance Private Limited and subscription to its certain debentures,CCI approves acquisition of 10.39% shareholding of Annapurna Finance Private Limited and subscription to its certain debentures by Piramal Alternatives Trust,https://pib.gov.in/PressReleasePage.aspx?PRID=2016984
2024-04-02,acquisition,acquirer,Piramal Alternatives Trust,CCI approves acquisition of 10.39% shareholding of Annapurna Finance Private Limited and subscription to its certain debentures by Piramal Alternatives Trust,https://pib.gov.in/PressReleasePage.aspx?PRID=2016984
2024-03-26,acquisition,target,Lanco Amarkantak Power Limited,CCI approves 100% acquisition of Lanco Amarkantak Power Limited by Adani Power Limited,https://pib.gov.in/PressReleasePage.aspx?PRID=2016413
2024-03-26,acquisition,acquirer,Adani Power Limited,CCI approves 100% acquisition of Lanco Amarkantak Power Limited by Adani Power Limited,https://pib.gov.in/PressReleasePage.aspx?PRID=2016413
2024-03-19,acquisition,target,Shriram Investment Holdings Private Limited,CCI approves acquisition of certain shareholding of Shriram Investment Holdings Private Limited by Shriram Ownership Trust.,https://pib.gov.in/PressReleasePage.aspx?PRID=2015578
2024-03-19,acquisition,acquirer,Shriram Ownership Trust,CCI approves acquisition of certain shareholding of Shriram Investment Holdings Private Limited by Shriram Ownership Trust.,https://pib.gov.in/PressReleasePage.aspx?PRID=2015578
2024-03-19,acquisition,target,Kesoram Cement Business from Kesoram Industries Limited,CCI approves acquisition of Kesoram Cement Business from Kesoram Industries Limited by UltraTech Cement Limited,https://pib.gov.in/PressReleasePage.aspx?PRID=2015579
2024-03-19,acquisition,acquirer,UltraTech Cement Limited,CCI approves acquisition of Kesoram Cement Business from Kesoram Industries Limited by UltraTech Cement Limited,https://pib.gov.in/PressReleasePage.aspx?PRID=2015579
2024-03-12,acquisition,target,stake in Asian Institute of Nephrology and Urology Private Limited,CCI approves acquisition of stake in Asian Institute of Nephrology and Urology Private Limited by TPG Growth V SF Markets Pte. Ltd. and Waverly Pte. Ltd. through Asia Healthcare Holdings Pte. Ltd.,https://pib.gov.in/PressReleasePage.aspx?PRID=2013929
2024-03-12,acquisition,acquirer,TPG Growth V SF Markets Pte,CCI approves acquisition of stake in Asian Institute of Nephrology and Urology Private Limited by TPG Growth V SF Markets Pte. Ltd. and Waverly Pte. Ltd. through Asia Healthcare Holdings Pte. Ltd.,https://pib.gov.in/PressReleasePage.aspx?PRID=2013929
2024-02-20,acquisition,target,up to 8.79% (approx.) of equity share capital of Pricol Limited,CCI approves acquisition of up to 8.79% (approx.) of equity share capital of Pricol Limited by Minda Corporation Limited,https://pib.gov.in/PressReleasePage.aspx?PRID=2007471
2024-02-20,acquisition,acquirer,Minda Corporation Limited,CCI approves acquisition of up to 8.79% (approx.) of equity share capital of Pricol Limited by Minda Corporation Limited,https://pib.gov.in/PressReleasePage.aspx?PRID=2007471
2024-02-13,acquisition,target,Coastal Energen Private Limited,CCI approves acquisition of 100% shareholding of Coastal Energen Private Limited by Dickey Alternative Investment Trust and Adani Power Limited,https://pib.gov.in/PressReleasePage.aspx?PRID=2005804
2024-02-13,acquisition,acquirer,Dickey Alternative Investment Trust and Adani Power Limited,CCI approves acquisition of 100% shareholding of Coastal Energen Private Limited by Dickey Alternative Investment Trust and Adani Power Limited,https://pib.gov.in/PressReleasePage.aspx?PRID=2005804
2024-02-06,acquisition,target,70% stake,CCI approves acquisition of 70% stake by Zurich Insurance Company Ltd. in Kotak Mahindra General Insurance Company Limited,https://pib.gov.in/PressReleasePage.aspx?PRID=2003315
2024-02-06,acquisition,acquirer,Zurich Insurance Company Ltd,CCI approves acquisition of 70% stake by Zurich Insurance Company Ltd. in Kotak Mahindra General Insurance Company Limited,https://pib.gov.in/PressReleasePage.aspx?PRID=2003315
2024-01-31,acquisition,target,API Holdings Limited,CCI approves acquisition of additional shares of API Holdings Limited by Naspers Ventures B.V.,https://pib.gov.in/PressReleasePage.aspx?PRID=2000725
2024-01-31,acquisition,acquirer,Naspers Ventures B,CCI approves acquisition of additional shares of API Holdings Limited by Naspers Ventures B.V.,https://pib.gov.in/PressReleasePage.aspx?PRID=2000725
2024-01-24,acquisition,target,Wistron Infocomm Manufacturing (India) Private Limited,CCI approves 100% acquisition of Wistron Infocomm Manufacturing (India) Private Limited by Tata Electronics Private Limited,https://pib.gov.in/PressReleasePage.aspx?PRID=1999115
2024-01-24,acquisition,acquirer,Tata Electronics Private Limited,CCI approves 100% acquisition of Wistron Infocomm Manufacturing (India) Private Limited by Tata Electronics Private Limited,https://pib.gov.in/PressReleasePage.aspx?PRID=1999115
2024-01-24,acquisition,target,up to ~38% of share capital of MG Motor India Private Limited,CCI approves acquisition of up to ~38% of share capital of MG Motor India Private Limited by JSW Ventures Singapore Pte. Limited,https://pib.gov.in/PressReleasePage.aspx?PRID=1999118
2024-01-24,acquisition,acquirer,JSW Ventures Singapore Pte,CCI approves acquisition of up to ~38% of share capital of MG Motor India Private Limited by JSW Ventures Singapore Pte. Limited,https://pib.gov.in/PressReleasePage.aspx?PRID=1999118
2024-01-24,acquisition,target,shareholding in Religare Enterprises Limited,"CCI approves acquisition of shareholding in Religare Enterprises Limited by Puran Associates Private Limited, M.B. Finmart Private Limited, and VIC Enterprises Private Limited, Milky Investment and Trading Company",https://pib.gov.in/PressReleasePage.aspx?PRID=1999119
2024-01-24,acquisition,acquirer,Puran Associates Private Limited,"CCI approves acquisition of shareholding in Religare Enterprises Limited by Puran Associates Private Limited, M.B. Finmart Private Limited, and VIC Enterprises Private Limited, Milky Investment and Trading Company",https://pib.gov.in/PressReleasePage.aspx?PRID=1999119
2024-01-16,amalgamation,target,Shriram LI Holdings Private Limited,CCI approves amalgamation of Shriram LI Holdings Private Limited with Shriram Life Insurance Company Limited,https://pib.gov.in/PressReleasePage.aspx?PRID=1996783
2024-01-16,amalgamation,acquirer,Shriram Life Insurance Company Limited,CCI approves amalgamation of Shriram LI Holdings Private Limited with Shriram Life Insurance Company Limited,https://pib.gov.in/PressReleasePage.aspx?PRID=1996783
2024-01-16,amalgamation,target,Shriram GI Holdings Private Limited,Competition Commission of India (CCI) approves amalgamation of Shriram GI Holdings Private Limited with Shriram General Insurance Company Limited.,https://pib.gov.in/PressReleasePage.aspx?PRID=1996785
2024-01-16,amalgamation,acquirer,Shriram General Insurance Company Limited,Competition Commission of India (CCI) approves amalgamation of Shriram GI Holdings Private Limited with Shriram General Insurance Company Limited.,https://pib.gov.in/PressReleasePage.aspx?PRID=1996785
2024-01-09,acquisition,target,remaining 30% equity stake in Signet Excipients Private Limited,CCI approves acquisition of remaining 30% equity stake in Signet Excipients Private Limited by IMCD India Private Limited,https://pib.gov.in/PressReleasePage.aspx?PRID=1994633
2024-01-09,acquisition,acquirer,IMCD India Private Limited,CCI approves acquisition of remaining 30% equity stake in Signet Excipients Private Limited by IMCD India Private Limited,https://pib.gov.in/PressReleasePage.aspx?PRID=1994633
2024-01-02,acquisition,target,GVK Power (Goindwal Sahib) Limited,CCI approves acquisition of 100% shareholding of GVK Power (Goindwal Sahib) Limited by Punjab State Power Corporation Ltd.,https://pib.gov.in/PressReleasePage.aspx?PRID=1992500
2024-01-02,acquisition,acquirer,Punjab State Power Corporation Ltd,CCI approves acquisition of 100% shareholding of GVK Power (Goindwal Sahib) Limited by Punjab State Power Corporation Ltd.,https://pib.gov.in/PressReleasePage.aspx?PRID=1992500
2023-12-27,acquisition,target,control/stake in Reliance Capital Limited,"CCI approves acquisition of control/stake in Reliance Capital Limited by IndusInd International Holdings Limited, IIHL BFSI (India) Limited, and Aasia Enterprises LLP",https://pib.gov.in/PressReleasePage.aspx?PRID=1991029
2023-12-27,acquisition,acquirer,IndusInd International Holdings Limited,"CCI approves acquisition of control/stake in Reliance Capital Limited by IndusInd International Holdings Limited, IIHL BFSI (India) Limited, and Aasia Enterprises LLP",https://pib.gov.in/PressReleasePage.aspx?PRID=1991029
2023-12-19,acquisition,target,majority shareholding of Glenmark Life Sciences Limited,CCI approves acquisition of majority shareholding of Glenmark Life Sciences Limited by Nirma Limited,https://pib.gov.in/PressReleasePage.aspx?PRID=1988450
2023-12-19,acquisition,acquirer,Nirma Limited,CCI approves acquisition of majority shareholding of Glenmark Life Sciences Limited by Nirma Limited,https://pib.gov.in/PressReleasePage.aspx?PRID=1988450
2023-11-29,acquisition,target,shareholding in Delanord Investments,CCI approves acquisition of shareholding in Delanord Investments by Abu Dhabi Ports Company,https://pib.gov.in/PressReleasePage.aspx?PRID=1980960
2023-11-29,acquisition,acquirer,Abu Dhabi Ports Company,CCI approves acquisition of shareholding in Delanord Investments by Abu Dhabi Ports Company,https://pib.gov.in/PressReleasePage.aspx?PRID=1980960
2023-11-21,acquisition,target,CaratLane,CCI approves acquisition of additional shareholding in CaratLane by Titan,https://pib.gov.in/PressReleasePage.aspx?PRID=1978613
2023-11-21,acquisition,acquirer,Titan,CCI approves acquisition of additional shareholding in CaratLane by Titan,https://pib.gov.in/PressReleasePage.aspx?PRID=1978613
2023-11-06,acquisition,target,BALIC,"CCI approves acquisition of certain stake of BALIC by BLVPL, from AXA India Holdings and acquisition of certain shareholding of BMSL by BEL from Societe Beaujon",https://pib.gov.in/PressReleasePage.aspx?PRID=1975200
2023-11-06,acquisition,acquirer,BLVPL,"CCI approves acquisition of certain stake of BALIC by BLVPL, from AXA India Holdings and acquisition of certain shareholding of BMSL by BEL from Societe Beaujon",https://pib.gov.in/PressReleasePage.aspx?PRID=1975200
2023-11-06,acquisition,target,Indo Rama Synthetics (India) Limited (IRSL),CCI approves acquisition of 20.51% equity shares of Indo Rama Synthetics (India) Limited (IRSL) by Mr. Aloke Lohia from Brookgrange Investment Limited and transfer of 20.51% equity shares of IRSL to Ms. Urmila Lohia by M...,https://pib.gov.in/PressReleasePage.aspx?PRID=1975202
2023-11-06,acquisition,acquirer,Mr. Aloke Lohia,CCI approves acquisition of 20.51% equity shares of Indo Rama Synthetics (India) Limited (IRSL) by Mr. Aloke Lohia from Brookgrange Investment Limited and transfer of 20.51% equity shares of IRSL to Ms. Urmila Lohia by M...,https://pib.gov.in/PressReleasePage.aspx?PRID=1975202
2023-09-20,acquisition,target,72.49% stake (approx.) in Quality Care India,CCI approves acquisition of 72.49% stake (approx.) in Quality Care India by BCP Asia II,https://pib.gov.in/PressReleasePage.aspx?PRID=1959116
2023-09-20,acquisition,acquirer,BCP Asia II,CCI approves acquisition of 72.49% stake (approx.) in Quality Care India by BCP Asia II,https://pib.gov.in/PressReleasePage.aspx?PRID=1959116
2023-09-20,acquisition,target,approximately 24.16% of total equity shareholding in Quality Care India Limited,CCI approves acquisition of approximately 24.16% of total equity shareholding in Quality Care India Limited by Centella Mauritius Holdings Limited,https://pib.gov.in/PressReleasePage.aspx?PRID=1959117
2023-09-20,acquisition,acquirer,Centella Mauritius Holdings Limited,CCI approves acquisition of approximately 24.16% of total equity shareholding in Quality Care India Limited by Centella Mauritius Holdings Limited,https://pib.gov.in/PressReleasePage.aspx?PRID=1959117
2023-09-01,acquisition,target,certain shareholding,"CCI approves merger of Tata SIA Airlines into Air India, and acquisition of certain shareholding by Singapore Airlines in Air India",https://pib.gov.in/PressReleasePage.aspx?PRID=1954178
2023-09-01,acquisition,acquirer,Singapore Airlines in Air India,"CCI approves merger of Tata SIA Airlines into Air India, and acquisition of certain shareholding by Singapore Airlines in Air India",https://pib.gov.in/PressReleasePage.aspx?PRID=1954178
2023-08-29,acquisition,target,"Brillio Holdings, Inc.","CCI approves acquisition of certain shareholding in Brillio Holdings, Inc. by Orogen-Brunson L.P.",https://pib.gov.in/PressReleasePage.aspx?PRID=1953326
2023-08-29,acquisition,acquirer,Orogen-Brunson L,"CCI approves acquisition of certain shareholding in Brillio Holdings, Inc. by Orogen-Brunson L.P.",https://pib.gov.in/PressReleasePage.aspx?PRID=1953326
2023-08-16,acquisition,target,IBS Software Pte Limited,CCI approves acquisition of certain stake of IBS Software Pte Limited by Pelipper HoldCo SARL,https://pib.gov.in/PressReleasePage.aspx?PRID=1949671
2023-08-16,acquisition,acquirer,Pelipper HoldCo SARL,CCI approves acquisition of certain stake of IBS Software Pte Limited by Pelipper HoldCo SARL,https://pib.gov.in/PressReleasePage.aspx?PRID=1949671
2023-08-08,acquisition,target,90% of shareholding and voting rights of HDFC Credila Financial Services Limited,"CCI approves proposed combination involving acquisition of 90% of shareholding and voting rights of HDFC Credila Financial Services Limited by Kopvoorn B.V., Moss Investments Limited, Infinity Partners and Defati Investm...",https://pib.gov.in/PressReleasePage.aspx?PRID=1946853
2023-08-08,acquisition,acquirer,Kopvoorn B,"CCI approves proposed combination involving acquisition of 90% of shareholding and voting rights of HDFC Credila Financial Services Limited by Kopvoorn B.V., Moss Investments Limited, Infinity Partners and Defati Investm...",https://pib.gov.in/PressReleasePage.aspx?PRID=1946853
2023-07-27,acquisition,target,shareholding up to 59.38% of Unichem Laboratories Limited,CCI approves proposed combination involving acquisition of shareholding up to 59.38% of Unichem Laboratories Limited by Ipca Laboratories Limited,https://pib.gov.in/PressReleasePage.aspx?PRID=1943378
2023-07-27,acquisition,acquirer,Ipca Laboratories Limited,CCI approves proposed combination involving acquisition of shareholding up to 59.38% of Unichem Laboratories Limited by Ipca Laboratories Limited,https://pib.gov.in/PressReleasePage.aspx?PRID=1943378
2023-06-27,acquisition,target,TCNS Clothing Co. Limited,CCI approves acquisition of TCNS Clothing Co. Limited by Aditya Birla Fashion and Retail Limited,https://pib.gov.in/PressReleasePage.aspx?PRID=1935673
2023-06-27,acquisition,acquirer,Aditya Birla Fashion and Retail Limited,CCI approves acquisition of TCNS Clothing Co. Limited by Aditya Birla Fashion and Retail Limited,https://pib.gov.in/PressReleasePage.aspx?PRID=1935673
2023-06-20,acquisition,target,HDFC Life Insurance Company Limited,CCI approves acquisition of additional shareholding of HDFC Life Insurance Company Limited by Housing Development Finance Corporation Limited,https://pib.gov.in/PressReleasePage.aspx?PRID=1933711
2023-06-20,acquisition,acquirer,Housing Development Finance Corporation Limited,CCI approves acquisition of additional shareholding of HDFC Life Insurance Company Limited by Housing Development Finance Corporation Limited,https://pib.gov.in/PressReleasePage.aspx?PRID=1933711
2023-06-13,acquisition,target,Ambit Private Limited,CCI approves acquisition of certain shareholding in Ambit Private Limited by Daiwa International Holdings Inc.,https://pib.gov.in/PressReleasePage.aspx?PRID=1932099
2023-06-13,acquisition,acquirer,Daiwa International Holdings Inc,CCI approves acquisition of certain shareholding in Ambit Private Limited by Daiwa International Holdings Inc.,https://pib.gov.in/PressReleasePage.aspx?PRID=1932099
2023-06-07,acquisition,target,Acko Tech,CCI approves acquisition of additional stake in Acko Tech by General Atlantic,https://pib.gov.in/PressReleasePage.aspx?PRID=1930504
2023-06-07,acquisition,acquirer,General Atlantic,CCI approves acquisition of additional stake in Acko Tech by General Atlantic,https://pib.gov.in/PressReleasePage.aspx?PRID=1930504
2023-05-03,acquisition,target,shareholding of Tower Vision India Private Limited,CCI approves acquisition of shareholding of Tower Vision India Private Limited by Ascend Telecom Infrastructure Private Limited and GIP EM Ascend 2 Pte. Ltd.,https://pib.gov.in/PressReleasePage.aspx?PRID=1921747
2023-05-03,acquisition,acquirer,Ascend Telecom Infrastructure Private Limited and GIP EM Ascend 2 Pte,CCI approves acquisition of shareholding of Tower Vision India Private Limited by Ascend Telecom Infrastructure Private Limited and GIP EM Ascend 2 Pte. Ltd.,https://pib.gov.in/PressReleasePage.aspx?PRID=1921747
2023-04-20,acquisition,target,up to 76.10% of voting share capital of Suven Pharmaceuticals Limited,CCI approves acquisition of up to 76.10% of voting share capital of Suven Pharmaceuticals Limited by Berhyanda Limited,https://pib.gov.in/PressReleasePage.aspx?PRID=1918371
2023-04-20,acquisition,acquirer,Berhyanda Limited,CCI approves acquisition of up to 76.10% of voting share capital of Suven Pharmaceuticals Limited by Berhyanda Limited,https://pib.gov.in/PressReleasePage.aspx?PRID=1918371
2023-04-12,acquisition,target,stake in Mukand Sumi Special Steel Limited,CCI approves acquisition of stake in Mukand Sumi Special Steel Limited by Jamnalal Sons Private Limited from Mukand Limited,https://pib.gov.in/PressReleasePage.aspx?PRID=1915970
2023-04-12,acquisition,acquirer,Jamnalal Sons Private Limited,CCI approves acquisition of stake in Mukand Sumi Special Steel Limited by Jamnalal Sons Private Limited from Mukand Limited,https://pib.gov.in/PressReleasePage.aspx?PRID=1915970
2023-04-12,acquisition,target,BTS Investment 1 Pte. Ltd. and Bodhi Tree Systems VCC,"CCI approves acquisition of certain shareholding of BTS Investment 1 Pte. Ltd. and Bodhi Tree Systems VCC by NBC Universal Media, LLC a wholly-owned subsidiary of Comcast Corporation",https://pib.gov.in/PressReleasePage.aspx?PRID=1915972
2023-04-12,acquisition,acquirer,NBC Universal Media,"CCI approves acquisition of certain shareholding of BTS Investment 1 Pte. Ltd. and Bodhi Tree Systems VCC by NBC Universal Media, LLC a wholly-owned subsidiary of Comcast Corporation",https://pib.gov.in/PressReleasePage.aspx?PRID=1915972
2023-04-03,acquisition,target,C-Flex India Entities,"CCI approves share-swap for acquisition of C-Flex India Entities by SBP from C-Flex, in consideration for which C-Flex will be issued certain shareholding in SBP",https://pib.gov.in/PressReleasePage.aspx?PRID=1913423
2023-04-03,acquisition,acquirer,SBP,"CCI approves share-swap for acquisition of C-Flex India Entities by SBP from C-Flex, in consideration for which C-Flex will be issued certain shareholding in SBP",https://pib.gov.in/PressReleasePage.aspx?PRID=1913423
2023-03-27,acquisition,target,shareholding of JM Baxi Ports and Logistics Limited,CCI approves acquisition of shareholding of JM Baxi Ports and Logistics Limited by HL Terminal Holding B.V.,https://pib.gov.in/PressReleasePage.aspx?PRID=1911254
2023-03-27,acquisition,acquirer,HL Terminal Holding B,CCI approves acquisition of shareholding of JM Baxi Ports and Logistics Limited by HL Terminal Holding B.V.,https://pib.gov.in/PressReleasePage.aspx?PRID=1911254
2023-03-27,acquisition,target,share capital of NSPIRA Management Services Private Limited,"CCI approves acquisition of share capital of NSPIRA Management Services Private Limited by Mr. Puneet Kothapa, Ms. Ponguru Sindhura and Ms. Ponguru Sharani",https://pib.gov.in/PressReleasePage.aspx?PRID=1911255
2023-03-27,acquisition,acquirer,Mr. Puneet Kothapa,"CCI approves acquisition of share capital of NSPIRA Management Services Private Limited by Mr. Puneet Kothapa, Ms. Ponguru Sindhura and Ms. Ponguru Sharani",https://pib.gov.in/PressReleasePage.aspx?PRID=1911255
2023-03-15,acquisition,target,"100% of equity share capital of L&T Infrastructure Development Projects Limited and Kudgi Transmission Limited,","CCI approves acquisition of 100% of equity share capital of L&T Infrastructure Development Projects Limited and Kudgi Transmission Limited, by Epic Concesiones Private Limited and Infrastructure Yield Plus II, respective...",https://pib.gov.in/PressReleasePage.aspx?PRID=1907050
2023-03-15,acquisition,acquirer,Epic Concesiones Private Limited and Infrastructure Yield Plus II,"CCI approves acquisition of 100% of equity share capital of L&T Infrastructure Development Projects Limited and Kudgi Transmission Limited, by Epic Concesiones Private Limited and Infrastructure Yield Plus II, respective...",https://pib.gov.in/PressReleasePage.aspx?PRID=1907050
2023-03-15,acquisition,target,sole control of Meritor,CCI approves acquisition of sole control of Meritor by Cummins,https://pib.gov.in/PressReleasePage.aspx?PRID=1907051
2023-03-15,acquisition,acquirer,Cummins,CCI approves acquisition of sole control of Meritor by Cummins,https://pib.gov.in/PressReleasePage.aspx?PRID=1907051
2023-03-15,acquisition,target,METRO Cash and Carry India Private Limited,CCI approves acquisition of METRO Cash and Carry India Private Limited by Reliance Retail Ventures Limited,https://pib.gov.in/PressReleasePage.aspx?PRID=1907052
2023-03-15,acquisition,acquirer,Reliance Retail Ventures Limited,CCI approves acquisition of METRO Cash and Carry India Private Limited by Reliance Retail Ventures Limited,https://pib.gov.in/PressReleasePage.aspx?PRID=1907052
2023-02-22,acquisition,target,100% of issued and outstanding share capital and sole control of VGP Holdings LLC,CCI approves acquisition of 100% of issued and outstanding share capital and sole control of VGP Holdings LLC by Gateway Velocity Holding Corp.,https://pib.gov.in/PressReleasePage.aspx?PRID=1901506
2023-02-22,acquisition,acquirer,Gateway Velocity Holding Corp,CCI approves acquisition of 100% of issued and outstanding share capital and sole control of VGP Holdings LLC by Gateway Velocity Holding Corp.,https://pib.gov.in/PressReleasePage.aspx?PRID=1901506
2023-02-14,acquisition,target,LT Foods Limited,CCI approves acquisition of certain equity share capital of LT Foods Limited by SALIC International Investment Corporation,https://pib.gov.in/PressReleasePage.aspx?PRID=1899165
2023-02-14,acquisition,acquirer,SALIC International Investment Corporation,CCI approves acquisition of certain equity share capital of LT Foods Limited by SALIC International Investment Corporation,https://pib.gov.in/PressReleasePage.aspx?PRID=1899165
2023-02-13,acquisition,target,R Systems International Limited,CCI approves combination involving acquisition of up to 100% shareholding in R Systems International Limited by BCP Asia II Topco II Pte. Ltd,https://pib.gov.in/PressReleasePage.aspx?PRID=1898911
2023-02-13,acquisition,acquirer,BCP Asia II Topco II Pte,CCI approves combination involving acquisition of up to 100% shareholding in R Systems International Limited by BCP Asia II Topco II Pte. Ltd,https://pib.gov.in/PressReleasePage.aspx?PRID=1898911
2023-02-09,acquisition,target,upto 25% shareholding in HPPL,CCI approves proposed acquisition of upto 25% shareholding in HPPL by National Investment and Infrastructure Fund and proposed merger of HIPL into HPPL,https://pib.gov.in/PressReleasePage.aspx?PRID=1897820
2023-02-09,acquisition,acquirer,National Investment and Infrastructure Fund and proposed merger of HIPL into HPPL,CCI approves proposed acquisition of upto 25% shareholding in HPPL by National Investment and Infrastructure Fund and proposed merger of HIPL into HPPL,https://pib.gov.in/PressReleasePage.aspx?PRID=1897820
2023-02-09,acquisition,target,Huntsman International’s textile effects business,CCI approves acquisition of Huntsman International’s textile effects business by Archroma Operations S.à.r.l.,https://pib.gov.in/PressReleasePage.aspx?PRID=1897823
2023-02-09,acquisition,acquirer,Archroma Operations S,CCI approves acquisition of Huntsman International’s textile effects business by Archroma Operations S.à.r.l.,https://pib.gov.in/PressReleasePage.aspx?PRID=1897823
2023-02-09,acquisition,target,100% equity and preference shares of Lanco Anpara Power Limited,CCI approves acquisition of 100% equity and preference shares of Lanco Anpara Power Limited by Megha Engineering and Infrastructures Limited,https://pib.gov.in/PressReleasePage.aspx?PRID=1897827
2023-02-09,acquisition,acquirer,Megha Engineering and Infrastructures Limited,CCI approves acquisition of 100% equity and preference shares of Lanco Anpara Power Limited by Megha Engineering and Infrastructures Limited,https://pib.gov.in/PressReleasePage.aspx?PRID=1897827
2023-02-09,acquisition,target,Keimed Private Limited,CCI approves acquisition of 20% equity share capital of Keimed Private Limited by Ms. Shobana Kamineni through Prime Time Logistics Technologies Private Limited,https://pib.gov.in/PressReleasePage.aspx?PRID=1897828
2023-02-09,acquisition,acquirer,Ms. Shobana Kamineni,CCI approves acquisition of 20% equity share capital of Keimed Private Limited by Ms. Shobana Kamineni through Prime Time Logistics Technologies Private Limited,https://pib.gov.in/PressReleasePage.aspx?PRID=1897828
2022-10-20,acquisition,target,stake,CCI approves acquisition of stake by CA Basque Investments of Yes Bank Limited,https://pib.gov.in/PressReleasePage.aspx?PRID=1869746
2022-10-20,acquisition,acquirer,CA Basque Investments of Yes Bank Limited,CCI approves acquisition of stake by CA Basque Investments of Yes Bank Limited,https://pib.gov.in/PressReleasePage.aspx?PRID=1869746
2022-10-20,acquisition,target,certain businesses of Shubhalakshmi Polyesters Limited and Shubhlaxmi Polytex Limited,CCI approves acquisition of certain businesses of Shubhalakshmi Polyesters Limited and Shubhlaxmi Polytex Limited by Reliance Polyester Limited,https://pib.gov.in/PressReleasePage.aspx?PRID=1869749
2022-10-20,acquisition,acquirer,Reliance Polyester Limited,CCI approves acquisition of certain businesses of Shubhalakshmi Polyesters Limited and Shubhlaxmi Polytex Limited by Reliance Polyester Limited,https://pib.gov.in/PressReleasePage.aspx?PRID=1869749
2022-10-20,acquisition,target,equity securities amounting up to 10% in YES Bank,CCI approves acquisition of equity securities amounting up to 10% in YES Bank by Verventa Holdings,https://pib.gov.in/PressReleasePage.aspx?PRID=1869750
2022-10-20,acquisition,acquirer,Verventa Holdings,CCI approves acquisition of equity securities amounting up to 10% in YES Bank by Verventa Holdings,https://pib.gov.in/PressReleasePage.aspx?PRID=1869750
2022-09-29,acquisition,target,of the share capital of eighteen subsidiaries of Mytrah Energy (India) Private Limited,CCI approves acquisition of of the share capital of eighteen subsidiaries of Mytrah Energy (India) Private Limited by JSW Neo Energy Limited,https://pib.gov.in/PressReleasePage.aspx?PRID=1863413
2022-09-29,acquisition,acquirer,JSW Neo Energy Limited,CCI approves acquisition of of the share capital of eighteen subsidiaries of Mytrah Energy (India) Private Limited by JSW Neo Energy Limited,https://pib.gov.in/PressReleasePage.aspx?PRID=1863413
2022-09-29,acquisition,target,Assets of Essar Group,CCI approves acquisition of Assets of Essar Group by ArcelorMittal Nippon Steel India Limited,https://pib.gov.in/PressReleasePage.aspx?PRID=1863429
2022-09-29,acquisition,acquirer,ArcelorMittal Nippon Steel India Limited,CCI approves acquisition of Assets of Essar Group by ArcelorMittal Nippon Steel India Limited,https://pib.gov.in/PressReleasePage.aspx?PRID=1863429
2022-09-22,amalgamation,target,Jio Cinema OTT platform,"CCI approves amalgamation of Jio Cinema OTT platform with Viacom 18 Media Private Limited, following an investment by BTS Investment 1 Pte. Ltd. and Reliance Projects & Property Management Services Limited",https://pib.gov.in/PressReleasePage.aspx?PRID=1861387
2022-09-22,amalgamation,acquirer,Viacom 18 Media Private Limited,"CCI approves amalgamation of Jio Cinema OTT platform with Viacom 18 Media Private Limited, following an investment by BTS Investment 1 Pte. Ltd. and Reliance Projects & Property Management Services Limited",https://pib.gov.in/PressReleasePage.aspx?PRID=1861387
2022-09-05,acquisition,target,stake in Apraava Energy Private Limited,CCI approves acquisition of stake in Apraava Energy Private Limited by CDPQ Infrastructures Asia II Pte. Ltd.,https://pib.gov.in/PressReleasePage.aspx?PRID=1856889
2022-09-05,acquisition,acquirer,CDPQ Infrastructures Asia II Pte,CCI approves acquisition of stake in Apraava Energy Private Limited by CDPQ Infrastructures Asia II Pte. Ltd.,https://pib.gov.in/PressReleasePage.aspx?PRID=1856889
2022-09-05,acquisition,target,100% of equity share capital of IndiaIdeas.com Limited (IIL),CCI approves acquisition of 100% of equity share capital of IndiaIdeas.com Limited (IIL) by PayU Payments Private Limited,https://pib.gov.in/PressReleasePage.aspx?PRID=1856891
2022-09-05,acquisition,acquirer,PayU Payments Private Limited,CCI approves acquisition of 100% of equity share capital of IndiaIdeas.com Limited (IIL) by PayU Payments Private Limited,https://pib.gov.in/PressReleasePage.aspx?PRID=1856891
2022-08-30,acquisition,target,shares in Olam Agri Holdings Pte. Ltd.,CCI approves acquisition of shares in Olam Agri Holdings Pte. Ltd. by SALIC International Investment Company,https://pib.gov.in/PressReleasePage.aspx?PRID=1855576
2022-08-30,acquisition,acquirer,SALIC International Investment Company,CCI approves acquisition of shares in Olam Agri Holdings Pte. Ltd. by SALIC International Investment Company,https://pib.gov.in/PressReleasePage.aspx?PRID=1855576
2022-08-18,acquisition,target,the stake in Simpolo Vitrified Private Limited,"CCI approves acquisition of the stake in Simpolo Vitrified Private Limited by India Business Excellence Fund IV, India SME Investments Fund – I, Motilal Oswal Finvest Limited and others",https://pib.gov.in/PressReleasePage.aspx?PRID=1852951
2022-08-18,acquisition,acquirer,India Business Excellence Fund IV,"CCI approves acquisition of the stake in Simpolo Vitrified Private Limited by India Business Excellence Fund IV, India SME Investments Fund – I, Motilal Oswal Finvest Limited and others",https://pib.gov.in/PressReleasePage.aspx?PRID=1852951
2022-08-13,acquisition,target,stake in IIFL Home indirectly,CCI approves acquisition of stake in IIFL Home indirectly by ADIA Group,https://pib.gov.in/PressReleasePage.aspx?PRID=1851601
2022-08-13,acquisition,acquirer,ADIA Group,CCI approves acquisition of stake in IIFL Home indirectly by ADIA Group,https://pib.gov.in/PressReleasePage.aspx?PRID=1851601
2022-08-13,acquisition,target,"the stake in Holderind Investments Limited, Ambuja Cements Limited and ACC Limited","CCI approves acquisition of the stake in Holderind Investments Limited, Ambuja Cements Limited and ACC Limited by Endeavour Trade and Investment Limited",https://pib.gov.in/PressReleasePage.aspx?PRID=1851603
2022-08-13,acquisition,acquirer,Endeavour Trade and Investment Limited,"CCI approves acquisition of the stake in Holderind Investments Limited, Ambuja Cements Limited and ACC Limited by Endeavour Trade and Investment Limited",https://pib.gov.in/PressReleasePage.aspx?PRID=1851603
2022-08-02,acquisition,target,stake in IDFC Asset Management Company Limited and IDFC AMC Trustee Company Limited,"CCI approves acquisition of stake in IDFC Asset Management Company Limited and IDFC AMC Trustee Company Limited by Bandhan Financial Holdings Limited, ChrysCapital and GIC",https://pib.gov.in/PressReleasePage.aspx?PRID=1847454
2022-08-02,acquisition,acquirer,Bandhan Financial Holdings Limited,"CCI approves acquisition of stake in IDFC Asset Management Company Limited and IDFC AMC Trustee Company Limited by Bandhan Financial Holdings Limited, ChrysCapital and GIC",https://pib.gov.in/PressReleasePage.aspx?PRID=1847454
2022-07-26,acquisition,target,"Citibank, N.A.’s and Citicorp Finance (India) Limited’s (Citicorp) undertakings comprising of their consumer banking activities","CCI approves acquisition of Citibank, N.A.’s and Citicorp Finance (India) Limited’s (Citicorp) undertakings comprising of their consumer banking activities by Axis Bank",https://pib.gov.in/PressReleasePage.aspx?PRID=1845017
2022-07-26,acquisition,acquirer,Axis Bank,"CCI approves acquisition of Citibank, N.A.’s and Citicorp Finance (India) Limited’s (Citicorp) undertakings comprising of their consumer banking activities by Axis Bank",https://pib.gov.in/PressReleasePage.aspx?PRID=1845017
2022-07-26,acquisition,target,stake in Tata Power Renewable Energy Limited,CCI approves acquisition of stake in Tata Power Renewable Energy Limited by Greenforest New Energies Bidco Limited,https://pib.gov.in/PressReleasePage.aspx?PRID=1845019
2022-07-26,acquisition,acquirer,Greenforest New Energies Bidco Limited,CCI approves acquisition of stake in Tata Power Renewable Energy Limited by Greenforest New Energies Bidco Limited,https://pib.gov.in/PressReleasePage.aspx?PRID=1845019
2022-07-15,acquisition,target,Ageas Federal Life Insurance Company Limited,CCI approves acquisition of Ageas Federal Life Insurance Company Limited by Ageas Insurance International NV,https://pib.gov.in/PressReleasePage.aspx?PRID=1841818
2022-07-15,acquisition,acquirer,Ageas Insurance International NV,CCI approves acquisition of Ageas Federal Life Insurance Company Limited by Ageas Insurance International NV,https://pib.gov.in/PressReleasePage.aspx?PRID=1841818
2022-07-12,acquisition,target,Solenergi Power Private Limited,CCI approves acquisition of Solenergi Power Private Limited by Shell Overseas Investments B.V.’s from Actis Solenergi Limited,https://pib.gov.in/PressReleasePage.aspx?PRID=1840875
2022-07-12,acquisition,acquirer,Shell Overseas Investments B,CCI approves acquisition of Solenergi Power Private Limited by Shell Overseas Investments B.V.’s from Actis Solenergi Limited,https://pib.gov.in/PressReleasePage.aspx?PRID=1840875
2022-06-14,acquisition,target,IIFL Wealth Management Limited,CCI approves acquisition of up to 24.98% shareholding of IIFL Wealth Management Limited by BC Asia Investments X Limited,https://pib.gov.in/PressReleasePage.aspx?PRID=1833960
2022-06-14,acquisition,acquirer,BC Asia Investments X Limited,CCI approves acquisition of up to 24.98% shareholding of IIFL Wealth Management Limited by BC Asia Investments X Limited,https://pib.gov.in/PressReleasePage.aspx?PRID=1833960
2022-06-14,acquisition,target,entire shareholding in Air Asia India,CCI approves acquisition of entire shareholding in Air Asia India by Air India,https://pib.gov.in/PressReleasePage.aspx?PRID=1833962
2022-06-14,acquisition,acquirer,Air India,CCI approves acquisition of entire shareholding in Air Asia India by Air India,https://pib.gov.in/PressReleasePage.aspx?PRID=1833962
2022-05-31,acquisition,target,"shareholding in Hitachi Construction Machinery Co., Ltd.","CCI approves acquisition of shareholding in Hitachi Construction Machinery Co., Ltd. by HCJI Holdings G.K., Citrus Investments, HCJ Holdings 2 G.K., Japan Industrial V – GP K.K., and other investors",https://pib.gov.in/PressReleasePage.aspx?PRID=1829819
2022-05-31,acquisition,acquirer,HCJI Holdings G,"CCI approves acquisition of shareholding in Hitachi Construction Machinery Co., Ltd. by HCJI Holdings G.K., Citrus Investments, HCJ Holdings 2 G.K., Japan Industrial V – GP K.K., and other investors",https://pib.gov.in/PressReleasePage.aspx?PRID=1829819
2022-05-19,acquisition,target,approximately 15% equity shareholding of Biocon Biologics,CCI approves merger by absorption of Covidshield Technologies into Biocon Biologics in consideration for acquisition of approximately 15% equity shareholding of Biocon Biologics by Serum Institute Life Sciences,https://pib.gov.in/PressReleasePage.aspx?PRID=1826596
2022-05-19,acquisition,acquirer,Serum Institute Life Sciences,CCI approves merger by absorption of Covidshield Technologies into Biocon Biologics in consideration for acquisition of approximately 15% equity shareholding of Biocon Biologics by Serum Institute Life Sciences,https://pib.gov.in/PressReleasePage.aspx?PRID=1826596
2022-05-19,acquisition,target,majority stake in SMW Ispat Private Limited,CCI approves acquisition of majority stake in SMW Ispat Private Limited by OFB Tech Private Limited,https://pib.gov.in/PressReleasePage.aspx?PRID=1826597
2022-05-19,acquisition,acquirer,OFB Tech Private Limited,CCI approves acquisition of majority stake in SMW Ispat Private Limited by OFB Tech Private Limited,https://pib.gov.in/PressReleasePage.aspx?PRID=1826597
2022-04-18,acquisition,target,minority stake of BDR Pharmaceuticals International Private Limited,"CCI approves acquisition of minority stake of BDR Pharmaceuticals International Private Limited by Multiples Private Equity Fund III, SRF Transnational Holdings Limited, Balkrishna Industries Limited, Dharmayug Investmen...",https://pib.gov.in/PressReleasePage.aspx?PRID=1817785
2022-04-18,acquisition,acquirer,Multiples Private Equity Fund III,"CCI approves acquisition of minority stake of BDR Pharmaceuticals International Private Limited by Multiples Private Equity Fund III, SRF Transnational Holdings Limited, Balkrishna Industries Limited, Dharmayug Investmen...",https://pib.gov.in/PressReleasePage.aspx?PRID=1817785
2022-04-04,acquisition,target,certain compulsorily convertible preference shares of Hero FinCorp Limited,CCI approves acquisition of certain compulsorily convertible preference shares of Hero FinCorp Limited by AHVF II Holdings Singapore II Pte. Ltd.,https://pib.gov.in/PressReleasePage.aspx?PRID=1813387
2022-04-04,acquisition,acquirer,AHVF II Holdings Singapore II Pte,CCI approves acquisition of certain compulsorily convertible preference shares of Hero FinCorp Limited by AHVF II Holdings Singapore II Pte. Ltd.,https://pib.gov.in/PressReleasePage.aspx?PRID=1813387
2022-03-23,acquisition,target,stake in Busybees Logistics,CCI approves acquisition of stake in Busybees Logistics by TPG,https://pib.gov.in/PressReleasePage.aspx?PRID=1808802
2022-03-23,acquisition,acquirer,TPG,CCI approves acquisition of stake in Busybees Logistics by TPG,https://pib.gov.in/PressReleasePage.aspx?PRID=1808802
2022-03-23,acquisition,target,shareholding in Busybees Logistics Solutions Private Limited,CCI approves acquisition of shareholding in Busybees Logistics Solutions Private Limited by BXG Xenon HoldCo Limited.,https://pib.gov.in/PressReleasePage.aspx?PRID=1808805
2022-03-23,acquisition,acquirer,BXG Xenon HoldCo Limited,CCI approves acquisition of shareholding in Busybees Logistics Solutions Private Limited by BXG Xenon HoldCo Limited.,https://pib.gov.in/PressReleasePage.aspx?PRID=1808805
2022-03-16,acquisition,target,equity stake in Future Generali India Insurance Company Limited,CCI approves acquisition of equity stake in Future Generali India Insurance Company Limited by Generali Participations Netherlands N.V,https://pib.gov.in/PressReleasePage.aspx?PRID=1806393
2022-03-16,acquisition,acquirer,Generali Participations Netherlands N,CCI approves acquisition of equity stake in Future Generali India Insurance Company Limited by Generali Participations Netherlands N.V,https://pib.gov.in/PressReleasePage.aspx?PRID=1806393
2022-03-16,acquisition,target,Micro Life Sciences Private Limited,CCI approves acquisition of Micro Life Sciences Private Limited by South Elm Investments B.V.,https://pib.gov.in/PressReleasePage.aspx?PRID=1806394
2022-03-16,acquisition,acquirer,South Elm Investments B,CCI approves acquisition of Micro Life Sciences Private Limited by South Elm Investments B.V.,https://pib.gov.in/PressReleasePage.aspx?PRID=1806394
2022-03-10,acquisition,target,Prione Business Services Private Limited,CCI approves acquisition of Prione Business Services Private Limited by Amazon Asia-Pacific Resources Private Limited,https://pib.gov.in/PressReleasePage.aspx?PRID=1804667
2022-03-10,acquisition,acquirer,Amazon Asia-Pacific Resources Private Limited,CCI approves acquisition of Prione Business Services Private Limited by Amazon Asia-Pacific Resources Private Limited,https://pib.gov.in/PressReleasePage.aspx?PRID=1804667
2022-02-24,acquisition,target,stake in ISMT Limited,Commission approves proposed combination involving acquisition of stake in ISMT Limited by Kirloskar Ferrous Industries Limited,https://pib.gov.in/PressReleasePage.aspx?PRID=1800829
2022-02-24,acquisition,acquirer,Kirloskar Ferrous Industries Limited,Commission approves proposed combination involving acquisition of stake in ISMT Limited by Kirloskar Ferrous Industries Limited,https://pib.gov.in/PressReleasePage.aspx?PRID=1800829
2022-02-14,acquisition,target,equity share capital of Sajjan India Limited,CCI approves acquisition of equity share capital of Sajjan India Limited by Sona Company Pte. Ltd.,https://pib.gov.in/PressReleasePage.aspx?PRID=1798273
2022-02-14,acquisition,acquirer,Sona Company Pte,CCI approves acquisition of equity share capital of Sajjan India Limited by Sona Company Pte. Ltd.,https://pib.gov.in/PressReleasePage.aspx?PRID=1798273
2022-02-08,acquisition,target,"athenahealth Group, Inc. by funds managed and advised","CCI approves acquisition of athenahealth Group, Inc. by funds managed and advised by H&F, Bain, and GICSI",https://pib.gov.in/PressReleasePage.aspx?PRID=1796398
2022-02-08,acquisition,acquirer,H&F,"CCI approves acquisition of athenahealth Group, Inc. by funds managed and advised by H&F, Bain, and GICSI",https://pib.gov.in/PressReleasePage.aspx?PRID=1796398
2022-02-02,acquisition,target,certain additional equity,CCI approves acquisition of certain additional equity by Kubota Corporation of Escorts Limited,https://pib.gov.in/PressReleasePage.aspx?PRID=1794714
2022-02-02,acquisition,acquirer,Kubota Corporation of Escorts Limited,CCI approves acquisition of certain additional equity by Kubota Corporation of Escorts Limited,https://pib.gov.in/PressReleasePage.aspx?PRID=1794714
2022-01-24,acquisition,target,shares of Future Generali India Life Insurance Company Limited,CCI approves acquisition of shares of Future Generali India Life Insurance Company Limited by Generali Participations Netherlands N.V,https://pib.gov.in/PressReleasePage.aspx?PRID=1792074
2022-01-24,acquisition,acquirer,Generali Participations Netherlands N,CCI approves acquisition of shares of Future Generali India Life Insurance Company Limited by Generali Participations Netherlands N.V,https://pib.gov.in/PressReleasePage.aspx?PRID=1792074
2022-01-11,acquisition,target,shares in Sutherland Global Holdings Inc.,CCI approves acquisition of shares in Sutherland Global Holdings Inc. by Coral Blue Investment Pte. Ltd.,https://pib.gov.in/PressReleasePage.aspx?PRID=1789125
2022-01-11,acquisition,acquirer,Coral Blue Investment Pte,CCI approves acquisition of shares in Sutherland Global Holdings Inc. by Coral Blue Investment Pte. Ltd.,https://pib.gov.in/PressReleasePage.aspx?PRID=1789125
2021-12-30,acquisition,target,Jindal Power Limited,CCI approves acquisition of 96.42% equity shareholding in Jindal Power Limited by Worldone Private Limited,https://pib.gov.in/PressReleasePage.aspx?PRID=1786352
2021-12-30,acquisition,acquirer,Worldone Private Limited,CCI approves acquisition of 96.42% equity shareholding in Jindal Power Limited by Worldone Private Limited,https://pib.gov.in/PressReleasePage.aspx?PRID=1786352
2021-12-21,acquisition,target,controlling stake in Forbes Enviro Solutions Limited,CCI approves acquisition of controlling stake in Forbes Enviro Solutions Limited by Lunolux Limited,https://pib.gov.in/PressReleasePage.aspx?PRID=1783743
2021-12-21,acquisition,acquirer,Lunolux Limited,CCI approves acquisition of controlling stake in Forbes Enviro Solutions Limited by Lunolux Limited,https://pib.gov.in/PressReleasePage.aspx?PRID=1783743
2021-12-20,acquisition,target,"shareholding in Air India Limited, Air India Express Limited and Air India SATS Airport Services Private Limited","CCI approves acquisition of shareholding in Air India Limited, Air India Express Limited and Air India SATS Airport Services Private Limited by Talace Private Limited",https://pib.gov.in/PressReleasePage.aspx?PRID=1783550
2021-12-20,acquisition,acquirer,Talace Private Limited,"CCI approves acquisition of shareholding in Air India Limited, Air India Express Limited and Air India SATS Airport Services Private Limited by Talace Private Limited",https://pib.gov.in/PressReleasePage.aspx?PRID=1783550
2021-12-15,acquisition,target,shareholding in Sterling and Wilson Renewable Energy Limited,CCI approves acquisition of shareholding in Sterling and Wilson Renewable Energy Limited by Reliance New Energy Solar Limited,https://pib.gov.in/PressReleasePage.aspx?PRID=1781800
2021-12-15,acquisition,acquirer,Reliance New Energy Solar Limited,CCI approves acquisition of shareholding in Sterling and Wilson Renewable Energy Limited by Reliance New Energy Solar Limited,https://pib.gov.in/PressReleasePage.aspx?PRID=1781800
2021-11-23,acquisition,target,minority stake in Delhivery byFedEx India and acquisition of certain operating assets of FedEx India and TNT India Private Limited,CCI approves acquisition of minority stake in Delhivery byFedEx India and acquisition of certain operating assets of FedEx India and TNT India Private Limited by Delhivery,https://pib.gov.in/PressReleasePage.aspx?PRID=1774326
2021-11-23,acquisition,acquirer,Delhivery,CCI approves acquisition of minority stake in Delhivery byFedEx India and acquisition of certain operating assets of FedEx India and TNT India Private Limited by Delhivery,https://pib.gov.in/PressReleasePage.aspx?PRID=1774326
2021-11-23,acquisition,target,stake,"CCI approves proposed combination involving (a) acquisition of stake by Veolia Environnement S.A (Veolia) in SUEZ (S.A), and (b) acquisition of stake in New Suez by Meridiam, Global Infrastructure Management, LLC, La Cai...",https://pib.gov.in/PressReleasePage.aspx?PRID=1774330
2021-11-23,acquisition,acquirer,Veolia Environnement S,"CCI approves proposed combination involving (a) acquisition of stake by Veolia Environnement S.A (Veolia) in SUEZ (S.A), and (b) acquisition of stake in New Suez by Meridiam, Global Infrastructure Management, LLC, La Cai...",https://pib.gov.in/PressReleasePage.aspx?PRID=1774330
2021-11-23,acquisition,target,stake,"CCI approves proposed combination involving (a) acquisition of stake by Veolia Environnement S.A (Veolia) in SUEZ (S.A), and (b) acquisition of stake in New Suez by Meridiam, Global Infrastructure Management, LLC, La Cai...",https://pib.gov.in/PressReleasePage.aspx?PRID=1774331
2021-11-23,acquisition,acquirer,Veolia Environnement S,"CCI approves proposed combination involving (a) acquisition of stake by Veolia Environnement S.A (Veolia) in SUEZ (S.A), and (b) acquisition of stake in New Suez by Meridiam, Global Infrastructure Management, LLC, La Cai...",https://pib.gov.in/PressReleasePage.aspx?PRID=1774331
2021-11-15,acquisition,target,ASK Investment Managers Limited,CCI approves acquisition of 71.25% shareholding of ASK Investment Managers Limited by BCP TopCo XII Pte Ltd.,https://pib.gov.in/PressReleasePage.aspx?PRID=1772044
2021-11-15,acquisition,acquirer,BCP TopCo XII Pte Ltd,CCI approves acquisition of 71.25% shareholding of ASK Investment Managers Limited by BCP TopCo XII Pte Ltd.,https://pib.gov.in/PressReleasePage.aspx?PRID=1772044
2021-10-25,acquisition,target,Parexel International Corporation,"CCI approves acquisition of Parexel International Corporation by Phoenix Parentco, Inc.",https://pib.gov.in/PressReleasePage.aspx?PRID=1766361
2021-10-25,acquisition,acquirer,Phoenix Parentco,"CCI approves acquisition of Parexel International Corporation by Phoenix Parentco, Inc.",https://pib.gov.in/PressReleasePage.aspx?PRID=1766361
2021-09-23,acquisition,target,shares in Fullerton India Credit Company Limited,"CCI approves acquisition of shares in Fullerton India Credit Company Limited by Sumitomo Mitsui Financial Group, Inc.",https://pib.gov.in/PressReleasePage.aspx?PRID=1757361
2021-09-23,acquisition,acquirer,Sumitomo Mitsui Financial Group,"CCI approves acquisition of shares in Fullerton India Credit Company Limited by Sumitomo Mitsui Financial Group, Inc.",https://pib.gov.in/PressReleasePage.aspx?PRID=1757361
2021-09-09,acquisition,target,Indiabulls Asset Management Company Limited and Indiabulls Trustee Company Limited,CCI approves acquisition of Indiabulls Asset Management Company Limited and Indiabulls Trustee Company Limited by Nextbillion Technology Private Limited,https://pib.gov.in/PressReleasePage.aspx?PRID=1753610
2021-09-09,acquisition,acquirer,Nextbillion Technology Private Limited,CCI approves acquisition of Indiabulls Asset Management Company Limited and Indiabulls Trustee Company Limited by Nextbillion Technology Private Limited,https://pib.gov.in/PressReleasePage.aspx?PRID=1753610
2021-09-09,acquisition,target,Inflow Technologies Private Limited,CCI approves acquisition of Inflow Technologies Private Limited by Savex Technologies Private Limited,https://pib.gov.in/PressReleasePage.aspx?PRID=1753611
2021-09-09,acquisition,acquirer,Savex Technologies Private Limited,CCI approves acquisition of Inflow Technologies Private Limited by Savex Technologies Private Limited,https://pib.gov.in/PressReleasePage.aspx?PRID=1753611
2021-08-13,acquisition,target,shares by MacRitchie Investments and Fort Canning Investments; and voting rights,CCI approves acquisition of shares by MacRitchie Investments and Fort Canning Investments; and voting rights by Mr. Bhavish Aggarwal in ANI Technologies Private Limited,https://pib.gov.in/PressReleasePage.aspx?PRID=1745503
2021-08-13,acquisition,acquirer,Mr. Bhavish Aggarwal in ANI Technologies Private Limited,CCI approves acquisition of shares by MacRitchie Investments and Fort Canning Investments; and voting rights by Mr. Bhavish Aggarwal in ANI Technologies Private Limited,https://pib.gov.in/PressReleasePage.aspx?PRID=1745503
2021-08-13,acquisition,target,shares,CCI approves acquisition of shares by Plum Wood Investment and voting rights by Mr. Bhavish Aggarwal in ANI Technologies Private Limited,https://pib.gov.in/PressReleasePage.aspx?PRID=1745505
2021-08-13,acquisition,acquirer,Plum Wood Investment and voting rights by Mr,CCI approves acquisition of shares by Plum Wood Investment and voting rights by Mr. Bhavish Aggarwal in ANI Technologies Private Limited,https://pib.gov.in/PressReleasePage.aspx?PRID=1745505
2021-08-10,acquisition,target,Bikaji Foods International Limited,"CCI approves acquisition of Bikaji Foods International Limited by Lighthouse India Fund III, Limited (Fund III) and Lighthouse India III Employee Trust",https://pib.gov.in/PressReleasePage.aspx?PRID=1744506
2021-08-10,acquisition,acquirer,Lighthouse India Fund III,"CCI approves acquisition of Bikaji Foods International Limited by Lighthouse India Fund III, Limited (Fund III) and Lighthouse India III Employee Trust",https://pib.gov.in/PressReleasePage.aspx?PRID=1744506
2021-08-04,acquisition,target,equity stake in PNB Housing Finance Limited,"CCI receives notice relating to acquisition of equity stake in PNB Housing Finance Limited by Pluto Investments S.à r.l. and Salisbury Investments Private Limited, under Green Channel and is deemed approved",https://pib.gov.in/PressReleasePage.aspx?PRID=1742299
2021-08-04,acquisition,acquirer,Pluto Investments S,"CCI receives notice relating to acquisition of equity stake in PNB Housing Finance Limited by Pluto Investments S.à r.l. and Salisbury Investments Private Limited, under Green Channel and is deemed approved",https://pib.gov.in/PressReleasePage.aspx?PRID=1742299
2021-07-20,acquisition,target,Mukand Limited,"CCI approves acquisition of Mukand Limited by Bajaj Sevashram Private Limited, Bachhraj & Company Private Limited, Bachhraj Factories Private Limited and Sanraj Nayan Investments Private Limited",https://pib.gov.in/PressReleasePage.aspx?PRID=1737296
2021-07-20,acquisition,acquirer,Bajaj Sevashram Private Limited,"CCI approves acquisition of Mukand Limited by Bajaj Sevashram Private Limited, Bachhraj & Company Private Limited, Bachhraj Factories Private Limited and Sanraj Nayan Investments Private Limited",https://pib.gov.in/PressReleasePage.aspx?PRID=1737296
2021-07-15,acquisition,target,equity stake in JSW Cement,"CCI receives notice relating to acquisition of equity stake in JSW Cement by Synergy Metals Investments Holding Limited, under Green Channel and is deemed approved",https://pib.gov.in/PressReleasePage.aspx?PRID=1735761
2021-07-15,acquisition,acquirer,Synergy Metals Investments Holding Limited,"CCI receives notice relating to acquisition of equity stake in JSW Cement by Synergy Metals Investments Holding Limited, under Green Channel and is deemed approved",https://pib.gov.in/PressReleasePage.aspx?PRID=1735761
2021-07-01,acquisition,target,SB Energy Holding Limited,CCI approves acquisition of SB Energy Holding Limited by Adani Green Energy Limited,https://pib.gov.in/PressReleasePage.aspx?PRID=1731853
2021-07-01,acquisition,acquirer,Adani Green Energy Limited,CCI approves acquisition of SB Energy Holding Limited by Adani Green Energy Limited,https://pib.gov.in/PressReleasePage.aspx?PRID=1731853
2021-06-25,acquisition,target,Zuarinagar plant of Zuari Agro Chemicals Limited,CCI approves acquisition of Zuarinagar plant of Zuari Agro Chemicals Limited by Paradeep Phosphates Limited,https://pib.gov.in/PressReleasePage.aspx?PRID=1730316
2021-06-25,acquisition,acquirer,Paradeep Phosphates Limited,CCI approves acquisition of Zuarinagar plant of Zuari Agro Chemicals Limited by Paradeep Phosphates Limited,https://pib.gov.in/PressReleasePage.aspx?PRID=1730316
2021-06-22,acquisition,target,additional equity shareholding,CCI approves acquisition of additional equity shareholding by Heineken International B.V. of United Breweries Limited,https://pib.gov.in/PressReleasePage.aspx?PRID=1729307
2021-06-22,acquisition,acquirer,Heineken International B,CCI approves acquisition of additional equity shareholding by Heineken International B.V. of United Breweries Limited,https://pib.gov.in/PressReleasePage.aspx?PRID=1729307
2021-06-03,acquisition,target,"Avana Logistek Limited, Transworld Feeders Private Limited and Transworld Feeders FZCO","CCI approves acquisition of Avana Logistek Limited, Transworld Feeders Private Limited and Transworld Feeders FZCO by Unifeeder ISC FZCO",https://pib.gov.in/PressReleasePage.aspx?PRID=1724169
2021-06-03,acquisition,acquirer,Unifeeder ISC FZCO,"CCI approves acquisition of Avana Logistek Limited, Transworld Feeders Private Limited and Transworld Feeders FZCO by Unifeeder ISC FZCO",https://pib.gov.in/PressReleasePage.aspx?PRID=1724169
2021-05-18,acquisition,target,additional 25% shareholding of Adani Krishnapatnam Port Limited,CCI approves proposed acquisition of additional 25% shareholding of Adani Krishnapatnam Port Limited by Adani Ports and Special Economic Zone Limited,https://pib.gov.in/PressReleasePage.aspx?PRID=1719647
2021-05-18,acquisition,acquirer,Adani Ports and Special Economic Zone Limited,CCI approves proposed acquisition of additional 25% shareholding of Adani Krishnapatnam Port Limited by Adani Ports and Special Economic Zone Limited,https://pib.gov.in/PressReleasePage.aspx?PRID=1719647
2021-05-18,acquisition,target,YES Asset Management (India) Limited and YES Trustee Limited,CCI approves the acquisition of YES Asset Management (India) Limited and YES Trustee Limited by GPL Finance and Investments Limited,https://pib.gov.in/PressReleasePage.aspx?PRID=1719649
2021-05-18,acquisition,acquirer,GPL Finance and Investments Limited,CCI approves the acquisition of YES Asset Management (India) Limited and YES Trustee Limited by GPL Finance and Investments Limited,https://pib.gov.in/PressReleasePage.aspx?PRID=1719649
2021-05-10,acquisition,target,100% shareholding and sole control of Ingram Micro Inc.,CCI approves proposed acquisition of 100% shareholding and sole control of Ingram Micro Inc. by Imola Acquisition Corporation,https://pib.gov.in/PressReleasePage.aspx?PRID=1717352
2021-05-10,acquisition,acquirer,Imola Acquisition Corporation,CCI approves proposed acquisition of 100% shareholding and sole control of Ingram Micro Inc. by Imola Acquisition Corporation,https://pib.gov.in/PressReleasePage.aspx?PRID=1717352
2021-04-13,acquisition,target,89.6% of equity shareholding of Gangavaram Port Limited,CCI approves acquisition of 89.6% of equity shareholding of Gangavaram Port Limited by Adani Ports and Special Economic Zones Limited,https://pib.gov.in/PressReleasePage.aspx?PRID=1711469
2021-04-13,acquisition,acquirer,Adani Ports and Special Economic Zones Limited,CCI approves acquisition of 89.6% of equity shareholding of Gangavaram Port Limited by Adani Ports and Special Economic Zones Limited,https://pib.gov.in/PressReleasePage.aspx?PRID=1711469
2021-04-12,acquisition,target,shareholding in Magma Fincorp Limited,CCI approves acquisition of shareholding in Magma Fincorp Limited by Rising Sun Holdings Private Limited and Mr Sanjay Chamria and Mr Mayank Poddar,https://pib.gov.in/PressReleasePage.aspx?PRID=1711188
2021-04-12,acquisition,acquirer,Rising Sun Holdings Private Limited and Mr Sanjay Chamria and Mr Mayank Poddar,CCI approves acquisition of shareholding in Magma Fincorp Limited by Rising Sun Holdings Private Limited and Mr Sanjay Chamria and Mr Mayank Poddar,https://pib.gov.in/PressReleasePage.aspx?PRID=1711188
2021-04-06,acquisition,target,"Principal Asset Management Private Limited, Principal Trustee Company Private Limited and Principal Retirement Advisors Private Limited","CCI approves proposed combination relating to acquisition of Principal Asset Management Private Limited, Principal Trustee Company Private Limited and Principal Retirement Advisors Private Limited by Sundaram Asset Manag...",https://pib.gov.in/PressReleasePage.aspx?PRID=1709892
2021-04-06,acquisition,acquirer,Sundaram Asset Manag,"CCI approves proposed combination relating to acquisition of Principal Asset Management Private Limited, Principal Trustee Company Private Limited and Principal Retirement Advisors Private Limited by Sundaram Asset Manag...",https://pib.gov.in/PressReleasePage.aspx?PRID=1709892
2021-03-19,acquisition,target,NESCO Utility,CCI approves acquisition of 51% of the equity share capital of NESCO Utility by Tata Power Company Limited from Grid Corporation of Odisha Limited,https://pib.gov.in/PressReleasePage.aspx?PRID=1706125
2021-03-19,acquisition,acquirer,Tata Power Company Limited,CCI approves acquisition of 51% of the equity share capital of NESCO Utility by Tata Power Company Limited from Grid Corporation of Odisha Limited,https://pib.gov.in/PressReleasePage.aspx?PRID=1706125
2021-02-25,acquisition,target,stake in Technip Energies B.V.,CCI approves proposed combination in acquisition of stake in Technip Energies B.V. by Bpifrance Participations S.A,https://pib.gov.in/PressReleasePage.aspx?PRID=1700815
2021-02-25,acquisition,acquirer,Bpifrance Participations S,CCI approves proposed combination in acquisition of stake in Technip Energies B.V. by Bpifrance Participations S.A,https://pib.gov.in/PressReleasePage.aspx?PRID=1700815
2021-02-23,acquisition,target,Tata Communications Limited,CCI approves acquisition of Tata Communications Limited by Panatone Finvest Limited,https://pib.gov.in/PressReleasePage.aspx?PRID=1700106
2021-02-23,acquisition,acquirer,Panatone Finvest Limited,CCI approves acquisition of Tata Communications Limited by Panatone Finvest Limited,https://pib.gov.in/PressReleasePage.aspx?PRID=1700106
2021-02-23,acquisition,target,API Holdings Private Limited equity shareholding,CCI approves acquisition of API Holdings Private Limited equity shareholding by CDPQ Private Equity Asia Pte. Ltd.,https://pib.gov.in/PressReleasePage.aspx?PRID=1700108
2021-02-23,acquisition,acquirer,CDPQ Private Equity Asia Pte,CCI approves acquisition of API Holdings Private Limited equity shareholding by CDPQ Private Equity Asia Pte. Ltd.,https://pib.gov.in/PressReleasePage.aspx?PRID=1700108
2021-01-29,acquisition,target,Indo Gulf Fertilisers,CCI approves acquisition of Indo Gulf Fertilisers by Indorama India Private Limited.,https://pib.gov.in/PressReleasePage.aspx?PRID=1693132
2021-01-29,acquisition,acquirer,Indorama India Private Limited,CCI approves acquisition of Indo Gulf Fertilisers by Indorama India Private Limited.,https://pib.gov.in/PressReleasePage.aspx?PRID=1693132
2021-01-21,acquisition,target,stake,"CCI approves the acquisition of stake by Axis Bank Limited, Axis Capital Limited and Axis Securities Limited in Max Life Insurance Company Limited",https://pib.gov.in/PressReleasePage.aspx?PRID=1690699
2021-01-21,acquisition,acquirer,Axis Bank Limited,"CCI approves the acquisition of stake by Axis Bank Limited, Axis Capital Limited and Axis Securities Limited in Max Life Insurance Company Limited",https://pib.gov.in/PressReleasePage.aspx?PRID=1690699
2021-01-12,acquisition,target,stake in Ecom,CCI approves acquisition of stake in Ecom by PG Esmeralda,https://pib.gov.in/PressReleasePage.aspx?PRID=1687846
2021-01-12,acquisition,acquirer,PG Esmeralda,CCI approves acquisition of stake in Ecom by PG Esmeralda,https://pib.gov.in/PressReleasePage.aspx?PRID=1687846
2021-01-12,acquisition,target,100% equity interest and joint control in Virtusa Corporation,"CCI approves Proposed Combination in acquisition of 100% equity interest and joint control in Virtusa Corporation by Austin HoldCo., GIC Investor and CPPIB Investor",https://pib.gov.in/PressReleasePage.aspx?PRID=1687847
2021-01-12,acquisition,acquirer,Austin HoldCo,"CCI approves Proposed Combination in acquisition of 100% equity interest and joint control in Virtusa Corporation by Austin HoldCo., GIC Investor and CPPIB Investor",https://pib.gov.in/PressReleasePage.aspx?PRID=1687847
2021-01-08,acquisition,target,the Columbia Asia Hospitals Private Limited,CCI approves acquisition of 100% shareholding of the Columbia Asia Hospitals Private Limited by Manipal Health Enterprises Private Limited,https://pib.gov.in/PressReleasePage.aspx?PRID=1687115
2021-01-08,acquisition,acquirer,Manipal Health Enterprises Private Limited,CCI approves acquisition of 100% shareholding of the Columbia Asia Hospitals Private Limited by Manipal Health Enterprises Private Limited,https://pib.gov.in/PressReleasePage.aspx?PRID=1687115
2020-11-12,acquisition,target,Jio Platforms Limited,CCI approves acquisition of 7.73% equity share capital of Jio Platforms Limited by Google International LLC,https://pib.gov.in/PressReleasePage.aspx?PRID=1672142
2020-11-12,acquisition,acquirer,Google International LLC,CCI approves acquisition of 7.73% equity share capital of Jio Platforms Limited by Google International LLC,https://pib.gov.in/PressReleasePage.aspx?PRID=1672142
2020-11-12,acquisition,target,(i) Orix Wind SPVs by Greenko Energy Holdings (GEH) from ORIX Corporation (Orix) and (ii) equity stake in GEH,CCI approves the acquisition of (i) Orix Wind SPVs by Greenko Energy Holdings (GEH) from ORIX Corporation (Orix) and (ii) equity stake in GEH by Orix,https://pib.gov.in/PressReleasePage.aspx?PRID=1672357
2020-11-12,acquisition,acquirer,Orix,CCI approves the acquisition of (i) Orix Wind SPVs by Greenko Energy Holdings (GEH) from ORIX Corporation (Orix) and (ii) equity stake in GEH by Orix,https://pib.gov.in/PressReleasePage.aspx?PRID=1672357
2020-11-02,acquisition,target,General Insurance Business of Bharti AXA,CCI approves acquisition of General Insurance Business of Bharti AXA by ICICI Lombard,https://pib.gov.in/PressReleasePage.aspx?PRID=1669524
2020-11-02,acquisition,acquirer,ICICI Lombard,CCI approves acquisition of General Insurance Business of Bharti AXA by ICICI Lombard,https://pib.gov.in/PressReleasePage.aspx?PRID=1669524
2020-10-14,acquisition,target,solar energy generation assets of Adani Green Energy Ten Limited,CCI approves acquisition of solar energy generation assets of Adani Green Energy Ten Limited by Adani Green Energy Twenty-Three Ltd,https://pib.gov.in/PressReleasePage.aspx?PRID=1664236
2020-10-14,acquisition,acquirer,Adani Green Energy Twenty-Three Ltd,CCI approves acquisition of solar energy generation assets of Adani Green Energy Ten Limited by Adani Green Energy Twenty-Three Ltd,https://pib.gov.in/PressReleasePage.aspx?PRID=1664236
2020-10-14,acquisition,target,shares in CG Power and Industrial Solutions Limited,CCI approves acquisition of shares in CG Power and Industrial Solutions Limited by Tube Investments of India Limited,https://pib.gov.in/PressReleasePage.aspx?PRID=1664237
2020-10-14,acquisition,acquirer,Tube Investments of India Limited,CCI approves acquisition of shares in CG Power and Industrial Solutions Limited by Tube Investments of India Limited,https://pib.gov.in/PressReleasePage.aspx?PRID=1664237
2020-09-23,acquisition,target,Medlife,CCI approves acquisition of 100% equity shares of Medlife by API Holdings and of up to 19.59% equity share capital of API Holdings by Medlife’s shareholders,https://pib.gov.in/PressReleasePage.aspx?PRID=1658006
2020-09-23,acquisition,acquirer,API Holdings and of up to 19,CCI approves acquisition of 100% equity shares of Medlife by API Holdings and of up to 19.59% equity share capital of API Holdings by Medlife’s shareholders,https://pib.gov.in/PressReleasePage.aspx?PRID=1658006
2020-09-19,acquisition,target,"Nutrition & Biosciences, Inc.","CCI approves acquisition of Nutrition & Biosciences, Inc. by International Flavors & Fragrances Inc.",https://pib.gov.in/PressReleasePage.aspx?PRID=1656564
2020-09-19,acquisition,acquirer,International Flavors & Fragrances Inc,"CCI approves acquisition of Nutrition & Biosciences, Inc. by International Flavors & Fragrances Inc.",https://pib.gov.in/PressReleasePage.aspx?PRID=1656564
2020-09-19,acquisition,target,sole control over Bombardier Transportation’s,"CCI approves acquisition of sole control over Bombardier Transportation’s by Alstom S.A., AND acquisition of approximately 18% and 3% share capital of Alstom S.A. by Caisse de dépôt et placement du Québec (CDPQ) and Bomb...",https://pib.gov.in/PressReleasePage.aspx?PRID=1656565
2020-09-19,acquisition,acquirer,Alstom S,"CCI approves acquisition of sole control over Bombardier Transportation’s by Alstom S.A., AND acquisition of approximately 18% and 3% share capital of Alstom S.A. by Caisse de dépôt et placement du Québec (CDPQ) and Bomb...",https://pib.gov.in/PressReleasePage.aspx?PRID=1656565
2020-08-27,acquisition,target,compulsorily convertible preference shares and equity of Nxtra Data Limited,CCI approves proposed acquisition of compulsorily convertible preference shares and equity of Nxtra Data Limited by Comfort Investments II.,https://pib.gov.in/PressReleasePage.aspx?PRID=1648955
2020-08-27,acquisition,acquirer,Comfort Investments II,CCI approves proposed acquisition of compulsorily convertible preference shares and equity of Nxtra Data Limited by Comfort Investments II.,https://pib.gov.in/PressReleasePage.aspx?PRID=1648955
2020-08-20,acquisition,target,C&S Electric Limited,CCI approves proposed acquisition of C&S Electric Limited by Siemens Limited,https://pib.gov.in/PressReleasePage.aspx?PRID=1647335
2020-08-20,acquisition,acquirer,Siemens Limited,CCI approves proposed acquisition of C&S Electric Limited by Siemens Limited,https://pib.gov.in/PressReleasePage.aspx?PRID=1647335
2020-07-23,acquisition,target,Krishnapatnam Port Company Limited,CCI approves acquisition of Krishnapatnam Port Company Limited by Adani Ports and Special Economic Zone Limited,https://pib.gov.in/PressReleasePage.aspx?PRID=1640560
2020-07-23,acquisition,acquirer,Adani Ports and Special Economic Zone Limited,CCI approves acquisition of Krishnapatnam Port Company Limited by Adani Ports and Special Economic Zone Limited,https://pib.gov.in/PressReleasePage.aspx?PRID=1640560
2020-06-24,acquisition,target,Jio Platforms,CCI approves acquisition of 9.99% stake in Jio Platforms by Jaadhu Holdings LLC,https://pib.gov.in/PressReleasePage.aspx?PRID=1634024
2020-06-24,acquisition,acquirer,Jaadhu Holdings LLC,CCI approves acquisition of 9.99% stake in Jio Platforms by Jaadhu Holdings LLC,https://pib.gov.in/PressReleasePage.aspx?PRID=1634024
2020-06-18,acquisition,target,Metso Oyj’s minerals business,CCI approves acquisition of Metso Oyj’s minerals business by Outotec Oyj,https://pib.gov.in/PressReleasePage.aspx?PRID=1632361
2020-06-18,acquisition,acquirer,Outotec Oyj,CCI approves acquisition of Metso Oyj’s minerals business by Outotec Oyj,https://pib.gov.in/PressReleasePage.aspx?PRID=1632361
2020-05-21,acquisition,target,Emami Cement Limited,CCI approves acquisition of Emami Cement Limited by Nuvoco Vistas Corporation Limited,https://pib.gov.in/PressReleasePage.aspx?PRID=1625859
2020-05-21,acquisition,acquirer,Nuvoco Vistas Corporation Limited,CCI approves acquisition of Emami Cement Limited by Nuvoco Vistas Corporation Limited,https://pib.gov.in/PressReleasePage.aspx?PRID=1625859
2020-04-30,acquisition,target,100% shares and control of Tech Data Corporation,CCI approves proposed acquisition of 100% shares and control of Tech Data Corporation by Tiger Midco LLC,https://pib.gov.in/PressReleasePage.aspx?PRID=1619712
2020-04-30,acquisition,acquirer,Tiger Midco LLC,CCI approves proposed acquisition of 100% shares and control of Tech Data Corporation by Tiger Midco LLC,https://pib.gov.in/PressReleasePage.aspx?PRID=1619712
2020-04-30,acquisition,target,less than 5% shareholding in Intas Pharmaceuticals Limited,CCI approves the acquisition of less than 5% shareholding in Intas Pharmaceuticals Limited by Canary Investments Limited and Link Investment Trust II,https://pib.gov.in/PressReleasePage.aspx?PRID=1619715
2020-04-30,acquisition,acquirer,Canary Investments Limited and Link Investment Trust II,CCI approves the acquisition of less than 5% shareholding in Intas Pharmaceuticals Limited by Canary Investments Limited and Link Investment Trust II,https://pib.gov.in/PressReleasePage.aspx?PRID=1619715
2020-04-24,acquisition,target,majority shareholding in B.M.M Ispat Limited,CCI approves acquisition of majority shareholding in B.M.M Ispat Limited by JSW Projects Limited.,https://pib.gov.in/PressReleasePage.aspx?PRID=1617874
2020-04-24,acquisition,acquirer,JSW Projects Limited,CCI approves acquisition of majority shareholding in B.M.M Ispat Limited by JSW Projects Limited.,https://pib.gov.in/PressReleasePage.aspx?PRID=1617874
2020-04-13,acquisition,target,9.93% stake,CCI approves proposed acquisition of 9.93% stake by Emerald Sage Investment Limited in Apollo Tyres Limited,https://pib.gov.in/PressReleasePage.aspx?PRID=1614103
2020-04-13,acquisition,acquirer,Emerald Sage Investment Limited in Apollo Tyres Limited,CCI approves proposed acquisition of 9.93% stake by Emerald Sage Investment Limited in Apollo Tyres Limited,https://pib.gov.in/PressReleasePage.aspx?PRID=1614103
2020-04-07,acquisition,target,GMR Kamalanga Energy Limited,CCI approves acquisition of GMR Kamalanga Energy Limited by JSW Energy Limited,https://pib.gov.in/PressReleasePage.aspx?PRID=1612023
2020-04-07,acquisition,acquirer,JSW Energy Limited,CCI approves acquisition of GMR Kamalanga Energy Limited by JSW Energy Limited,https://pib.gov.in/PressReleasePage.aspx?PRID=1612023
2020-03-11,acquisition,target,Hero FinCorp Limited,CCI approves acquisition of additional equity shares in Hero FinCorp Limited by Otter Limited and Link Investment Trust,https://pib.gov.in/PressReleasePage.aspx?PRID=1606025
2020-03-11,acquisition,acquirer,Otter Limited and Link Investment Trust,CCI approves acquisition of additional equity shares in Hero FinCorp Limited by Otter Limited and Link Investment Trust,https://pib.gov.in/PressReleasePage.aspx?PRID=1606025
2020-03-11,acquisition,target,Teesta Urja Limited,CCI approves acquisition of Teesta Urja Limited by Greenko Mauritius,https://pib.gov.in/PressReleasePage.aspx?PRID=1606026
2020-03-11,acquisition,acquirer,Greenko Mauritius,CCI approves acquisition of Teesta Urja Limited by Greenko Mauritius,https://pib.gov.in/PressReleasePage.aspx?PRID=1606026
2020-02-24,acquisition,target,100% of issued and paid-up share capital of NEEPCO,CCI approves acquisition of 100% of issued and paid-up share capital of NEEPCO by NTPC,https://pib.gov.in/PressReleasePage.aspx?PRID=1604216
2020-02-24,acquisition,acquirer,NTPC,CCI approves acquisition of 100% of issued and paid-up share capital of NEEPCO by NTPC,https://pib.gov.in/PressReleasePage.aspx?PRID=1604216
2019-12-27,acquisition,target,shares in My Home Industries,CCI approves acquisition of shares in My Home Industries by My Home Constructions and its affiliates,https://pib.gov.in/PressReleasePage.aspx?PRID=1597833
2019-12-27,acquisition,acquirer,My Home Constructions and its affiliates,CCI approves acquisition of shares in My Home Industries by My Home Constructions and its affiliates,https://pib.gov.in/PressReleasePage.aspx?PRID=1597833
2019-12-13,acquisition,target,shares in SBI General Insurance,CCI approves acquisition of shares in SBI General Insurance by Honey Wheat,https://pib.gov.in/PressReleasePage.aspx?PRID=1596407
2019-12-13,acquisition,acquirer,Honey Wheat,CCI approves acquisition of shares in SBI General Insurance by Honey Wheat,https://pib.gov.in/PressReleasePage.aspx?PRID=1596407
2019-12-13,acquisition,target,shares in SBI General Insurance,CCI approves acquisition of shares in SBI General Insurance by Napean Opportunities LLP,https://pib.gov.in/PressReleasePage.aspx?PRID=1596408
2019-12-13,acquisition,acquirer,Napean Opportunities LLP,CCI approves acquisition of shares in SBI General Insurance by Napean Opportunities LLP,https://pib.gov.in/PressReleasePage.aspx?PRID=1596408
2019-12-10,acquisition,target,stake in Future Supply,CCI approves acquisition of stake in Future Supply by Nippon Express,https://pib.gov.in/PressReleasePage.aspx?PRID=1595766
2019-12-10,acquisition,acquirer,Nippon Express,CCI approves acquisition of stake in Future Supply by Nippon Express,https://pib.gov.in/PressReleasePage.aspx?PRID=1595766
2019-11-28,acquisition,target,37.40% of the paid up share capital and joint control of Adani Gas Limited,CCI approves acquisition of 37.40% of the paid up share capital and joint control of Adani Gas Limited by Total Holdings SAS,https://pib.gov.in/PressReleasePage.aspx?PRID=1594097
2019-11-28,acquisition,acquirer,Total Holdings SAS,CCI approves acquisition of 37.40% of the paid up share capital and joint control of Adani Gas Limited by Total Holdings SAS,https://pib.gov.in/PressReleasePage.aspx?PRID=1594097
2019-11-26,acquisition,target,Suzuki Motor Corporation (SMC) by Toyota Motor Corporation (TMC) and the acquisition of 0.24% shareholding in TMC,CCI approves acquisition of 4.94% shareholding in Suzuki Motor Corporation (SMC) by Toyota Motor Corporation (TMC) and the acquisition of 0.24% shareholding in TMC by SMC,https://pib.gov.in/PressReleasePage.aspx?PRID=1593589
2019-11-26,acquisition,acquirer,SMC,CCI approves acquisition of 4.94% shareholding in Suzuki Motor Corporation (SMC) by Toyota Motor Corporation (TMC) and the acquisition of 0.24% shareholding in TMC by SMC,https://pib.gov.in/PressReleasePage.aspx?PRID=1593589
2019-11-18,acquisition,target,the ‘Plates & Coils Mill Division’ of Welspun Corp Limited,CCI approves the acquisition of the ‘Plates & Coils Mill Division’ of Welspun Corp Limited by Laptev Finance Private Limited,https://pib.gov.in/PressReleasePage.aspx?PRID=1592079
2019-11-18,acquisition,acquirer,Laptev Finance Private Limited,CCI approves the acquisition of the ‘Plates & Coils Mill Division’ of Welspun Corp Limited by Laptev Finance Private Limited,https://pib.gov.in/PressReleasePage.aspx?PRID=1592079
2019-10-24,acquisition,target,Aditya Birla Capital Limited,"CCI approves acquisition of 4.15% of the shareholding in Aditya Birla Capital Limited by Jomei Investments Ltd. of Combination under Section 31(1) of the Competition Act, 2002",https://pib.gov.in/PressReleasePage.aspx?PRID=1589095
2019-10-24,acquisition,acquirer,Jomei Investments Ltd,"CCI approves acquisition of 4.15% of the shareholding in Aditya Birla Capital Limited by Jomei Investments Ltd. of Combination under Section 31(1) of the Competition Act, 2002",https://pib.gov.in/PressReleasePage.aspx?PRID=1589095
2018-11-22,acquisition,target,the electrical and automation business of Larsen & Toubro Limited,CCI invites comments from public in respect of the proposed acquisition of the electrical and automation business of Larsen & Toubro Limited by Schneider Electric India Private Limited and MacRitchie Investments Pvt. Lim...,https://pib.gov.in/PressReleasePage.aspx?PRID=1553389
2018-11-22,acquisition,acquirer,Schneider Electric India Private Limited and MacRitchie Investments Pvt,CCI invites comments from public in respect of the proposed acquisition of the electrical and automation business of Larsen & Toubro Limited by Schneider Electric India Private Limited and MacRitchie Investments Pvt. Lim...,https://pib.gov.in/PressReleasePage.aspx?PRID=1553389
