company_name,category,mentions,MIN(date),MAX(date),title,url
REC Limited,PSU/CPSE,22,2020-05-26,2024-07-25,Union Minister Shri Manohar Lal inaugurates National Feeder Monitoring System Control Centre at REC Limited on it’s 55th Foundation Day,https://pib.gov.in/PressReleasePage.aspx?PRID=2037222
Power Finance Corporation,PSU/CPSE,6,2018-12-06,2024-05-15,"Power Finance Corporation announces Financial Results for 2023-24, registers Highest Annual Profit",https://pib.gov.in/PressReleasePage.aspx?PRID=2020673
Power Grid Corporation,PSU/CPSE,2,2020-09-08,2020-09-08,Cabinet approves asset monetization of subsidiaries of Power Grid Corporation of India limited through infrastructure investment trust,https://pib.gov.in/PressReleasePage.aspx?PRID=1652428
Coal India Limited,Unknown,29,2017-09-15,2025-11-01,Coal India Limited Celebrates 50 Glorious Years of Nation Building,https://pib.gov.in/PressReleasePage.aspx?PRID=2185336
Coal India Ltd,Unknown,23,2018-08-09,2024-11-19,Coal India Ltd under the Aegis of Ministry of Coal receives Green World Awards 2024 in London,https://pib.gov.in/PressReleasePage.aspx?PRID=2074651
Ahmedabad Municipal Corporation,Unknown,10,2023-03-10,2026-07-12,"Union Home Minister and Minister of Cooperation Shri Amit Shah congratulates the Ahmedabad Municipal Corporation, all volunteers, and the people of the Gandhinagar Lok Sabha constituency for creating a Guinness World Rec...",https://pib.gov.in/PressReleasePage.aspx?PRID=2283926
National Cooperative Development Corporation,Unknown,10,2019-02-27,2025-11-19,Union Home and Cooperation Minister Shri Amit Shah addressed the 92nd General Council Meeting of the National Cooperative Development Corporation (NCDC) in New Delhi,https://pib.gov.in/PressReleasePage.aspx?PRID=2191892
NTPC Ltd,Unknown,9,2018-05-28,2025-07-16,Cabinet approves enhanced delegation of power to NTPC Ltd for investing in NTPC Renewable Energy Ltd. and its other JVs/ subsidiaries to set up Renewable Energy Capacity,https://pib.gov.in/PressReleasePage.aspx?PRID=2145144
NLC India Limited,Unknown,8,2017-10-25,2026-03-09,Transforming Mined Landscapes: NLC India Limited’s Journey in Sustainable Mine Restoration,https://pib.gov.in/PressReleasePage.aspx?PRID=2236959
Bharat Electronics Limited,Unknown,7,2019-08-22,2025-02-20,Ministry of Defence inks a contract worth ₹1220.12 Cr with Bharat Electronics Limited for procurement of 149 Software Defined Radios for Indian Coast Guard,https://pib.gov.in/PressReleasePage.aspx?PRID=2104928
Cochin Shipyard Limited,Unknown,7,2018-02-02,2024-11-30,MoD inks contract worth ₹1207 Cr with Cochin Shipyard Limited for Short Refit and Dry Docking of INS Vikramaditya,https://pib.gov.in/PressReleasePage.aspx?PRID=2079380
Jaiprakash Associates Limited,Unknown,7,2019-08-13,2025-10-14,CCI approves acquisition of Jaiprakash Associates Limited by Vedanta Limited,https://pib.gov.in/PressReleasePage.aspx?PRID=2179069
NTPC Green Energy Limited,Unknown,7,2023-02-09,2024-02-28,NTPC Green Energy Limited joins hands with MAHAGENCO for development of Renewable Energy Parks in Maharashtra,https://pib.gov.in/PressReleasePage.aspx?PRID=2009871
National Skill Development Corporation,Unknown,7,2017-04-26,2026-08-24,National Skill Development Corporation and Cultus Education Launches Nationwide Cloud and AI Skilling Initiative with Support from Amazon Web Services (AWS),https://pib.gov.in/PressReleasePage.aspx?PRID=2302495
Central Warehousing Corporation,Unknown,6,2019-06-10,2026-03-02,Central Warehousing Corporation Celebrates its 70th Foundation Day,https://pib.gov.in/PressReleasePage.aspx?PRID=2234650
Hindustan Copper Limited,Unknown,6,2017-08-03,2025-03-27,"Ministry of Labour and Employment Conducts Mock Drill at Surda Copper Mine, of M/s Hindustan Copper Limited to Assess Emergency Preparedness under Crisis Management Plan, 2024",https://pib.gov.in/PressReleasePage.aspx?PRID=2116035
South Eastern Coalfields Ltd,Unknown,6,2023-07-11,2024-01-31,South Eastern Coalfields Ltd to open AMRIT Pharmacies in its Hospitals,https://pib.gov.in/PressReleasePage.aspx?PRID=2000848
Mahanadi Coalfields Limited,Unknown,5,2021-10-18,2024-01-18,Cabinet approves equity investment by (i) South Eastern Coalfields Limited for setting-up 1×660 MW Thermal Power Plant through JV of SECL and MPPGCL; and (ii) Mahanadi Coalfields Limited for setting-up 2x800 MW Thermal P...,https://pib.gov.in/PressReleasePage.aspx?PRID=1997194
NLC India Ltd,Unknown,5,2021-10-13,2023-12-26,NLC India Ltd Contributes Rs. 4.30 Crore to CM Relief Fund for Flood Affected People of Tamil Nadu,https://pib.gov.in/PressReleasePage.aspx?PRID=1990435
National Asset Reconstruction Company Limited,Unknown,5,2021-09-15,2026-04-30,"National Asset Reconstruction Company Limited (NARCL) Strengthens India’s Stressed Asset Resolution Framework, Accelerates Recoveries in FY 2025–26",https://pib.gov.in/PressReleasePage.aspx?PRID=2256984
National Cooperative Organics Limited,Unknown,5,2023-11-06,2026-04-01,National Cooperative Organics Limited (NCOL),https://pib.gov.in/PressReleasePage.aspx?PRID=2247819
National Fertilizers Limited,Unknown,5,2017-07-27,2020-09-13,Union Minister Shri Mansukh Mandaviya visits National Fertilizers Limited Nangal ( Punjab) Plant,https://pib.gov.in/PressReleasePage.aspx?PRID=1653794
National Industrial Corridor Development Corporation,Unknown,5,2024-11-08,2025-11-12,Council of Scientific & Industrial Research (CSIR) and National Industrial Corridor Development Corporation (NICDC) Partner to Drive Innovation Across India’s Industrial Corridors,https://pib.gov.in/PressReleasePage.aspx?PRID=2189220
National Mineral Development Corporation,Unknown,5,2018-01-10,2021-09-28,National Mineral Development Corporation and CSIR Partner for R&D Projects,https://pib.gov.in/PressReleasePage.aspx?PRID=1758895
National Research Development Corporation,Unknown,5,2022-04-22,2025-07-31,National Research Development Corporation (NRDC) and Doon University Forge Strategic Partnership to Drive Innovation and Commercialization,https://pib.gov.in/PressReleasePage.aspx?PRID=2150609
Solar Energy Corporation,Unknown,5,2022-11-11,2024-06-08,Solar Energy Corporation of India issues RfS for selection of Green Ammonia Producers under SIGHT Programme of the National Green Hydrogen Mission (NGHM),https://pib.gov.in/PressReleasePage.aspx?PRID=2023625
Brahmaputra Valley Fertilizer Corporation Limited,Unknown,4,2021-02-10,2025-03-19,"Cabinet approves setting up of a new Brownfield Ammonia-Urea Complex Namrup IV Fertilizer Plant within the existing premises of Brahmaputra Valley Fertilizer Corporation Limited (BVFCL), Namrup, Assam",https://pib.gov.in/PressReleasePage.aspx?PRID=2112775
Cotton Corporation,Unknown,4,2021-07-23,2026-01-21,Cotton Corporation of India hands over ₹8.89 crore dividend to Union Minister of Textiles for FY 2024 - 25,https://pib.gov.in/PressReleasePage.aspx?PRID=2217001
ESI Corporation,Unknown,4,2018-02-20,2021-04-23,Service measures taken by ESI Corporation during recent surge of COVID-19 pandemic,https://pib.gov.in/PressReleasePage.aspx?PRID=1713644
Hindustan Urvarak and Rasayan Limited,Unknown,4,2018-08-01,2022-03-22,Cabinet approves extension of applicability of New Investment Policy-2012 for three units of Hindustan Urvarak and Rasayan Limited,https://pib.gov.in/PressReleasePage.aspx?PRID=1808125
ITI Limited,Unknown,4,2018-03-21,2022-07-01,Department of Telecommunications signs agreement with ITI Limited and BSNL to fund pilot projects under Universal Service Obligation Fund (USOF),https://pib.gov.in/PressReleasePage.aspx?PRID=1838558
India Infrastructure Finance Company Limited,Unknown,4,2018-03-20,2019-12-11,Cabinet approves the proposal for increase in authorised capital and equity support to India Infrastructure Finance Company Limited (IIFCL),https://pib.gov.in/PressReleasePage.aspx?PRID=1595956
Indian Renewable Energy Development Agency Limited,Unknown,4,2022-01-19,2023-03-17,Cabinet approves listing of Indian Renewable Energy Development Agency Limited on stock exchanges through an Initial Public Offer by part-sale of Government’s stake in it and to raise funds through issue of fresh equity ...,https://pib.gov.in/PressReleasePage.aspx?PRID=1908115
International Finance Corporation,Unknown,4,2019-03-07,2024-12-31,"CCI approves the acquisition of certain shareholding of Fourth Partner Energy Private Limited (Target) by International Finance Corporation (IFC), Asian Development Bank (ADB) and DEG - Deutsche Investitions - und Entwic...",https://pib.gov.in/PressReleasePage.aspx?PRID=2089052
Mahanadi Coalfields Ltd,Unknown,4,2021-08-31,2023-07-07,"Mahanadi Coalfields Ltd to impart Virtual Reality-based Safety & Operational Training to 17,000 Workforce",https://pib.gov.in/PressReleasePage.aspx?PRID=1937973
Mazagon Dock Shipbuilders Ltd,Unknown,4,2023-06-30,2024-05-14,Mazagon Dock Shipbuilders Ltd celebrates 250th Foundation Day,https://pib.gov.in/PressReleasePage.aspx?PRID=2020568
NHPC Limited,Unknown,4,2021-06-05,2024-08-31,NHPC Limited accorded with ‘Navratna’ company status,https://pib.gov.in/PressReleasePage.aspx?PRID=2050374
NHPC Ltd,Unknown,4,2019-01-16,2022-02-18,"New vertical set up by NHPC Ltd. For development of renewable energy, Small Hydro and Green Hydrogen Projects",https://pib.gov.in/PressReleasePage.aspx?PRID=1799400
NTPC Green Energy Ltd,Unknown,4,2023-01-04,2024-01-12,NTPC Green Energy Ltd. signs MoUs with GSPC and GPPL during Vibrant Gujarat Global Summit,https://pib.gov.in/PressReleasePage.aspx?PRID=1995627
North Eastern Development Finance Corporation Ltd,Unknown,4,2020-03-05,2024-01-01,North Eastern Development Finance Corporation Ltd sanctions ₹766.47 crores and disburses ₹547.11 crores for 5338 project in NE Region,https://pib.gov.in/PressReleasePage.aspx?PRID=1992113
Rashtriya Ispat Nigam Limited,Unknown,4,2022-09-28,2026-06-08,Fire accident at Vishakhapatnam Steel Plant (VSP) under Rashtriya Ispat Nigam Limited (RINL),https://pib.gov.in/PressReleasePage.aspx?PRID=2270473
South Eastern Coalfields Limited,Unknown,4,2024-01-18,2025-03-19,Facilities to Local People by South Eastern Coalfields Limited,https://pib.gov.in/PressReleasePage.aspx?PRID=2112724
Steel Authority of India Limited,Unknown,4,2022-09-28,2024-09-26,Steel Authority of India Limited (SAIL) conducted its 52nd Annual General Meeting,https://pib.gov.in/PressReleasePage.aspx?PRID=2058939
Talcher Fertilizers Ltd,Unknown,4,2018-09-19,2022-08-16,"Dr. Mansukh Mandaviya, Minister of Chemicals and Fertilizers reviews progress of Hindustan Urvarak & Rasayan Limited (HURL)-Sindri and Barauni projects and progress of Talcher Fertilizers Ltd. (TFL), country’s first urea...",https://pib.gov.in/PressReleasePage.aspx?PRID=1852295
Telecommunications Consultants India Limited,Unknown,4,2023-04-21,2025-10-14,Telecommunications Consultants India Limited (TCIL) Honored with HR Excellence Award at The Fortune Leadership Awards 2025,https://pib.gov.in/PressReleasePage.aspx?PRID=2178741
ANI Technologies Private Limited,Unknown,3,2019-10-30,2021-08-13,CCI approves acquisition of shares by MacRitchie Investments and Fort Canning Investments; and voting rights by Mr. Bhavish Aggarwal in ANI Technologies Private Limited,https://pib.gov.in/PressReleasePage.aspx?PRID=1745503
API Holdings Limited,Unknown,3,2024-01-31,2024-01-31,CCI approves acquisition of additional shares of API Holdings Limited by Naspers Ventures B.V.,https://pib.gov.in/PressReleasePage.aspx?PRID=2000725
ATC Telecom Infrastructure Private Limited,Unknown,3,2020-11-25,2024-08-07,CCI approves acquisition of 100% of share capital of ATC Telecom Infrastructure Private Limited by Data Infrastructure Trust and certain inter-connected transactions,https://pib.gov.in/PressReleasePage.aspx?PRID=2042796
Aakash Educational Services Limited,Unknown,3,2021-06-08,2025-06-24,CCI approves combination involving acquisition in Aakash Educational Services Limited by Manipal Health Systems Private Limited and Manipal Education and Medical Group India Private Limited,https://pib.gov.in/PressReleasePage.aspx?PRID=2139298
Adani Green Energy Limited,Unknown,3,2020-04-01,2021-07-01,CCI approves acquisition of SB Energy Holding Limited by Adani Green Energy Limited,https://pib.gov.in/PressReleasePage.aspx?PRID=1731853
Adani Power Limited,Unknown,3,2020-07-30,2024-03-26,CCI approves 100% acquisition of Lanco Amarkantak Power Limited by Adani Power Limited,https://pib.gov.in/PressReleasePage.aspx?PRID=2016413
Aditya Birla Fashion and Retail Limited,Unknown,3,2021-01-21,2023-06-27,CCI approves acquisition of TCNS Clothing Co. Limited by Aditya Birla Fashion and Retail Limited,https://pib.gov.in/PressReleasePage.aspx?PRID=1935673
Damodar Valley Corporation,Unknown,3,2023-08-26,2026-01-15,"Ministry of Coal Executes Agreements for Three Commercial Coal Blocks with Damodar Valley Corporation, Advancing India’s Energy Security and Employment Goals",https://pib.gov.in/PressReleasePage.aspx?PRID=2214924
Dedicated Freight Corridor Corporation India Limited,Unknown,3,2020-08-24,2020-09-01,"Shri Piyush Goyal, Minister of Railways and Commerce & Industry reviews the progress of Dedicated Freight Corridor Corporation India Limited (DFCCIL)",https://pib.gov.in/PressReleasePage.aspx?PRID=1650289
ECGC Ltd,Unknown,3,2021-09-29,2023-06-23,Union Minister of Commerce and Industry Shri Piyush Goyal lauds the support and encouragement provided to exporters by ECGC Ltd.,https://pib.gov.in/PressReleasePage.aspx?PRID=1934835
Hindustan Copper Ltd,Unknown,3,2021-08-07,2023-01-04,"Hindustan Copper Ltd Signs MoU with IIT (ISM), Dhanbad for Technical Collaboration",https://pib.gov.in/PressReleasePage.aspx?PRID=1888479
Hindustan Organic Chemicals Limited,Unknown,3,2020-05-20,2020-09-19,Hindustan Organic Chemicals Limited (HOCL)get BIS Certification for all its products,https://pib.gov.in/PressReleasePage.aspx?PRID=1656679
Indradhanush Gas Grid Limited,Unknown,3,2020-01-08,2021-10-22,Numaligarh Refinery Limited inks pipeline ‘Right to Use’ sharing agreement with Indradhanush Gas Grid Limited,https://pib.gov.in/PressReleasePage.aspx?PRID=1765703
Jongsong Investments Pte. Ltd,Unknown,3,2024-11-26,2025-10-07,"CCI approves the proposed combination involving, inter alia, Jongsong Investments Pte. Ltd. (Jongsong), Ivanhoe Cambridge Singapore Investments II Pte. Ltd. (IC Singapore), Adamas Asset Holdings Pte. Ltd. (AHPL), RGIP Ho...",https://pib.gov.in/PressReleasePage.aspx?PRID=2176034
Konkan Railway Corporation Ltd,Unknown,3,2017-12-15,2021-08-14,"Election for sole bargaining Agent in Konkan Railway Corporation Ltd, Mumbai.",https://pib.gov.in/PressReleasePage.aspx?PRID=1745817
MacRitchie Investments Pte. Ltd,Unknown,3,2020-06-15,2026-03-11,CCI approves acquisition of a certain stake in Curefit Healthcare (Target) by MacRitchie Investments Pte. Ltd. (Acquirer),https://pib.gov.in/PressReleasePage.aspx?PRID=2238086
NMDC Ltd,Unknown,3,2020-10-14,2024-09-18,NMDC Ltd Honored with Rajbhasha Kirti Award 2023-2024,https://pib.gov.in/PressReleasePage.aspx?PRID=2056016
NTPC Renewable Energy Limited,Unknown,3,2022-07-02,2023-11-04,"NTPC Renewable Energy Limited declares Commercial Operation of its Maiden Project - the 50 MW Dayapar Wind Project in Kachch, Gujarat",https://pib.gov.in/PressReleasePage.aspx?PRID=1974742
NTPC Renewable Energy Ltd,Unknown,3,2023-03-21,2025-07-16,Cabinet approves enhanced delegation of power to NTPC Ltd for investing in NTPC Renewable Energy Ltd. and its other JVs/ subsidiaries to set up Renewable Energy Capacity,https://pib.gov.in/PressReleasePage.aspx?PRID=2145144
National Film Development Corporation,Unknown,3,2024-08-20,2026-03-11,India Expands Promotion of Cinema and Creative Talent through DCDFC Scheme Implemented by National Film Development Corporation,https://pib.gov.in/PressReleasePage.aspx?PRID=2238117
National Land Monetization Corporation,Unknown,3,2022-03-09,2022-03-29,Cabinet approves setting up of National Land Monetization Corporation (NLMC),https://pib.gov.in/PressReleasePage.aspx?PRID=1811082
National Minorities Development and Finance Corporation,Unknown,3,2019-02-05,2025-12-10,National Minorities Development and Finance Corporation (NMDFC) implements marketing scheme for providing marketing opportunities to minority artisans and crafts persons across the country,https://pib.gov.in/PressReleasePage.aspx?PRID=2201453
Nepa Limited,Unknown,3,2018-10-03,2018-11-08,Revival and modernization plan for Nepa Limited,https://pib.gov.in/PressReleasePage.aspx?PRID=1552105
New Space India Ltd,Unknown,3,2019-07-05,2022-07-20,"Union Minister Dr Jitendra Singh says, 10 (Ten) in-orbit operational communication satellites have been transferred from Government of India to M/s. New Space India Ltd (NSIL), a CPSE under Department of Space",https://pib.gov.in/PressReleasePage.aspx?PRID=1843088
Numaligarh Refinery Limited,Unknown,3,2021-10-22,2024-01-31,NTPC and Oil India Limited’s Numaligarh Refinery Limited to build strategic partnership in Green Chemicals and Green Projects,https://pib.gov.in/PressReleasePage.aspx?PRID=2000826
Oriental Insurance Company Limited,Unknown,3,2020-07-08,2026-03-27,"Oriental Insurance Company Limited (OICL) crosses ₹20,000 crore in Gross Premium for FY 2025–2026",https://pib.gov.in/PressReleasePage.aspx?PRID=2246224
RSC Limited,Unknown,3,2021-06-08,2025-08-19,CCI approves the proposed acquisition of certain shareholding of Micro Life Sciences Pvt. Ltd. by Platinum Jasmine A 2018 Trust (acting through its trustee Platinum Owl C 2018 RSC Limited),https://pib.gov.in/PressReleasePage.aspx?PRID=2158151
Solar Energy Corporation of India Limited,Unknown,3,2023-05-31,2024-08-06,Solar Energy Corporation of India Limited (SECI) declares its Financial Results of FY 23-24,https://pib.gov.in/PressReleasePage.aspx?PRID=2042343
Suven Pharmaceuticals Limited,Unknown,3,2023-04-20,2023-09-13,Cabinet approves foreign investment of up to Rs.9589 crore in M/s Suven Pharmaceuticals Limited,https://pib.gov.in/PressReleasePage.aspx?PRID=1956906
Vastu Housing Finance Corporation Limited,Unknown,3,2024-08-07,2025-04-08,"CCI approves the proposed acquisition of shareholding in Vastu Housing Finance Corporation Limited, APAC Financial Services Limited, and Quantiphi, Inc by Multiples Plenty Private Equity GIFT Fund",https://pib.gov.in/PressReleasePage.aspx?PRID=2120190
Vodafone Idea Limited,Unknown,3,2019-02-28,2021-11-11,Telecom Department allots license and spectrum to Vodafone Idea Limited and Reliance Jio Infocomm for 5G testing in Gujarat,https://pib.gov.in/PressReleasePage.aspx?PRID=1770985
API Holdings Private Limited,Unknown,2,2020-12-31,2021-02-23,CCI approves acquisition of API Holdings Private Limited equity shareholding by CDPQ Private Equity Asia Pte. Ltd.,https://pib.gov.in/PressReleasePage.aspx?PRID=1700108
ATC Asia Pacific Pte. Ltd,Unknown,2,2020-11-25,2020-11-25,Cabinet approves FDI of Rs. 2480.92 crore in M/s. ATC Telecom Infrastructure Private Limited by M/s. ATC Asia Pacific Pte. Ltd.,https://pib.gov.in/PressReleasePage.aspx?PRID=1675606
Adani Ports and Special Economic Zone Limited,Unknown,2,2020-07-23,2021-05-18,CCI approves proposed acquisition of additional 25% shareholding of Adani Krishnapatnam Port Limited by Adani Ports and Special Economic Zone Limited,https://pib.gov.in/PressReleasePage.aspx?PRID=1719647
Adani Ports and Special Economic Zones Limited,Unknown,2,2021-04-13,2021-09-20,CCI approves proposed acquisition of 10.4% of equity shareholding of Gangavaram Port Limited (GPL) by Adani Ports and Special Economic Zones Limited (APSEZ),https://pib.gov.in/PressReleasePage.aspx?PRID=1756527
Aditya Birla Capital Limited,Unknown,2,2019-10-24,2025-05-22,India Post Payments Bank Partners with Aditya Birla Capital Limited to Simplify Accessibility to Loan Products across India,https://pib.gov.in/PressReleasePage.aspx?PRID=2130499
Anchorage Infrastructure Investment Holding Ltd,Unknown,2,2021-08-25,2021-08-25,"Cabinet approvesFDI proposal of M/s Anchorage Infrastructure Investment Holding Ltd, proposing an investment of Rs.15000 crore in India",https://pib.gov.in/PressReleasePage.aspx?PRID=1748834
Andaman & Nicobar Islands Forest and Plantation Development Corporation Limited,Unknown,2,2017-08-16,2017-08-16,"Cabinet approves closure of Andaman & Nicobar Islands Forest and Plantation Development Corporation Limited (ANIFPDCL), Port Blair",https://pib.gov.in/PressReleasePage.aspx?PRID=1499793
Apraava Energy Private Limited,Unknown,2,2022-09-05,2024-08-22,RECPDCL Hands Over Rajasthan IV-A Power Transmission Limited to M/s Apraava Energy Private Limited,https://pib.gov.in/PressReleasePage.aspx?PRID=2047582
Aseem Infrastructure Finance Limited and NIIF Infrastructure Finance Limited,Unknown,2,2020-11-25,2020-11-25,Cabinet approves Capital infusion into NIIF Infrastructure Debt Financing Platform comprising Aseem Infrastructure Finance Limited and NIIF Infrastructure Finance Limited,https://pib.gov.in/PressReleasePage.aspx?PRID=1675599
Asia Healthcare Holdings Pte. Ltd,Unknown,2,2024-03-12,2025-04-15,"CCI approves the proposed combination involving Waverly Pte. Ltd (“Waverly”), TPG Growth V SF Markets Pte. Ltd (“Growth V”), TPG Growth III SF Pte. Ltd (“Growth III”), Asia Healthcare Holdings Pte. Ltd (“AHH Singapore”),...",https://pib.gov.in/PressReleasePage.aspx?PRID=2121948
Axis Bank Limited,Unknown,2,2021-01-21,2024-04-02,"CCI approves subscription to 14,25,79,161 equity shares of Max Life Insurance Company Limited by Axis Bank Limited",https://pib.gov.in/PressReleasePage.aspx?PRID=2016983
BEML Limited,Unknown,2,2023-10-01,2024-03-04,"MoD inks MoU with BEML Limited, BEL & MIDHANI for indigenous development of Advanced Fuelling & Control System for Engines for heavy duty applications",https://pib.gov.in/PressReleasePage.aspx?PRID=2011274
Bharat Biotech International Ltd,Unknown,2,2021-02-26,2024-10-24,"IASST Guwahati, inks MoU with Bharat Biotech International Ltd. (BBIL), Hyderabad, on Technology Transfer",https://pib.gov.in/PressReleasePage.aspx?PRID=2067666
Bharat Coking Coal Limited,Unknown,2,2025-04-01,2026-04-23,Bharat Coking Coal Limited Introduces PI Relaxation and Cash Discount Scheme for Power Sector Consumers in Q1 FY 2026-27,https://pib.gov.in/PressReleasePage.aspx?PRID=2254953
Bharat Coking Coal Ltd,Unknown,2,2021-08-24,2023-11-30,Bharat Coking Coal Ltd starts Commercial Operations of 5.0 MTPA Madhuband Washery,https://pib.gov.in/PressReleasePage.aspx?PRID=1981073
Bharat Dynamics Limited,Unknown,2,2020-03-05,2022-07-02,"Raksha Mantri Shri Rajnath Singh dedicates to the nation new manufacturing facilities at Bharat Dynamics Limited, Bhanur",https://pib.gov.in/PressReleasePage.aspx?PRID=1838815
Bharat Electronics Ltd,Unknown,2,2020-03-12,2020-04-09,CSIR- National Chemical Laboratory (NCL) Pune ties up with Bharat Electronics Ltd (BEL) for production of medical devices,https://pib.gov.in/PressReleasePage.aspx?PRID=1612414
Bharat PetroResources Ltd,Unknown,2,2022-07-27,2022-07-27,Cabinet approves additional investment by Bharat PetroResources Ltd. a wholly owned subsidiary of Bharat Petroleum Corporation Limited for development of BM-SEAL-11 project in Brazil,https://pib.gov.in/PressReleasePage.aspx?PRID=1845424
Bharat Petroleum Corporation Limited,Unknown,2,2022-07-27,2022-07-27,Cabinet approves additional investment by Bharat PetroResources Ltd. a wholly owned subsidiary of Bharat Petroleum Corporation Limited for development of BM-SEAL-11 project in Brazil,https://pib.gov.in/PressReleasePage.aspx?PRID=1845424
Bharat Sanchar Nigam Limited,Unknown,2,2017-09-12,2017-09-12,"Cabinet approves hiving off mobile tower assets of Bharat Sanchar Nigam Limited into a separate company, fully owned by BSNL",https://pib.gov.in/PressReleasePage.aspx?PRID=1502532
Bharatiya Beej Sahkari Samiti Limited,Unknown,2,2025-02-25,2025-05-03,"Union Home Minister and Minister of Cooperation Shri Amit Shah reviews the progress of National Cooperative Exports Limited (NCEL), National Cooperative Organics Limited (NCOL) and Bharatiya Beej Sahkari Samiti Limited (...",https://pib.gov.in/PressReleasePage.aspx?PRID=2126629
Bhartiya Beej Sahkari Samiti Limited,Unknown,2,2024-07-31,2024-12-26,Union Home Minister and Minister of Cooperation Shri Amit Shah chairs a review meeting of Bhartiya Beej Sahkari Samiti Limited (BBSSL) in New Delhi,https://pib.gov.in/PressReleasePage.aspx?PRID=2088223
Biecco Lawrie Limited,Unknown,2,2018-10-10,2018-10-10,Cabinet approves closure of Biecco Lawrie Limited,https://pib.gov.in/PressReleasePage.aspx?PRID=1549152
Bihar Rajya Jeevika Nidhi Saakh Sahkari Sangh Limited,Unknown,2,2025-09-02,2025-09-02,Prime Minister Shri Narendra Modi launches Bihar Rajya Jeevika Nidhi Saakh Sahkari Sangh Limited,https://pib.gov.in/PressReleasePage.aspx?PRID=2163021
Birds Jute & Exports Ltd,Unknown,2,2018-10-10,2018-10-10,Cabinet approves closure of National Jute Manufactures Corporation Ltd. and its subsidiary Birds Jute & Exports Ltd.,https://pib.gov.in/PressReleasePage.aspx?PRID=1549156
Brahmaputra Cracker and Polymer Ltd,Unknown,2,2019-12-24,2019-12-24,Cabinet approves transfer of administrative control of Brahmaputra Cracker and Polymer Ltd.,https://pib.gov.in/PressReleasePage.aspx?PRID=1597372
Brihanmumbai Municipal Corporation,Unknown,2,2023-05-23,2026-01-29,National Biodiversity Authority Disburses Rs 17 Lakh to Brihanmumbai Municipal Corporation Under ABS Mechanism,https://pib.gov.in/PressReleasePage.aspx?PRID=2219875
Burn Standard Company Limited,Unknown,2,2018-04-04,2018-04-04,Cabinet approves closure of loss making Burn Standard Company Limited - a Central Public Sector Enterprise (CPSE),https://pib.gov.in/PressReleasePage.aspx?PRID=1527706
C Corporation of Telecommunications Consultants India Ltd,Unknown,2,2018-03-21,2018-03-21,Cabinet approves formation of 100% owned C Corporation of Telecommunications Consultants India Ltd. (TCIL) in USA,https://pib.gov.in/PressReleasePage.aspx?PRID=1525669
Central Electronics Limited,Unknown,2,2024-06-26,2025-06-26,"Chief Minister of Uttar Pradesh Yogi Adityanath and Union Minister for Science & Technology Dr. Jitendra Singh today lay the foundation stone of state-of-the-art Green Data Centre at Central Electronics Limited (CEL), Gh...",https://pib.gov.in/PressReleasePage.aspx?PRID=2139953
Central Railside Warehouse Company Limited,Unknown,2,2021-06-23,2021-06-23,Cabinet approves merger of Central Railside Warehouse Company Limited (CRWC) with Central Warehousing Corporation (CWC),https://pib.gov.in/PressReleasePage.aspx?PRID=1729643
Central Warehouse Corporation,Unknown,2,2020-05-22,2021-04-06,"Central Warehouse Corporation should double its storage capacity by the end of 2023 and achieve a turnover of Rs.10,000 crore by FY 2024-25: Shri Piyush Goyal",https://pib.gov.in/PressReleasePage.aspx?PRID=1709878
Closure of Hindustan Fluorocarbons Limited,Unknown,2,2020-01-22,2020-01-22,"Cabinet approves Closure of Hindustan Fluorocarbons Limited (HFL), a Central Public Sector Enterprise (CPSE) under Department of Chemicals & Petrochemicals",https://pib.gov.in/PressReleasePage.aspx?PRID=1600107
DBS Bank India Limited,Unknown,2,2020-11-25,2020-11-25,Cabinet approves Scheme of Amalgamation of Lakshmi Vilas Bank with DBS Bank India Limited,https://pib.gov.in/PressReleasePage.aspx?PRID=1675604
Daiwa International Holdings Inc,Unknown,2,2023-06-13,2026-02-03,CCI approves subscription to 15.01% equity shareholding of Ambit Wealth Private Limited (Target) by Daiwa International Holdings Inc. (Acquirer),https://pib.gov.in/PressReleasePage.aspx?PRID=2222755
Department of Biotechnology Mission COVID Suraksha Supported Biological E Limited,Unknown,2,2021-09-03,2021-12-29,Department of Biotechnology Mission COVID Suraksha Supported Biological E Limited Novel COVID-19 vaccine candidate – CORBEVAXTM receives DCGI approval for Emergency Use Authorization,https://pib.gov.in/PressReleasePage.aspx?PRID=1786152
Department of Food and Public Distribution and Food Corporation,Unknown,2,2024-09-13,2025-09-23,Department of Food and Public Distribution and Food Corporation of India signs MoU to strengthen foodgrain management,https://pib.gov.in/PressReleasePage.aspx?PRID=2170283
Dredging Corporation,Unknown,2,2019-03-08,2022-03-17,Dredging Corporation of India inks Historic Ship Building Agreement for the First Make in India Project for Construction of First Beagle Series 12 Trailing Suction Hopper Dredger at Cochin Shipyard Limited,https://pib.gov.in/PressReleasePage.aspx?PRID=1806973
Dredging Corporation of India Ltd,Unknown,2,2018-11-08,2018-11-08,Cabinet approves strategic disinvestment of 100% Govt. of India’s equity in the Dredging Corporation of India Ltd. (DCIL),https://pib.gov.in/PressReleasePage.aspx?PRID=1552154
EPL Limited,Unknown,2,2025-05-13,2026-05-26,CCI approves the merger of Indovida India with and into EPL Limited,https://pib.gov.in/PressReleasePage.aspx?PRID=2265619
Eastern Coalfields Limited,Unknown,2,2025-06-05,2025-06-20,"Union Minister of Coal and Mines, Shri G Kishan Reddy Commences Two-Day Visit to Eastern Coalfields Limited",https://pib.gov.in/PressReleasePage.aspx?PRID=2137996
Ecom Express Private Limited,Unknown,2,2019-11-14,2021-02-10,CCI approves subscription to securities of Ecom Express Private Limited by CDC Group plc.,https://pib.gov.in/PressReleasePage.aspx?PRID=1696863
Edelweiss Securities Limited,Unknown,2,2019-10-16,2019-12-13,CCI approves Sanaka Growth SPV I Limited investment in Edelweiss Securities Limited,https://pib.gov.in/PressReleasePage.aspx?PRID=1596409
Export Credit Guarantee Corporation Ltd,Unknown,2,2018-06-27,2018-06-27,Cabinet approves capital infusion in Export Credit Guarantee Corporation Ltd.,https://pib.gov.in/PressReleasePage.aspx?PRID=1536689
Export Credit Guarantee Corporation Ltd.,Unknown,2,2021-09-29,2021-09-29,Cabinet approveslisting of Export Credit Guarantee Corporation Ltd.through the Initial Public Offer on the stock Exchange,https://pib.gov.in/PressReleasePage.aspx?PRID=1759261
FCI Aravali Gypsum & Minerals India Limited,Unknown,2,2022-10-11,2024-10-25,"Dividend of Rs. 12,84,00,000 presented to the Minister of Chemical & Fertilizers by FCI Aravali Gypsum & Minerals India Limited",https://pib.gov.in/PressReleasePage.aspx?PRID=2068281
Financial Reporting Quality Review Report of KIOCL Ltd,Unknown,2,2021-09-28,2021-09-28,NFRA issues Financial Reporting Quality Review Report of KIOCL Ltd. for FY 2019-20,https://pib.gov.in/PressReleasePage.aspx?PRID=1758789
Gandhinagar Municipal Corporation,Unknown,2,2024-10-04,2026-05-17,Union Home Minister and Minister of Cooperation Shri Amit Shah inaugurates and lays foundation stones for various development projects of Gandhinagar Municipal Corporation worth Rs. 620 crore in Gujarat,https://pib.gov.in/PressReleasePage.aspx?PRID=2262066
Gangavaram Port Limited,Unknown,2,2021-04-13,2021-09-20,CCI approves proposed acquisition of 10.4% of equity shareholding of Gangavaram Port Limited (GPL) by Adani Ports and Special Economic Zones Limited (APSEZ),https://pib.gov.in/PressReleasePage.aspx?PRID=1756527
Gennova Biopharmaceuticals Ltd,Unknown,2,2020-07-24,2021-04-13,Department of Biotechnology provides under Mission COVID Suraksha for Gennova Biopharmaceuticals Ltd.'s novel mRNA-based COVID 19 Vaccine candidate –HGCO19.,https://pib.gov.in/PressReleasePage.aspx?PRID=1711304
Goa Shipyard Limited,Unknown,2,2023-08-25,2026-08-26,Goa Shipyard Limited hands over ICGS Ajit to Indian Coast Guard,https://pib.gov.in/PressReleasePage.aspx?PRID=2303209
Goa Shipyard Ltd,Unknown,2,2024-10-28,2025-06-16,Fifth FPV ‘Achal’ built by Goa Shipyard Ltd Launched for ICG,https://pib.gov.in/PressReleasePage.aspx?PRID=2136647
Gujarat Urja Vikas Nigam Limited,Unknown,2,2024-03-06,2024-03-15,SJVN gets Letter of Intent from Gujarat Urja Vikas Nigam Limited for 200 MW Solar Project at Khavda in Kachchh district,https://pib.gov.in/PressReleasePage.aspx?PRID=2015099
HDFC ERGO General Insurance Company Limited,Unknown,2,2021-10-25,2023-06-20,CCI approves acquisition by HDFC Limited of certain additional shareholding of HDFC ERGO General Insurance Company Limited (HDFC ERGO),https://pib.gov.in/PressReleasePage.aspx?PRID=1933709
HDFC Limited,Unknown,2,2022-08-13,2023-06-20,CCI approves acquisition by HDFC Limited of certain additional shareholding of HDFC ERGO General Insurance Company Limited (HDFC ERGO),https://pib.gov.in/PressReleasePage.aspx?PRID=1933709
HPCL Rajasthan Refinery Limited,Unknown,2,2026-04-08,2026-04-08,"Cabinet approves revision in cost and investment in equity for HPCL Rajasthan Refinery Limited (HRRL), Pachpadra, District - Balotra, Rajasthan",https://pib.gov.in/PressReleasePage.aspx?PRID=2250035
Haldiram Snacks Food Private Limited,Unknown,2,2025-05-20,2025-06-24,"Competition Commission of India approves the acquisition of certain issued and paid-up equity share capital of Haldiram Snacks Food Private Limited (Target) by Alpha Wave Ventures II LP and Alpha Wave IHC CI, LP (Acquire...",https://pib.gov.in/PressReleasePage.aspx?PRID=2139295
Handicrafts and Handlooms Export Corporation of India Limited,Unknown,2,2021-03-16,2021-03-16,Cabinet approves closure of Handicrafts and Handlooms Export Corporation of India Limited,https://pib.gov.in/PressReleasePage.aspx?PRID=1705105
HealthCare Global Enterprises Limited,Unknown,2,2020-07-15,2025-05-01,CCI approves proposed combination involving acquisition in HealthCare Global Enterprises Limited by KKR through Hector Asia Holdings and KIA EBT II Scheme,https://pib.gov.in/PressReleasePage.aspx?PRID=2125856
Hero FinCorp Limited,Unknown,2,2020-03-11,2022-04-04,CCI approves acquisition of certain compulsorily convertible preference shares of Hero FinCorp Limited by AHVF II Holdings Singapore II Pte. Ltd.,https://pib.gov.in/PressReleasePage.aspx?PRID=1813387
Hindustan Organic Chemicals Ltd,Unknown,2,2017-05-17,2017-05-17,Cabinet approves Restructuring plan for Hindustan Organic Chemicals Ltd.,https://pib.gov.in/PressReleasePage.aspx?PRID=1490031
Hindustan Unilever Limited,Unknown,2,2022-08-03,2025-03-17,CCI approves acquisition of Uprising Science Private Limited by Hindustan Unilever Limited,https://pib.gov.in/PressReleasePage.aspx?PRID=2112019
Hindustan Vegetable Oils Corporation Ltd,Unknown,2,2017-11-30,2017-11-30,Cabinet approves transfer of landed assets owned by Hindustan Vegetable Oils Corporation Ltd. to Ministry of Housing and Urban Affairs,https://pib.gov.in/PressReleasePage.aspx?PRID=1511381
IDBI Bank Limited,Unknown,2,2021-05-05,2021-05-05,Cabinet approves strategic disinvestment and transfer of management control in IDBI Bank Limited,https://pib.gov.in/PressReleasePage.aspx?PRID=1716211
IL&FS Financial Services Limited,Unknown,2,2019-12-12,2020-08-17,NFRA issues Audit Quality Review Report of the Statutory Audit for FY 2017-18 of IL&FS Financial Services Limited,https://pib.gov.in/PressReleasePage.aspx?PRID=1646410
ITI Ltd,Unknown,2,2018-11-08,2018-11-08,"Cabinet approves Procurement Quota to M/s ITI Ltd. in procurements made by BSNL, MTNL and BBNL",https://pib.gov.in/PressReleasePage.aspx?PRID=1552153
India Ports Global Limited,Unknown,2,2020-02-26,2020-02-26,Cabinet approves Exemption from applicability of DPE Guidelines to India Ports Global Limited (IPGL),https://pib.gov.in/PressReleasePage.aspx?PRID=1604414
India Tourism Development Corporation Ltd,Unknown,2,2017-09-20,2017-09-20,"Cabinet approves transfer of Hotel Jaipur Ashok, Jaipur and Lalitha Mahal Palace Hotel, Mysore, units of India Tourism Development Corporation Ltd (ITDC) to Government of Rajasthan and Government of Karnataka, respective...",https://pib.gov.in/PressReleasePage.aspx?PRID=1503428
Indian Oil Corporation Limited,Unknown,2,2022-12-28,2023-03-20,NTPC Green Energy Limited (NGEL) inks pact with Indian Oil Corporation Limited (IOCL) for setting up renewable energy projects,https://pib.gov.in/PressReleasePage.aspx?PRID=1908918
Indian Railway Finance Corporation,Unknown,2,2018-02-06,2018-03-26,Government Guarantee for Indian Railway Finance Corporation (IRFC) Bonds: to further ease the flow of borrowed funds for Ministry of Railways to undertake projects,https://pib.gov.in/PressReleasePage.aspx?PRID=1526390
IndusInd International Holdings Limited,Unknown,2,2023-12-27,2024-08-20,Commission approves acquisition of shareholding in each of Invesco Asset Management (India) Private Limited and Invesco Trustee Private Limited by IndusInd International Holdings Limited,https://pib.gov.in/PressReleasePage.aspx?PRID=2047065
Initial Public Offer of Indian Renewable Energy Development Agency Limited,Unknown,2,2017-06-07,2017-06-07,Cabinet approves Initial Public Offer of Indian Renewable Energy Development Agency Limited,https://pib.gov.in/PressReleasePage.aspx?PRID=1492049
Instrumentation Limited,Unknown,2,2019-12-09,2023-09-16,"Union Minister for Heavy Industries felicitates Instrumentation Limited, FCRI, BHEL And HMT for their Contribution in Successful Launch of Chandrayan-3 Mission",https://pib.gov.in/PressReleasePage.aspx?PRID=1958024
Intas Pharmaceuticals Limited,Unknown,2,2020-04-30,2022-10-10,"Commission approves acquisition by Platinum Jasmine A 2018 Trust (Platinum Owl) of equity shareholding of Intas Pharmaceuticals Limited (Intas) under Section 31(1) of the Competition Act, 2002",https://pib.gov.in/PressReleasePage.aspx?PRID=1866544
Integrated Multi-purpose Corporation,Unknown,2,2021-07-22,2021-07-22,Cabinet approves establishment of an Integrated Multi-purpose Corporation for the Union Territory of Ladakh,https://pib.gov.in/PressReleasePage.aspx?PRID=1737736
International Flavors & Fragrances Inc,Unknown,2,2020-09-19,2025-03-05,CCI approves the proposed combination involving acquisition of pharma solution segment and product lines of Nourish segment of International Flavors & Fragrances Inc.(IFF) by Roquette Frères S.A.(Roquette),https://pib.gov.in/PressReleasePage.aspx?PRID=2108312
JSW Energy Limited,Unknown,2,2020-04-07,2025-03-05,CCI approves proposed acquisition of 100% shareholding in KSK Mahanadi Power Company Limited by JSW Energy Limited,https://pib.gov.in/PressReleasePage.aspx?PRID=2108310
JSW Neo Energy Limited,Unknown,2,2022-09-29,2025-03-17,CCI approves the proposed acquisition of 100% shareholding of O2 Power Midco Holdings Pte. Ltd. and O2 Energy SG Pte. Ltd. by JSW Neo Energy Limited.,https://pib.gov.in/PressReleasePage.aspx?PRID=2112020
Jamnalal Sons Private Limited,Unknown,2,2020-12-31,2023-04-12,CCI approves acquisition of stake in Mukand Sumi Special Steel Limited by Jamnalal Sons Private Limited from Mukand Limited,https://pib.gov.in/PressReleasePage.aspx?PRID=1915970
Jindal Power Limited,Unknown,2,2021-12-30,2025-09-30,CCI approves acquisition of Jaiprakash Associates Limited by Jindal Power Limited,https://pib.gov.in/PressReleasePage.aspx?PRID=2173327
Kamarajar Port Limited,Unknown,2,2019-02-28,2019-02-28,Cabinet gives ‘In Principle’ approval for strategic disinvestment of 100% GoI’s equity shares in Kamarajar Port Limited to Chennai Port Trust in a single process through strategic sale,https://pib.gov.in/PressReleasePage.aspx?PRID=1566726
Keimed Private Limited,Unknown,2,2023-02-09,2023-02-09,CCI approves internal restructuring involving certain subsidiaries of Keimed Private Limited,https://pib.gov.in/PressReleasePage.aspx?PRID=1897826
Lanco Amarkantak Power Limited,Unknown,2,2023-10-03,2024-03-26,CCI approves 100% acquisition of Lanco Amarkantak Power Limited by Adani Power Limited,https://pib.gov.in/PressReleasePage.aspx?PRID=2016413
Larsen & Toubro Limited,Unknown,2,2018-11-22,2019-06-06,CCI approves Acquisition of the electrical and automation business of Larsen & Toubro Limited by Schneider Electric India Private Limited and MacRitchie Investments Pte. Ltd.,https://pib.gov.in/PressReleasePage.aspx?PRID=1573579
Lucknow Metro Rail Corporation,Unknown,2,2017-09-27,2017-09-27,"Cabinet approves permanent transfer of land measuring 1899 sq.m. by AAI to Lucknow Metro Rail Corporation (LMRC) at Chaudhary Charan Singh International Airport, Lucknow",https://pib.gov.in/PressReleasePage.aspx?PRID=1504168
MECON and Bharat Heavy Electricals Ltd,Unknown,2,2020-01-08,2020-01-08,"Cabinet approves ‘In Principle’ strategic disinvestment of equity shareholding of Minerals & Metals Trading Corporation Limited, National Mineral Development Corporation, MECON and Bharat Heavy Electricals Ltd. in Neelac...",https://pib.gov.in/PressReleasePage.aspx?PRID=1598713
MG Motor India Private Limited,Unknown,2,2024-01-24,2024-04-02,CCI approves acquisition of shares of MG Motor India Private Limited by IndoEdge India Fund – Large Value Fund (LVF) Scheme,https://pib.gov.in/PressReleasePage.aspx?PRID=2016982
MMTC Limited,Unknown,2,2018-04-25,2018-04-25,Cabinet approves Long Term Agreements for supply of iron ore to Japan and South Korea through MMTC Limited,https://pib.gov.in/PressReleasePage.aspx?PRID=1530131
Magma HDI General Insurance Company Limited,Unknown,2,2021-06-18,2022-05-19,CCI approves acquisition by Sanoti Properties LLP of shareholding in Magma HDI General Insurance Company Limited,https://pib.gov.in/PressReleasePage.aspx?PRID=1826595
Maruti Suzuki India Ltd,Unknown,2,2018-12-19,2025-06-17,"Union Railway Minister Inaugurates India’s Largest Automobile Gati Shakti Multi-Modal Cargo Terminal at Maruti Suzuki India Ltd., Manesar",https://pib.gov.in/PressReleasePage.aspx?PRID=2136909
Max Life Insurance Company Limited,Unknown,2,2021-01-21,2024-04-02,"CCI approves subscription to 14,25,79,161 equity shares of Max Life Insurance Company Limited by Axis Bank Limited",https://pib.gov.in/PressReleasePage.aspx?PRID=2016983
Mazagon Dock Shipbuilders Limited,Unknown,2,2019-09-19,2024-05-31,"Steel-cutting ceremony for first Next-Generation Offshore Patrol Vessel of ICG held at Mazagon Dock Shipbuilders Limited, Mumbai",https://pib.gov.in/PressReleasePage.aspx?PRID=2022343
Minerals & Metals Trading Corporation Limited,Unknown,2,2020-01-08,2020-01-08,"Cabinet approves ‘In Principle’ strategic disinvestment of equity shareholding of Minerals & Metals Trading Corporation Limited, National Mineral Development Corporation, MECON and Bharat Heavy Electricals Ltd. in Neelac...",https://pib.gov.in/PressReleasePage.aspx?PRID=1598713
Mudra Ltd,Unknown,2,2023-10-19,2024-06-25,"DFS Secretary Dr. Vivek Joshi chairs review meeting on progress of Financial Inclusion Schemes with heads of PSBs and senior executives of UIDAI, NABARD, SIDBI , Mudra Ltd., CERSAI & NCGTC",https://pib.gov.in/PressReleasePage.aspx?PRID=2028668
Mukand Limited,Unknown,2,2021-07-20,2023-04-12,CCI approves acquisition of stake in Mukand Sumi Special Steel Limited by Jamnalal Sons Private Limited from Mukand Limited,https://pib.gov.in/PressReleasePage.aspx?PRID=1915970
Mukand Sumi Special Steel Limited,Unknown,2,2020-12-31,2023-04-12,CCI approves acquisition of stake in Mukand Sumi Special Steel Limited by Jamnalal Sons Private Limited from Mukand Limited,https://pib.gov.in/PressReleasePage.aspx?PRID=1915970
NMDC Limited,Unknown,2,2020-01-14,2021-08-26,"Union Minister of State for Steel, Shri Faggan Singh Kulaste reviews performance of NMDC Limited",https://pib.gov.in/PressReleasePage.aspx?PRID=1749302
NMDC Steel Limited,Unknown,2,2023-02-21,2024-08-21,NMDC Steel Limited Achieves First Major Production Milestone,https://pib.gov.in/PressReleasePage.aspx?PRID=2047371
NTPC Limited,Unknown,2,2023-03-01,2024-01-29,NTPC Limited gets certified as a Top Employer 2024 in India by the Top Employers Institute,https://pib.gov.in/PressReleasePage.aspx?PRID=2000280
National Co-operative Exports Limited,Unknown,2,2025-09-09,2025-09-26,National Co-operative Exports Limited (NCEL),https://pib.gov.in/PressReleasePage.aspx?PRID=2171546
National Cooperative Exports Limited,Unknown,2,2023-10-23,2025-05-03,"Union Home Minister and Minister of Cooperation Shri Amit Shah reviews the progress of National Cooperative Exports Limited (NCEL), National Cooperative Organics Limited (NCOL) and Bharatiya Beej Sahkari Samiti Limited (...",https://pib.gov.in/PressReleasePage.aspx?PRID=2126629
National Insurance Company Limited and United India Insurance Company Limited,Unknown,2,2020-07-08,2020-07-08,"Cabinet approves capital infusion for the three Public Sector General Insurance Companies – Oriental Insurance Company Limited, National Insurance Company Limited and United India Insurance Company Limited",https://pib.gov.in/PressReleasePage.aspx?PRID=1637210
National Jute Manufactures Corporation Ltd,Unknown,2,2018-10-10,2018-10-10,Cabinet approves closure of National Jute Manufactures Corporation Ltd. and its subsidiary Birds Jute & Exports Ltd.,https://pib.gov.in/PressReleasePage.aspx?PRID=1549156
National Scheduled Tribes Finance and Development Corporation,Unknown,2,2022-04-04,2026-03-12,Oil India Limited Signs MoU with National Scheduled Tribes Finance and Development Corporation (NSTFDC) to Strengthen Healthcare Facilities in Tribal Areas of Madhya Pradesh,https://pib.gov.in/PressReleasePage.aspx?PRID=2239317
New Space India Limited,Unknown,2,2019-07-05,2019-07-24,New Space India Limited,https://pib.gov.in/PressReleasePage.aspx?PRID=1580096
North East Electric Power Corporation,Unknown,2,2019-01-16,2019-01-16,"Cabinet approves regularisation of Pay Scales of below Board Level Executives in NHPC Ltd., North East Electric Power Corporation, THDC India Ltd. and SJVN Ltd. w.e.f. 1.1.97",https://pib.gov.in/PressReleasePage.aspx?PRID=1560115
North Eastern Regional Agricultural Marketing Corporation Limited,Unknown,2,2021-08-18,2021-08-18,Cabinet approves revival of North Eastern Regional Agricultural Marketing Corporation Limited,https://pib.gov.in/PressReleasePage.aspx?PRID=1746944
Northern Coalfields Limited,Unknown,2,2020-02-07,2023-01-10,Northern Coalfields Limited to Produce M-Sand from Overburden,https://pib.gov.in/PressReleasePage.aspx?PRID=1889973
OFB Tech Private Limited,Unknown,2,2021-07-30,2022-05-19,CCI approves acquisition of majority stake in SMW Ispat Private Limited by OFB Tech Private Limited,https://pib.gov.in/PressReleasePage.aspx?PRID=1826597
ONGC Petro Additions Limited,Unknown,2,2017-03-07,2017-03-07,"English rendering of the text of PM's speech at the Industry meet at ONGC Petro Additions Limited (OPAL), Dahej",https://pib.gov.in/PressReleasePage.aspx?PRID=1514106
ONGC Videsh Ltd,Unknown,2,2020-06-24,2020-06-24,Cabinet approves additional investment by ONGC Videsh Ltd. for development of blocks A-1 and A-3 Blocks of Myanmar,https://pib.gov.in/PressReleasePage.aspx?PRID=1633915
Om Banana Craft Pvt Ltd,Unknown,2,2023-12-27,2023-12-27,Om Banana Craft Pvt Ltd. receives ₹18.08 Lakh funding from TDB-DST for Innovative Banana Fibre Extraction Project,https://pib.gov.in/PressReleasePage.aspx?PRID=1990841
PNC Infratech Limited,Unknown,2,2024-08-07,2025-09-16,CCI approves proposed acquisition of Jaiprakash Associates Limited by PNC Infratech Limited,https://pib.gov.in/PressReleasePage.aspx?PRID=2167332
Paradeep Phosphates Limited,Unknown,2,2021-06-25,2024-07-30,CCI approves amalgamation of Mangalore Chemicals & Fertilizers with Paradeep Phosphates Limited and acquisition of equity shares of Mangalore Chemicals & Fertilizers Limited by Zuari Maroc Phosphates Private Limited,https://pib.gov.in/PressReleasePage.aspx?PRID=2039229
Power Grid Corporation of India Limited,Unknown,2,2021-06-05,2024-10-15,RECPDCL hands Over Rajasthan-IV H-1 Power Transmission Limited to M/s Power Grid Corporation of India Limited,https://pib.gov.in/PressReleasePage.aspx?PRID=2065015
Power Projects Private Limited,Unknown,2,2022-04-27,2022-04-27,Cabinet approves construction of 540 Megawatt Kwar Hydro Electric project through M/s. Chenab valley Power Projects Private Limited,https://pib.gov.in/PressReleasePage.aspx?PRID=1820529
Pune Municipal Corporation,Unknown,2,2018-05-02,2018-06-01,CCI decides two more Lesser Penalty cases relating to tenders of Pune Municipal Corporation,https://pib.gov.in/PressReleasePage.aspx?PRID=1534055
RCF Ltd,Unknown,2,2023-11-17,2023-11-17,Navratna company RCF Ltd. to create awareness amongst farmers about balanced use of fertilizers in Viksit Bharat Sankalp Yatra,https://pib.gov.in/PressReleasePage.aspx?PRID=1977699
RITES Ltd,Unknown,2,2017-08-28,2023-10-13,"Indian Railways’ PSUs, RITES Ltd and IRCON granted Navratna status",https://pib.gov.in/PressReleasePage.aspx?PRID=1967400
Rail Vikas Nigam Limited,Unknown,2,2023-05-03,2024-01-03,"REC Limited signs MoU with Rail Vikas Nigam Limited, to Finance Multi-Modal Infrastructure Projects up to Rs. 35,000 crores over next 5 Years",https://pib.gov.in/PressReleasePage.aspx?PRID=1992631
Ramagundam Fertilizers and Chemicals Limited,Unknown,2,2021-06-09,2021-06-09,Cabinet approves extension of applicability of New Investment Policy (NIP)-2012 read with its amendment to the Ramagundam Fertilizers and Chemicals Limited,https://pib.gov.in/PressReleasePage.aspx?PRID=1725614
Rashtriya Chemicals and Fertilizers Ltd,Unknown,2,2020-09-10,2022-10-11,"Dr Mansukh Mandaviya hails Memorandum of Understanding between India’s Rashtriya Chemicals and Fertilizers Ltd and M/s K Plus S Middle East FZE DMCC, a subsidiary of Germany’s K+S Minerals and Agriculture GmBH",https://pib.gov.in/PressReleasePage.aspx?PRID=1866780
Reliance Retail Ventures Limited,Unknown,2,2020-11-20,2023-03-15,CCI approves acquisition of METRO Cash and Carry India Private Limited by Reliance Retail Ventures Limited,https://pib.gov.in/PressReleasePage.aspx?PRID=1907052
Rural Electrification Corporation,Unknown,2,2018-12-06,2018-12-06,Cabinet ‘In Principle’ approves strategic sale of the Government of India’s existing 52.63% of total paid up equity shareholding in Rural Electrification Corporation to Power Finance Corporation along with transfer of ma...,https://pib.gov.in/PressReleasePage.aspx?PRID=1554933
STT GDC Pte. Ltd,Unknown,2,2024-11-05,2026-07-15,CCI approves acquisition by Opal Bidco Pte. Ltd. of 100% shareholding in STT GDC Pte. Ltd.,https://pib.gov.in/PressReleasePage.aspx?PRID=2285035
Schneider Electric India Private Limited,Unknown,2,2018-11-22,2025-12-09,CCI approves the proposed acquisition of certain stake in Schneider Electric India Private Limited(SEIPL/Target 1) and Schneider Electric JV Holdings 2 Pte. Ltd. (SEJV2/Target 2) respectively by Schneider Electric SE (Sc...,https://pib.gov.in/PressReleasePage.aspx?PRID=2201090
Scooters India Limited,Unknown,2,2018-05-23,2018-05-23,"Cabinet approves restructuring of balance sheet of Scooters India Limited, Lucknow",https://pib.gov.in/PressReleasePage.aspx?PRID=1533113
Security Printing and Minting Corporation of India Ltd,Unknown,2,2017-02-17,2017-02-17,Hon’ble Union Minister of Finance Sh. Arun Jaitley gives away awards for excellence at the 11th Foundation Day celebrations of Security Printing and Minting Corporation of India Ltd. (SPMCIL),https://pib.gov.in/PressReleasePage.aspx?PRID=1482949
Shahpur of Gujarat Metro Rail Corporation Limited,Unknown,2,2026-02-24,2026-02-24,Cabinet approves extension of existing North-South corridor from GIFT City to Shahpur of Gujarat Metro Rail Corporation Limited (GMRC),https://pib.gov.in/PressReleasePage.aspx?PRID=2232103
Shiprocket Private Limited,Unknown,2,2024-12-03,2024-12-03,"CCI approves the acquisition of certain shareholding in Shiprocket Private Limited by KDT Venture Holdings, LLC",https://pib.gov.in/PressReleasePage.aspx?PRID=2080290
Shriram GI Holdings Private Limited,Unknown,2,2024-01-16,2024-07-24,CCI approves acquisition of 16.12% shareholding in Shriram GI Holdings Private Limited by Sanlam Emerging Markets (Mauritius) Limited,https://pib.gov.in/PressReleasePage.aspx?PRID=2036488
Shriram LI Holdings Private Limited,Unknown,2,2024-01-16,2024-07-24,CCI approves acquisition of 16.12% shareholding in Shriram LI Holdings Private Limited by Sanlam Emerging Markets (Mauritius) Limited,https://pib.gov.in/PressReleasePage.aspx?PRID=2036484
Sikkim Mining Corporation,Unknown,2,2019-11-27,2019-11-27,"Cabinet approves waiver of repayment of loan and interest thereon, worth over Rupees Four crore, outstanding against the Sikkim Mining Corporation",https://pib.gov.in/PressReleasePage.aspx?PRID=1593648
South Delhi Municipal Corporation,Unknown,2,2017-01-09,2017-06-30,South Delhi Municipal Corporation to acquire state- of- the- art headquarters in about 2 years,https://pib.gov.in/PressReleasePage.aspx?PRID=1494237
Sumitomo Mitsui Banking Corporation,Unknown,2,2021-10-20,2025-09-02,CCI approves acquisition of certain share capital and voting rights of YES Bank by Sumitomo Mitsui Banking Corporation,https://pib.gov.in/PressReleasePage.aspx?PRID=2163146
Suzuki Motor Corporation,Unknown,2,2019-11-26,2022-05-23,"Prime Minister’s meeting with Mr. Osamu Suzuki, Senior Advisor, Suzuki Motor Corporation",https://pib.gov.in/PressReleasePage.aspx?PRID=1827559
THDC India Ltd. and SJVN Ltd,Unknown,2,2019-01-16,2019-01-16,"Cabinet approves regularisation of Pay Scales of below Board Level Executives in NHPC Ltd., North East Electric Power Corporation, THDC India Ltd. and SJVN Ltd. w.e.f. 1.1.97",https://pib.gov.in/PressReleasePage.aspx?PRID=1560115
TPG Growth V SF Markets Pte. Ltd,Unknown,2,2020-12-31,2025-04-15,"CCI approves the proposed combination involving Waverly Pte. Ltd (“Waverly”), TPG Growth V SF Markets Pte. Ltd (“Growth V”), TPG Growth III SF Pte. Ltd (“Growth III”), Asia Healthcare Holdings Pte. Ltd (“AHH Singapore”),...",https://pib.gov.in/PressReleasePage.aspx?PRID=2121948
Talcher Fertilizers Limited,Unknown,2,2021-04-20,2021-04-20,Cabinet approves Exclusive subsidy policy for Urea produced through coal gasification by Talcher Fertilizers Limited (TFL),https://pib.gov.in/PressReleasePage.aspx?PRID=1712854
Tata Steel Ltd,Unknown,2,2026-01-20,2026-08-19,CCI approves acquisition of 23% equity shareholding of TM International Logistics by Tata Steel Ltd,https://pib.gov.in/PressReleasePage.aspx?PRID=2300957
Tech Data Corporation,Unknown,2,2020-04-30,2021-07-01,CCI approves merger of Tech Data Corporation with SYNNEX Corporation,https://pib.gov.in/PressReleasePage.aspx?PRID=1731854
Teesta Urja Limited,Unknown,2,2020-03-11,2024-05-07,CCI approves acquisition of additional shares in Sikkim Urja Limited (formerly Teesta Urja Limited) by Greenko Energies Private Limited,https://pib.gov.in/PressReleasePage.aspx?PRID=2019893
Telecommunications Consultants India Ltd,Unknown,2,2017-11-16,2023-02-28,BSNL empanels Telecommunications Consultants India Ltd as Captive Non- Public Network Provider,https://pib.gov.in/PressReleasePage.aspx?PRID=1903151
Tungabhadra Steel Products Limited,Unknown,2,2018-01-10,2018-01-10,Cabinet approves implementation of CCEA decision on closure of Tungabhadra Steel Products Limited,https://pib.gov.in/PressReleasePage.aspx?PRID=1516120
UltraTech Cement Limited,Unknown,2,2024-03-19,2024-12-20,CCI approves UltraTech Cement Limited’s acquisition of The India Cements Limited,https://pib.gov.in/PressReleasePage.aspx?PRID=2086677
Under Construction Projects of NTPC Ltd,Unknown,2,2019-02-06,2019-02-06,Cabinet approves Proposal for higher allocation of power to Home State from Under Construction Projects of NTPC Ltd.,https://pib.gov.in/PressReleasePage.aspx?PRID=1562978
Valuedrive Technologies Pvt Ltd,Unknown,2,2026-02-12,2026-03-25,"CCI approves proposed acquisition of additional shareholding of Valuedrive Technologies Pvt Ltd by Setu AIF Trust, Konark Trust, and MMPL Trust",https://pib.gov.in/PressReleasePage.aspx?PRID=2245409
Western Coalfields Limited,Unknown,2,2020-09-09,2025-11-28,Western Coalfields Limited’s contribution is crucial in meeting the nation’s coal requirements – MoS Coal & Mines Satish Chandra Dubey,https://pib.gov.in/PressReleasePage.aspx?PRID=2195786
Yantra India Limited,Unknown,2,2026-02-02,2026-06-18,"Raksha Mantri to perform Bhoomi Pujan for 10,000-Tons Aluminium Extrusion Press at Yantra India Limited in Nagpur",https://pib.gov.in/PressReleasePage.aspx?PRID=2274397
AAM India Manufacturing Corporation Private Limited,Unknown,1,2025-04-23,2025-04-23,CCI approves proposed combination involving acquisition of 100% equity shareholding of the AAM India Manufacturing Corporation Private Limited by Bharat Forge Limited with voluntary modifications,https://pib.gov.in/PressReleasePage.aspx?PRID=2123770
ABB Limited,Unknown,1,2020-04-07,2020-04-07,CCI approves Hitachi's proposed acquisition of 80.1% in power grid business of ABB Limited,https://pib.gov.in/PressReleasePage.aspx?PRID=1612070
ABS Marine Services Pvt Ltd,Unknown,1,2022-06-01,2022-06-01,"M/o Earth Sciences, GoI signs agreement with M/s ABS Marine Services Pvt Ltd, Chennai for running, manning, maintenance, catering, and housekeeping of all six research ships",https://pib.gov.in/PressReleasePage.aspx?PRID=1830067
ACE Ltd & JCB India Ltd,Unknown,1,2025-02-20,2025-02-20,Ministry of Defence signs ₹697.35 Cr contracts with ACE Ltd & JCB India Ltd for procurement of 1868 Rough Terrain Fork Lift Truck for Armed Forces,https://pib.gov.in/PressReleasePage.aspx?PRID=2104951
ACSA Global Limited,Unknown,1,2019-11-14,2019-11-14,CCI approves the acquisition of shareholdings in Mumbai International Airport Limited (“MIAL”) by Adani Properties Private Limited (“APPL”)from Bid Services Division (Mauritius) Limited (“BSDA”) and ACSA Global Limited (...,https://pib.gov.in/PressReleasePage.aspx?PRID=1591687
ADES International Holding Ltd,Unknown,1,2025-11-18,2025-11-18,"CCI approves the proposed merger of ADES International Cayman, a wholly owned subsidiary of ADES International Holding Ltd. with and into Shelf Drilling, Ltd",https://pib.gov.in/PressReleasePage.aspx?PRID=2191371
AFC India Limited,Unknown,1,2020-08-25,2020-08-25,APEDA signs MoUs with AFC India Limited and National Cooperative Union of India to synergize the activities in the interest of agriculture and allied sectors,https://pib.gov.in/PressReleasePage.aspx?PRID=1648415
AGM of Eastern Investments Limited,Unknown,1,2024-12-28,2024-12-28,"97th AGM of Eastern Investments Limited (EIL), (Subsidiary of RINL) held",https://pib.gov.in/PressReleasePage.aspx?PRID=2088594
AGM of Kheda District Central Cooperative Bank Limited,Unknown,1,2024-06-30,2024-06-30,"Union Home Minister and Minister of Cooperation Shri Amit Shah addresses 76th AGM of Kheda District Central Cooperative Bank Limited, Nadiad and inaugurates its new building through video conferencing today",https://pib.gov.in/PressReleasePage.aspx?PRID=2029705
AHVF II Holdings Singapore II Pte. Ltd,Unknown,1,2022-04-04,2022-04-04,CCI approves acquisition of certain compulsorily convertible preference shares of Hero FinCorp Limited by AHVF II Holdings Singapore II Pte. Ltd.,https://pib.gov.in/PressReleasePage.aspx?PRID=1813387
AI Lenarco Midco Ltd,Unknown,1,2025-01-21,2025-01-21,CCI approves the proposed acquisition of (i) AI Lenarco Midco Ltd. by Majesty II Pte. Ltd and (ii) certain compulsory convertible debentures in Manjushree Technopack Limited from AI Lenarco by Ashoka India Equity Investm...,https://pib.gov.in/PressReleasePage.aspx?PRID=2094909
AKAM Celebrations of Central Mine Planning & Design Institute Ltd,Unknown,1,2021-09-28,2021-09-28,AKAM Celebrations of Central Mine Planning & Design Institute Ltd,https://pib.gov.in/PressReleasePage.aspx?PRID=1758907
ALTA Precision Agriculture Co. Ltd,Unknown,1,2022-05-10,2022-05-10,"Indian delegation led by Union Agriculture Minister visits Agriculture Research Organisation (ARO), Volcani Institute, ALTA Precision Agriculture Co. Ltd. and Be’er Milka Farm at Israel",https://pib.gov.in/PressReleasePage.aspx?PRID=1824217
AMC Repo Clearing Limited,Unknown,1,2023-07-28,2023-07-28,Union Finance Minister Smt. Nirmala Sitharaman launches the AMC Repo Clearing Limited (ARCL) and Corporate Debt Market Development Fund (CDMDF),https://pib.gov.in/PressReleasePage.aspx?PRID=1943686
APAC Financial Services Limited,Unknown,1,2025-04-08,2025-04-08,"CCI approves the proposed acquisition of shareholding in Vastu Housing Finance Corporation Limited, APAC Financial Services Limited, and Quantiphi, Inc by Multiples Plenty Private Equity GIFT Fund",https://pib.gov.in/PressReleasePage.aspx?PRID=2120190
APChemi Pvt. Ltd,Unknown,1,2025-02-28,2025-02-28,"“TDB-DST supports M/s APChemi Pvt. Ltd., Navi Mumbai to Advance Plastic Circularity with Indigenous Pyrolysis Oil Purification Technology”",https://pib.gov.in/PressReleasePage.aspx?PRID=2107018
API Holdings Ltd,Unknown,1,2024-01-31,2024-01-31,CCI approves proposed subscription of Compulsorily Convertible Preference Shares (B) (CCPS B) in API Holdings Ltd. by CDPQ Private Equity Asia Pte Ltd.,https://pib.gov.in/PressReleasePage.aspx?PRID=2000724
ASK Investment Managers Limited,Unknown,1,2021-11-15,2021-11-15,CCI approves acquisition of 71.25% shareholding of ASK Investment Managers Limited by BCP TopCo XII Pte Ltd.,https://pib.gov.in/PressReleasePage.aspx?PRID=1772044
AU Small Finance Bank Limited,Unknown,1,2024-01-24,2024-01-24,CCI approves merger of Fincare Small Finance Bank Limited (Fincare) and AU Small Finance Bank Limited (AU),https://pib.gov.in/PressReleasePage.aspx?PRID=1999121
AWL Agri Business Limited,Unknown,1,2025-11-11,2025-11-11,CCI approves proposed acquisition of 11% to 20% of shareholding of the AWL Agri Business Limited by Lence Pte. Ltd.,https://pib.gov.in/PressReleasePage.aspx?PRID=2188938
Aadhar Housing Finance Limited,Unknown,1,2026-02-03,2026-02-03,CCI approves acquisition of certain shareholding of Aadhar Housing Finance Limited (Target) by AXDI LDII SPV 1 LTD (Acquirer),https://pib.gov.in/PressReleasePage.aspx?PRID=2222752
Aadhar Housing Finance Ltd,Unknown,1,2025-11-07,2025-11-07,CCI approves the proposed acquisition of up to 80.15% shareholding of Aadhar Housing Finance Ltd. by BCP Asia II Holdco VII Pte. Ltd.,https://pib.gov.in/PressReleasePage.aspx?PRID=2187554
Aasia Enterprises LLP,Unknown,1,2023-12-27,2023-12-27,"CCI approves acquisition of control/stake in Reliance Capital Limited by IndusInd International Holdings Limited, IIHL BFSI (India) Limited, and Aasia Enterprises LLP",https://pib.gov.in/PressReleasePage.aspx?PRID=1991029
Aavas Financiers Limited,Unknown,1,2024-10-22,2024-10-22,CCI approves the proposed acquisition of Aavas Financiers Limited by Aquilo House Pte. Ltd.,https://pib.gov.in/PressReleasePage.aspx?PRID=2067175
Aceso Company Pte. Ltd,Unknown,1,2020-07-15,2020-07-15,CCI approves acquisition by Aceso Company Pte. Ltd. (Aceso) in HealthCare Global Enterprises Limited (HCG),https://pib.gov.in/PressReleasePage.aspx?PRID=1638864
Acko Technology & Services Private Limited,Unknown,1,2023-05-26,2023-05-26,CCI approves acquisition of additional Series E compulsorily convertible preference shares of Acko Technology & Services Private Limited by Multiples Private Equity Fund III and CPP Investment Board Private Holdings (4) ...,https://pib.gov.in/PressReleasePage.aspx?PRID=1927426
Acko Technology & Services Pvt Ltd,Unknown,1,2026-08-19,2026-08-19,CCI approves acquisition of additional shareholding of Acko Technology & Services Pvt Ltd. by General Atlantic Singapore ACK Pte. Ltd,https://pib.gov.in/PressReleasePage.aspx?PRID=2300956
Acrannolife Genomics Private Limited,Unknown,1,2026-03-17,2026-03-17,"“TDB-DST supports Acrannolife Genomics Private Limited, Chennai for Indigenous Manufacturing of Advanced IVD Diagnostic Kits”",https://pib.gov.in/PressReleasePage.aspx?PRID=2241259
Actis Solenergi Limited,Unknown,1,2022-07-12,2022-07-12,CCI approves acquisition of Solenergi Power Private Limited by Shell Overseas Investments B.V.’s from Actis Solenergi Limited,https://pib.gov.in/PressReleasePage.aspx?PRID=1840875
Adamas Asset Holdings Pte. Ltd,Unknown,1,2025-10-07,2025-10-07,"CCI approves the proposed combination involving, inter alia, Jongsong Investments Pte. Ltd. (Jongsong), Ivanhoe Cambridge Singapore Investments II Pte. Ltd. (IC Singapore), Adamas Asset Holdings Pte. Ltd. (AHPL), RGIP Ho...",https://pib.gov.in/PressReleasePage.aspx?PRID=2176034
Adani Gas Limited,Unknown,1,2019-11-28,2019-11-28,CCI approves acquisition of 37.40% of the paid up share capital and joint control of Adani Gas Limited by Total Holdings SAS,https://pib.gov.in/PressReleasePage.aspx?PRID=1594097
Adani Green Energy Ten Limited,Unknown,1,2020-10-14,2020-10-14,CCI approves acquisition of solar energy generation assets of Adani Green Energy Ten Limited by Adani Green Energy Twenty-Three Ltd,https://pib.gov.in/PressReleasePage.aspx?PRID=1664236
Adani Green Energy Twenty-Three Ltd,Unknown,1,2020-10-14,2020-10-14,CCI approves acquisition of solar energy generation assets of Adani Green Energy Ten Limited by Adani Green Energy Twenty-Three Ltd,https://pib.gov.in/PressReleasePage.aspx?PRID=1664236
Adani Krishnapatnam Port Limited,Unknown,1,2021-05-18,2021-05-18,CCI approves proposed acquisition of additional 25% shareholding of Adani Krishnapatnam Port Limited by Adani Ports and Special Economic Zone Limited,https://pib.gov.in/PressReleasePage.aspx?PRID=1719647
Adani Power Ltd,Unknown,1,2026-05-12,2026-05-12,CCI approves acquisition of 100% share capital of GVK Energy Ltd (Target) by Adani Power Ltd (Acquirer),https://pib.gov.in/PressReleasePage.aspx?PRID=2260402
Adani Properties Private Limited,Unknown,1,2019-11-14,2019-11-14,CCI approves the acquisition of shareholdings in Mumbai International Airport Limited (“MIAL”) by Adani Properties Private Limited (“APPL”)from Bid Services Division (Mauritius) Limited (“BSDA”) and ACSA Global Limited (...,https://pib.gov.in/PressReleasePage.aspx?PRID=1591687
Aditya Birla Housing Finance Ltd,Unknown,1,2026-04-07,2026-04-07,CCI approves acquisition of equity shares amounting to 14.286% of Aditya Birla Housing Finance Ltd. by Indriya Ltd.,https://pib.gov.in/PressReleasePage.aspx?PRID=2249850
Aditya Birla Real Estate Limited,Unknown,1,2025-12-16,2025-12-16,CCI approves acquisition of paper and pulp manufacturing business of Aditya Birla Real Estate Limited by ITC Limited,https://pib.gov.in/PressReleasePage.aspx?PRID=2204818
Aditya Marketing and Manufacturing Private Limited,Unknown,1,2022-08-30,2022-08-30,CCI approves merger of Aditya Marketing and Manufacturing Private Limited into Umang Commercial Company Private Limited,https://pib.gov.in/PressReleasePage.aspx?PRID=1855577
Advanta Enterprises Limited,Unknown,1,2025-03-05,2025-03-05,"Competition Commission of India (CCI) approves the acquisition by Alpha Wave Ventures II, LP of a 12.44% shareholding in Advanta Enterprises Limited",https://pib.gov.in/PressReleasePage.aspx?PRID=2108311
Ageas Federal Life Insurance Company Limited,Unknown,1,2022-07-15,2022-07-15,CCI approves acquisition of Ageas Federal Life Insurance Company Limited by Ageas Insurance International NV,https://pib.gov.in/PressReleasePage.aspx?PRID=1841818
Agilus Diagnostics Limited,Unknown,1,2024-10-29,2024-10-29,CCI approves the acquisition of additional share capital of Agilus Diagnostics Limited (Agilus) by Fortis Healthcare Limited (FHL),https://pib.gov.in/PressReleasePage.aspx?PRID=2069429
Agrinnovate India Limited,Unknown,1,2025-04-23,2025-04-23,Agrinnovate India Limited Pays Dividend of Rs.1.42 crore for FY 2023–24,https://pib.gov.in/PressReleasePage.aspx?PRID=2123857
Agrinnovate India Ltd,Unknown,1,2026-03-13,2026-03-13,Agrinnovate India Ltd. presents ₹3.40 Crore dividend to Union Minister Shri Shivraj Singh Chouhan for Financial Year 2024–25,https://pib.gov.in/PressReleasePage.aspx?PRID=2239702
Agro Tech Foods Limited,Unknown,1,2025-01-21,2025-01-21,"CCI approves the proposed combination involving, inter alia, Agro Tech Foods Limited (ATFL), Bharti Enterprises Limited (BEL), DMPL India Limited (DMPL India) and Del Monte Foods Private Limited (DMFPL)",https://pib.gov.in/PressReleasePage.aspx?PRID=2094905
Air India Express Limited and Air India SATS Airport Services Private Limited,Unknown,1,2021-12-20,2021-12-20,"CCI approves acquisition of shareholding in Air India Limited, Air India Express Limited and Air India SATS Airport Services Private Limited by Talace Private Limited",https://pib.gov.in/PressReleasePage.aspx?PRID=1783550
Air India Limited,Unknown,1,2021-12-20,2021-12-20,"CCI approves acquisition of shareholding in Air India Limited, Air India Express Limited and Air India SATS Airport Services Private Limited by Talace Private Limited",https://pib.gov.in/PressReleasePage.aspx?PRID=1783550
Akzo Nobel India Limited,Unknown,1,2025-09-16,2025-09-16,CCI approves the acquisition of up to 75% shareholding in Akzo Nobel India Limited (Target) by JSW Paints Limited (Acquirer),https://pib.gov.in/PressReleasePage.aspx?PRID=2167330
Alchem Synthon Pvt. Ltd,Unknown,1,2024-03-07,2024-03-07,"""TDB-DST Supports M/s Alchem Synthon Pvt. Ltd., Mumbai, with ₹8.6 Crores loan assistance for Advanced Chemical Manufacturing Facility""",https://pib.gov.in/PressReleasePage.aspx?PRID=2012155
Alchemy Recyclers Private Limited,Unknown,1,2023-08-07,2023-08-07,"TDB-DST supports M/s Alchemy Recyclers Private Limited, Gujarat, for the development of an Integrated Plant for the Recovery of Precious Metals from E-waste, Jewellers Waste and Automobile Catalyst Waste",https://pib.gov.in/PressReleasePage.aspx?PRID=1946350
Allocation of Coal Blocks & Singareni Collieries Company Ltd,Unknown,1,2022-12-09,2022-12-09,Clarification on Claims of Giving Preferential Treatment to one State for Allocation of Coal Blocks & Singareni Collieries Company Ltd,https://pib.gov.in/PressReleasePage.aspx?PRID=1882219
Alpha Alternatives Fund Advisors LLP,Unknown,1,2025-07-29,2025-07-29,"CCI approves the proposed combination involving inter alia Anantam Highways Trust (“InvIT”), Alpha Alternatives Fund Advisors LLP (“Alpha Alternatives”) & others (Sponsor and Sponsor Group) and Dilip Buildcon (“DBL”) & D...",https://pib.gov.in/PressReleasePage.aspx?PRID=2149550
Altico Capital India Ltd,Unknown,1,2021-01-21,2021-01-21,CCI approves acquisition of Altico Capital India Ltd (Altico) by Ares SSG Capital Management (Singapore) Pte. Ltd (Ares SSG),https://pib.gov.in/PressReleasePage.aspx?PRID=1690698
Amazon Asia-Pacific Resources Private Limited,Unknown,1,2022-03-10,2022-03-10,CCI approves acquisition of Prione Business Services Private Limited by Amazon Asia-Pacific Resources Private Limited,https://pib.gov.in/PressReleasePage.aspx?PRID=1804667
Amazon Internet Private Limited,Unknown,1,2022-09-27,2022-09-27,"Tripartite Memorandum of Understanding (MoU) is being signed amongst Deptt. of Empowerment of Persons with Disabilities Government of India, and Amazon Internet Private Limited",https://pib.gov.in/PressReleasePage.aspx?PRID=1862593
Ambit Private Limited,Unknown,1,2023-06-13,2023-06-13,CCI approves acquisition of certain shareholding in Ambit Private Limited by Daiwa International Holdings Inc.,https://pib.gov.in/PressReleasePage.aspx?PRID=1932099
Ambit Wealth Private Limited,Unknown,1,2026-02-03,2026-02-03,CCI approves subscription to 15.01% equity shareholding of Ambit Wealth Private Limited (Target) by Daiwa International Holdings Inc. (Acquirer),https://pib.gov.in/PressReleasePage.aspx?PRID=2222755
Ambuja Cement Limited,Unknown,1,2025-11-28,2025-11-28,VOC Port receives the first Clinker vessel in line with the MoU with Ambuja Cement Limited,https://pib.gov.in/PressReleasePage.aspx?PRID=2196031
Ambuja Cements Limited,Unknown,1,2025-03-05,2025-03-05,CCI approves the proposed acquisition of up to 72.8% shareholding of Orient Cement Limited by Ambuja Cements Limited,https://pib.gov.in/PressReleasePage.aspx?PRID=2108314
Ambuja Cements Limited and ACC Limited,Unknown,1,2022-08-13,2022-08-13,"CCI approves acquisition of the stake in Holderind Investments Limited, Ambuja Cements Limited and ACC Limited by Endeavour Trade and Investment Limited",https://pib.gov.in/PressReleasePage.aspx?PRID=1851603
Ammonia-Urea Fertilizer Project of Assam Valley Fertilizer and Chemical Company Limited,Unknown,1,2025-12-21,2025-12-21,"Prime Minister Shri Narendra Modi lays foundation stone of Ammonia-Urea Fertilizer Project of Assam Valley Fertilizer and Chemical Company Limited at Namrup, Assam",https://pib.gov.in/PressReleasePage.aspx?PRID=2207171
Andhra Pradesh Industrial Infrastructure Corporation,Unknown,1,2024-02-21,2024-02-21,NTPC Green Energy signs land lease agreement with Andhra Pradesh Industrial Infrastructure Corporation for setting up India's largest green hydrogen production facility,https://pib.gov.in/PressReleasePage.aspx?PRID=2007793
Annapurna Finance Private Limited,Unknown,1,2024-04-02,2024-04-02,CCI approves acquisition of 10.39% shareholding of Annapurna Finance Private Limited and subscription to its certain debentures by Piramal Alternatives Trust,https://pib.gov.in/PressReleasePage.aspx?PRID=2016984
Annual General Meeting of National Safai Karamcharis Finance and Development Corporation,Unknown,1,2023-12-08,2023-12-08,Annual General Meeting of National Safai Karamcharis Finance and Development Corporation,https://pib.gov.in/PressReleasePage.aspx?PRID=1984089
Annual General Meeting of Sagarmala Finance Corporation Limited,Unknown,1,2025-11-22,2025-11-22,Highlights of the Annual General Meeting of Sagarmala Finance Corporation Limited,https://pib.gov.in/PressReleasePage.aspx?PRID=2192860
Apollo Health and Lifestyle Limited,Unknown,1,2026-01-20,2026-01-20,CCI approves acquisition of certain equity stake in Apollo Health and Lifestyle Limited (Target) by Apollo Hospitals Enterprise Limited (Acquirer),https://pib.gov.in/PressReleasePage.aspx?PRID=2216555
Apollo Hospitals Enterprise Limited,Unknown,1,2026-01-20,2026-01-20,CCI approves acquisition of certain equity stake in Apollo Health and Lifestyle Limited (Target) by Apollo Hospitals Enterprise Limited (Acquirer),https://pib.gov.in/PressReleasePage.aspx?PRID=2216555
Apollo Tyres Limited,Unknown,1,2020-04-13,2020-04-13,CCI approves proposed acquisition of 9.93% stake by Emerald Sage Investment Limited in Apollo Tyres Limited,https://pib.gov.in/PressReleasePage.aspx?PRID=1614103
Aqua Investments Limited,Unknown,1,2025-08-05,2025-08-05,"CCI approves acquisition of certain equity shareholding of Theobroma Foods Private Limited by Infinity Partners, Aqua Investments Limited and Atreides Investments B. V.",https://pib.gov.in/PressReleasePage.aspx?PRID=2152729
Aquilo House Pte. Ltd,Unknown,1,2024-10-22,2024-10-22,CCI approves the proposed acquisition of Aavas Financiers Limited by Aquilo House Pte. Ltd.,https://pib.gov.in/PressReleasePage.aspx?PRID=2067175
Aravali Power Company Pvt. Ltd,Unknown,1,2018-05-09,2018-05-09,"Signing of MoU between Artificial Limbs Manufacturing Corporation of India (ALIMCO) &Aravali Power Company Pvt. Ltd (APCPL),Jhajjar",https://pib.gov.in/PressReleasePage.aspx?PRID=1531667
ArcelorMittal Nippon Steel India Limited,Unknown,1,2022-09-29,2022-09-29,CCI approves acquisition of Assets of Essar Group by ArcelorMittal Nippon Steel India Limited,https://pib.gov.in/PressReleasePage.aspx?PRID=1863429
Ardor Holdings II Pte. Ltd,Unknown,1,2023-02-09,2023-02-09,CCI approves subscription of Compulsorily Convertible Preference Shares of Hero Future Energies Global Limited by Ardor Holdings II Pte. Ltd.,https://pib.gov.in/PressReleasePage.aspx?PRID=1897822
Arjas Steel Private Limited and Arjas Modern Steel Private Limited,Unknown,1,2024-07-18,2024-07-18,CCI approves indirect controlling acquisition of Arjas Steel Private Limited and Arjas Modern Steel Private Limited by Sandur Manganese & Iron Ores Limited and BAG Holdings Private Limited,https://pib.gov.in/PressReleasePage.aspx?PRID=2034120
Artificial Limbs Manufacturing Corporation,Unknown,1,2018-05-09,2018-05-09,"Signing of MoU between Artificial Limbs Manufacturing Corporation of India (ALIMCO) &Aravali Power Company Pvt. Ltd (APCPL),Jhajjar",https://pib.gov.in/PressReleasePage.aspx?PRID=1531667
Ascend Telecom Infrastructure Private Limited,Unknown,1,2023-05-03,2023-05-03,CCI approves acquisition of shareholding of Tower Vision India Private Limited by Ascend Telecom Infrastructure Private Limited and GIP EM Ascend 2 Pte. Ltd.,https://pib.gov.in/PressReleasePage.aspx?PRID=1921747
Ascent Health and Wellness Solutions Private Limited,Unknown,1,2020-06-15,2020-06-15,"CCI approves acquisition by MacRitchie Investments Pte. Ltd. (MacRitchie) in 91Streets Media Technologies Private Limited (91Streets), Ascent Health and Wellness Solutions Private Limited (Ascent) and API Holdings Privat...",https://pib.gov.in/PressReleasePage.aspx?PRID=1631675
Aseem Infrastructure Finance Limited,Unknown,1,2026-09-01,2026-09-01,CCI approves acquisition of Aseem Infrastructure Finance Limited by TPG Nicobar SG Pte. Ltd. and related transactions,https://pib.gov.in/PressReleasePage.aspx?PRID=2305743
Ashoka Concessions Limited and Ashoka Buildcon Limited,Unknown,1,2025-03-25,2025-03-25,Competition Commission of India (CCI) approves the acquisition of 100% equity shareholding in 11 road special purpose vehicles owned by Ashoka Concessions Limited and Ashoka Buildcon Limited by Epic Concesiones 2 Private...,https://pib.gov.in/PressReleasePage.aspx?PRID=2115024
Asia II Topco XIII Pte. Ltd,Unknown,1,2025-12-23,2025-12-23,CCI has approved acquisition of certain warrants of Federal Bank Limited by Asia II Topco XIII Pte. Ltd.,https://pib.gov.in/PressReleasePage.aspx?PRID=2207901
Asia II Topco XIV Pte. Ltd,Unknown,1,2026-05-20,2026-05-20,"CCI approves the acquisition of certain shareholding in Neysa Networks Pvt Ltd by BCP Asia II Topco V Pte. Ltd., Asia II Topco XIV Pte. Ltd., and other investors",https://pib.gov.in/PressReleasePage.aspx?PRID=2263411
Asian Institute of Nephrology and Urology Private Limited,Unknown,1,2024-03-12,2024-03-12,CCI approves acquisition of stake in Asian Institute of Nephrology and Urology Private Limited by TPG Growth V SF Markets Pte. Ltd. and Waverly Pte. Ltd. through Asia Healthcare Holdings Pte. Ltd.,https://pib.gov.in/PressReleasePage.aspx?PRID=2013929
Assam Police Housing Corporation,Unknown,1,2026-04-07,2026-04-07,CCI directs 17 Opposite Parties to cease and desist from anti-competitive practices in relation to tenders invited by Assam Police Housing Corporation for “Internal and External Electrification works in Police Station Bu...,https://pib.gov.in/PressReleasePage.aspx?PRID=2249853
Associated Journals Limited,Unknown,1,2018-12-21,2018-12-21,Delhi HC Dismisses Petition Filed by Associated Journals Limited (AJL) - Justifies Govt Re-Entry in the Premises,https://pib.gov.in/PressReleasePage.aspx?PRID=1557013
Astemo Ltd,Unknown,1,2026-06-23,2026-06-23,CCI approves acquisition of 21% voting interest in Astemo Ltd. by Honda Motor Co. Ltd,https://pib.gov.in/PressReleasePage.aspx?PRID=2277126
Astrome Technologies Private Limited,Unknown,1,2022-07-23,2022-07-23,"“TDB supports M/s Astrome Technologies Private Limited, Bengaluru for Productization and Commercialization of ‘GigaMesh Solution for delivery of 4G/5G Telecom and Internet services for Defence and Rural Sectors’",https://pib.gov.in/PressReleasePage.aspx?PRID=1844160
Athaang Devanahalli Tollway Private Limited,Unknown,1,2025-03-25,2025-03-25,"CCI approves acquisition of Athaang Devanahalli Tollway Private Limited, Athaang Jammu Udhampur Highway Private Limited and Quazigund Expressway Private Limited by Cube Highways Trust and Cube Highways and Infrastructure...",https://pib.gov.in/PressReleasePage.aspx?PRID=2115027
Athaang Jammu Udhampur Highway Private Limited and Quazigund Expressway Private Limited,Unknown,1,2025-03-25,2025-03-25,"CCI approves acquisition of Athaang Devanahalli Tollway Private Limited, Athaang Jammu Udhampur Highway Private Limited and Quazigund Expressway Private Limited by Cube Highways Trust and Cube Highways and Infrastructure...",https://pib.gov.in/PressReleasePage.aspx?PRID=2115027
Authorized Capital of Food Corporation,Unknown,1,2024-02-17,2024-02-17,"Government of India Bolsters Agricultural Sector with Increase in Authorized Capital of Food Corporation of India from Rs 10,000 Crore to Rs 21,000 Crore",https://pib.gov.in/PressReleasePage.aspx?PRID=2006747
Authum Investment & Infrastructure Limited,Unknown,1,2024-12-31,2024-12-31,CCI approves the proposed combination involving acquisition of 72.89% voting share capital in Prataap Snacks Limited by Authum Investment & Infrastructure Limited and Ms. Mahi Madhusudan Kela,https://pib.gov.in/PressReleasePage.aspx?PRID=2089053
Auxesia Soft Solutions Limited,Unknown,1,2023-12-19,2023-12-19,"CCI approves scheme of arrangement involving Dhani Services Limited, Indiabulls Enterprises Limited, Savren Medicare Limited, Auxesia Soft Solutions Limited, Gyansagar Buildtech Limited, Pushpanjli Finsolutions Limited, ...",https://pib.gov.in/PressReleasePage.aspx?PRID=1988452
Avana Logistek Limited,Unknown,1,2021-06-03,2021-06-03,"CCI approves acquisition of Avana Logistek Limited, Transworld Feeders Private Limited and Transworld Feeders FZCO by Unifeeder ISC FZCO",https://pib.gov.in/PressReleasePage.aspx?PRID=1724169
Avendus Capital Pvt Ltd,Unknown,1,2026-04-28,2026-04-28,CCI approves acquisition of certain equity share capital of Avendus Capital Pvt Ltd. by Mizuho Securities Co. Ltd. on a fully diluted basis,https://pib.gov.in/PressReleasePage.aspx?PRID=2256395
Avenir Investment RSC Ltd,Unknown,1,2025-12-09,2025-12-09,CCI approves the acquisition of certain shareholding of Sammaan Capital Limited (SCL/Target) by Avenir Investment RSC Ltd. (Avenir/Acquirer),https://pib.gov.in/PressReleasePage.aspx?PRID=2201086
Award Ceremony of Security Printing and Minting Corporation of India Limited,Unknown,1,2026-08-20,2026-08-20,Union Minister of State for Finance Shri Pankaj Chaudhary participated virtually in 21st Award Ceremony of Security Printing and Minting Corporation of India Limited (SPMCIL) in New Delhi today,https://pib.gov.in/PressReleasePage.aspx?PRID=2301712
Axana Estates LLP,Unknown,1,2025-05-20,2025-05-20,"CCI approves acquisition of majority stake/control over Nazara Technologies Limited by Axana Estates LLP, Plutus Wealth Management LLP and Junomoneta Finsol Private Limited",https://pib.gov.in/PressReleasePage.aspx?PRID=2130050
Axis Capital Limited and Axis Securities Limited,Unknown,1,2021-01-21,2021-01-21,"CCI approves the acquisition of stake by Axis Bank Limited, Axis Capital Limited and Axis Securities Limited in Max Life Insurance Company Limited",https://pib.gov.in/PressReleasePage.aspx?PRID=1690699
Axis Finance Limited,Unknown,1,2026-06-16,2026-06-16,CCI approves subscription of certain equity shareholding by Kedaara Pearl Holding and Kedaara Capital Fund IV AIF in Axis Finance Limited,https://pib.gov.in/PressReleasePage.aspx?PRID=2273668
Ayana Renewable Power Private Limited,Unknown,1,2025-03-11,2025-03-11,CCI approves the proposed combination involving acquisition of Ayana Renewable Power Private Limited (Target) by ONGC NTPC Green Private Limited (Acquirer),https://pib.gov.in/PressReleasePage.aspx?PRID=2110448
Ayukriyam Innovations Pvt. Ltd,Unknown,1,2026-02-26,2026-02-26,“TDB supports Ayukriyam Innovations Pvt. Ltd. for Development of ‘Autoscope’ – An AI-Driven Whole Slide Imaging Diagnostic System”,https://pib.gov.in/PressReleasePage.aspx?PRID=2232968
Azure Power Global Limited,Unknown,1,2021-07-30,2021-07-30,"CCI receives notice of acquisition under Green Channel of 19.36% (approx.) in Azure Power Global Limited by OMERS Infrastructure Asia Holdings Pte. Ltd., from its existing shareholders",https://pib.gov.in/PressReleasePage.aspx?PRID=1740795
B.M.M Ispat Limited,Unknown,1,2020-04-24,2020-04-24,CCI approves acquisition of majority shareholding in B.M.M Ispat Limited by JSW Projects Limited.,https://pib.gov.in/PressReleasePage.aspx?PRID=1617874
B.N. Agritech and Salasar Balaji Overseas Pvt Ltd,Unknown,1,2026-04-28,2026-04-28,"CCI approves proposed merger of A1 Agri Global, B.N. Agritech and Salasar Balaji Overseas Pvt Ltd. into BN Agrochem Ltd.",https://pib.gov.in/PressReleasePage.aspx?PRID=2256394
BC Asia Investments X Limited,Unknown,1,2022-06-14,2022-06-14,CCI approves acquisition of up to 24.98% shareholding of IIFL Wealth Management Limited by BC Asia Investments X Limited,https://pib.gov.in/PressReleasePage.aspx?PRID=1833960
BC Asia Investments XV Limited and BC Asia Investments XVI Limited,Unknown,1,2025-03-17,2025-03-17,CCI approves the proposed acquisition of shareholding in Dhoot Transmission Private Limited by BC Asia Investments XV Limited and BC Asia Investments XVI Limited,https://pib.gov.in/PressReleasePage.aspx?PRID=2112021
BCP Asia II Holdco VII Pte. Ltd,Unknown,1,2025-11-07,2025-11-07,CCI approves the proposed acquisition of up to 80.15% shareholding of Aadhar Housing Finance Ltd. by BCP Asia II Holdco VII Pte. Ltd.,https://pib.gov.in/PressReleasePage.aspx?PRID=2187554
BCP Asia II Topco II Pte. Ltd,Unknown,1,2023-02-13,2023-02-13,CCI approves combination involving acquisition of up to 100% shareholding in R Systems International Limited by BCP Asia II Topco II Pte. Ltd,https://pib.gov.in/PressReleasePage.aspx?PRID=1898911
BCP Asia II Topco V Pte. Ltd,Unknown,1,2026-05-20,2026-05-20,"CCI approves the acquisition of certain shareholding in Neysa Networks Pvt Ltd by BCP Asia II Topco V Pte. Ltd., Asia II Topco XIV Pte. Ltd., and other investors",https://pib.gov.in/PressReleasePage.aspx?PRID=2263411
BCP TopCo XII Pte Ltd,Unknown,1,2021-11-15,2021-11-15,CCI approves acquisition of 71.25% shareholding of ASK Investment Managers Limited by BCP TopCo XII Pte Ltd.,https://pib.gov.in/PressReleasePage.aspx?PRID=1772044
BCP Topco IX Pte. Ltd,Unknown,1,2021-06-08,2021-06-08,"CCI approves acquisition by BCP Topco IX Pte. Ltd. (BCP Topco), Waverly Pte Ltd. (GIC Investor) and Platinum Owl C 2018 RSC Limited (ADIA Investor) of Mphasis Limited",https://pib.gov.in/PressReleasePage.aspx?PRID=1725360
BCP V Multiple Holdings Pte. Ltd,Unknown,1,2020-03-03,2020-03-03,BCP V Multiple Holdings Pte. Ltd. proposes to acquire 40% paid up equity share capital of IndoStar Capital Finance Limited through CCI’s Green Channel,https://pib.gov.in/PressReleasePage.aspx?PRID=1605027
BDR Pharmaceuticals International Private Limited,Unknown,1,2022-04-18,2022-04-18,"CCI approves acquisition of minority stake of BDR Pharmaceuticals International Private Limited by Multiples Private Equity Fund III, SRF Transnational Holdings Limited, Balkrishna Industries Limited, Dharmayug Investmen...",https://pib.gov.in/PressReleasePage.aspx?PRID=1817785
BN Agrochem Ltd,Unknown,1,2026-04-28,2026-04-28,"CCI approves proposed merger of A1 Agri Global, B.N. Agritech and Salasar Balaji Overseas Pvt Ltd. into BN Agrochem Ltd.",https://pib.gov.in/PressReleasePage.aspx?PRID=2256394
BOI AXA Investment Managers Private Limited and BOI AXA Trustee Services Private Limited,Unknown,1,2021-02-10,2021-02-10,CCI approves acquisition by Bank of India (BOI) of BOI AXA Investment Managers Private Limited and BOI AXA Trustee Services Private Limited,https://pib.gov.in/PressReleasePage.aspx?PRID=1696862
BREP Asia III India Holding Co VII Pte. Ltd,Unknown,1,2025-06-10,2025-06-10,CCI approves the acquisition of certain shareholding in Kolte-Patil Developers Limited by BREP Asia III India Holding Co VII Pte. Ltd.,https://pib.gov.in/PressReleasePage.aspx?PRID=2135482
BREP Asia III India Holding Co VIII Pte. Ltd,Unknown,1,2024-12-10,2024-12-10,"CCI approves the acquisition of certain stake in Bagmane Developers Private Limited and Bagmane Rio Private Limited (collectively, Target Entities) by BREP Asia III India Holding Co VIII Pte. Ltd. (Acquirer)",https://pib.gov.in/PressReleasePage.aspx?PRID=2082976
BXG Xenon HoldCo Limited,Unknown,1,2022-03-23,2022-03-23,CCI approves acquisition of shareholding in Busybees Logistics Solutions Private Limited by BXG Xenon HoldCo Limited.,https://pib.gov.in/PressReleasePage.aspx?PRID=1808805
Bachhraj & Company Private Limited,Unknown,1,2021-07-20,2021-07-20,"CCI approves acquisition of Mukand Limited by Bajaj Sevashram Private Limited, Bachhraj & Company Private Limited, Bachhraj Factories Private Limited and Sanraj Nayan Investments Private Limited",https://pib.gov.in/PressReleasePage.aspx?PRID=1737296
Bachhraj Factories Private Limited and Sanraj Nayan Investments Private Limited,Unknown,1,2021-07-20,2021-07-20,"CCI approves acquisition of Mukand Limited by Bajaj Sevashram Private Limited, Bachhraj & Company Private Limited, Bachhraj Factories Private Limited and Sanraj Nayan Investments Private Limited",https://pib.gov.in/PressReleasePage.aspx?PRID=1737296
Bagmane Developers Private Limited and Bagmane Rio Private Limited,Unknown,1,2024-12-10,2024-12-10,"CCI approves the acquisition of certain stake in Bagmane Developers Private Limited and Bagmane Rio Private Limited (collectively, Target Entities) by BREP Asia III India Holding Co VIII Pte. Ltd. (Acquirer)",https://pib.gov.in/PressReleasePage.aspx?PRID=2082976
Bajaj Allianz General Insurance Company Limited and Bajaj Allianz Financial Distributors Limited,Unknown,1,2025-05-20,2025-05-20,"CCI approves the proposed combination involving acquisition of Bajaj Allianz Life Insurance Company Limited, Bajaj Allianz General Insurance Company Limited and Bajaj Allianz Financial Distributors Limited by Bajaj Finse...",https://pib.gov.in/PressReleasePage.aspx?PRID=2130051
Bajaj Allianz Life Insurance Company Limited,Unknown,1,2025-05-20,2025-05-20,"CCI approves the proposed combination involving acquisition of Bajaj Allianz Life Insurance Company Limited, Bajaj Allianz General Insurance Company Limited and Bajaj Allianz Financial Distributors Limited by Bajaj Finse...",https://pib.gov.in/PressReleasePage.aspx?PRID=2130051
Bajaj Auto Ltd,Unknown,1,2026-03-06,2026-03-06,"DGT, MSDE Signs Flexi-MoU with Bajaj Auto Ltd. to train Youth in Advanced Automotive Manufacturing Under Industry-Integrated Skilling Model",https://pib.gov.in/PressReleasePage.aspx?PRID=2235973
Bajaj Sevashram Private Limited,Unknown,1,2021-07-20,2021-07-20,"CCI approves acquisition of Mukand Limited by Bajaj Sevashram Private Limited, Bachhraj & Company Private Limited, Bachhraj Factories Private Limited and Sanraj Nayan Investments Private Limited",https://pib.gov.in/PressReleasePage.aspx?PRID=1737296
Balkrishna Industries Limited,Unknown,1,2022-04-18,2022-04-18,"CCI approves acquisition of minority stake of BDR Pharmaceuticals International Private Limited by Multiples Private Equity Fund III, SRF Transnational Holdings Limited, Balkrishna Industries Limited, Dharmayug Investmen...",https://pib.gov.in/PressReleasePage.aspx?PRID=1817785
Bandhan Financial Holdings Limited,Unknown,1,2022-08-02,2022-08-02,"CCI approves acquisition of stake in IDFC Asset Management Company Limited and IDFC AMC Trustee Company Limited by Bandhan Financial Holdings Limited, ChrysCapital and GIC",https://pib.gov.in/PressReleasePage.aspx?PRID=1847454
Bangalore Metro Rail Corporation Limited,Unknown,1,2023-06-25,2023-06-25,"REC Limited to provide ₹ 3,045 Crores financial assistance to Bangalore Metro Rail Corporation Limited",https://pib.gov.in/PressReleasePage.aspx?PRID=1935184
Bangla Entertainment Private Limited,Unknown,1,2022-10-04,2022-10-04,"CCI approves amalgamation of Zee Entertainment Enterprises Limited (ZEE) and Bangla Entertainment Private Limited (BEPL) with Culver Max Entertainment Private Limited (CME), with certain modifications",https://pib.gov.in/PressReleasePage.aspx?PRID=1865166
Baring Private Equity Asia Group Limited,Unknown,1,2022-08-18,2022-08-18,"CCI approves (i) EQT AB’s (EQT) acquisition of Baring Private Equity Asia Group Limited (BPEA) including its subsidiaries (BPEA Group) and, to the extent not already owned by the BPEA Group, 100% of the general partner e...",https://pib.gov.in/PressReleasePage.aspx?PRID=1852954
Batlivala & Karani Securities Private Limited and Batlivala & Karani Finserv Private Limited,Unknown,1,2025-05-20,2025-05-20,CCI approves proposed combination involving acquisition of Batlivala & Karani Securities Private Limited and Batlivala & Karani Finserv Private Limited by 360 ONE,https://pib.gov.in/PressReleasePage.aspx?PRID=2130047
Bengal Chemicals & Pharmaceutical Ltd,Unknown,1,2020-08-25,2020-08-25,"To meet the increasing demand due to COVID -19 Bengal Chemicals & Pharmaceutical Ltd creates a record of producing 51,960 pheneol bottles on a single day",https://pib.gov.in/PressReleasePage.aspx?PRID=1648430
Bengal Chemicals & Pharmaceuticals Ltd,Unknown,1,2020-09-09,2020-09-09,Bengal Chemicals & Pharmaceuticals Ltd achieves record pheneol production of Rs 8.3 Crore in Aug 2020,https://pib.gov.in/PressReleasePage.aspx?PRID=1652676
Bennett Coleman & Co. Ltd,Unknown,1,2026-02-18,2026-02-18,CCI approves internal reorganization of Bennett Coleman & Co. Ltd.’s (BCCL) certain businesses etc. into Times Horizon Pvt Ltd (THPL) on a going concern basis,https://pib.gov.in/PressReleasePage.aspx?PRID=2229544
Berhyanda Limited,Unknown,1,2023-04-20,2023-04-20,CCI approves acquisition of up to 76.10% of voting share capital of Suven Pharmaceuticals Limited by Berhyanda Limited,https://pib.gov.in/PressReleasePage.aspx?PRID=1918371
Bharat Financial Inclusion Limited,Unknown,1,2024-03-15,2024-03-15,"Ministry of Rural Development, GoI signs MoU with the Bharat Financial Inclusion Limited to synergize the livelihood intervention in livestock sector",https://pib.gov.in/PressReleasePage.aspx?PRID=2014946
Bharat Forge Limited,Unknown,1,2025-04-23,2025-04-23,CCI approves proposed combination involving acquisition of 100% equity shareholding of the AAM India Manufacturing Corporation Private Limited by Bharat Forge Limited with voluntary modifications,https://pib.gov.in/PressReleasePage.aspx?PRID=2123770
Bharat Forge Limited and AAM India Manufacturing Corporation Private Limited,Unknown,1,2025-03-19,2025-03-19,CCI invites comments from public in respect of proposed combination between Bharat Forge Limited and AAM India Manufacturing Corporation Private Limited,https://pib.gov.in/PressReleasePage.aspx?PRID=2112965
Bharat Heavy Electricals Limited,Unknown,1,2023-11-28,2023-11-28,Ministry of Defence inks contract with Bharat Heavy Electricals Limited to procure 16 Upgraded Super Rapid Gun Mount & accessories worth ₹2956.89 Cr for Indian Navy,https://pib.gov.in/PressReleasePage.aspx?PRID=1980502
Bharat Petroleum Corporation Limited and Hindustan Petroleum Corporation Limited,Unknown,1,2021-11-27,2021-11-27,"Indian Oil, Bharat Petroleum Corporation Limited and Hindustan Petroleum Corporation Limited launch",https://pib.gov.in/PressReleasePage.aspx?PRID=1775624
Bharat Serums and Vaccines Limited,Unknown,1,2024-10-02,2024-10-02,CCI approves acquisition of Bharat Serums and Vaccines Limited by Mankind Pharma Ltd.,https://pib.gov.in/PressReleasePage.aspx?PRID=2061070
Bharatiya Beej Sahakari Samiti Limited,Unknown,1,2026-07-23,2026-07-23,Branch of the Bharatiya Beej Sahakari Samiti Limited in Bihar,https://pib.gov.in/PressReleasePage.aspx?PRID=2287817
Bharti Axa Life Insurance Company Limited,Unknown,1,2025-04-23,2025-04-23,"CCI approves the (i) acquisition of certain equity shares of Bharti Axa Life Insurance Company Limited (BALIC/ Target) by 360 ONE Private Equity Fund, through its schemes or affiliates (360 Fund); and (ii) subscription o...",https://pib.gov.in/PressReleasePage.aspx?PRID=2123768
Bharti Enterprises Limited,Unknown,1,2025-01-21,2025-01-21,"CCI approves the proposed combination involving, inter alia, Agro Tech Foods Limited (ATFL), Bharti Enterprises Limited (BEL), DMPL India Limited (DMPL India) and Del Monte Foods Private Limited (DMFPL)",https://pib.gov.in/PressReleasePage.aspx?PRID=2094905
Bharti-Airtel Ltd,Unknown,1,2024-07-19,2024-07-19,CBDT awards Taxnet 2.0 Project to M/s Bharti-Airtel Ltd,https://pib.gov.in/PressReleasePage.aspx?PRID=2034463
Bhartiya Beej Sahakari Samiti Limited,Unknown,1,2026-08-05,2026-08-05,Bhartiya Beej Sahakari Samiti Limited,https://pib.gov.in/PressReleasePage.aspx?PRID=2294365
Bhushan Power and Steel Ltd,Unknown,1,2026-01-20,2026-01-20,"CCI approves proposed combination between Bhushan Power and Steel Ltd, JSW Sambalpur Steel, JFE Steel Corp. and JSW Kalinga Steel",https://pib.gov.in/PressReleasePage.aspx?PRID=2216554
Bihar State Hydroelectric Power Corporation,Unknown,1,2021-06-14,2021-06-14,NHPC signs Memorandum of Understanding with Bihar State Hydroelectric Power Corporation (BSHPC) for Implementation of 130.1 MW Dagmara HE Project,https://pib.gov.in/PressReleasePage.aspx?PRID=1727007
Bikaji Foods International Limited,Unknown,1,2021-08-10,2021-08-10,"CCI approves acquisition of Bikaji Foods International Limited by Lighthouse India Fund III, Limited (Fund III) and Lighthouse India III Employee Trust",https://pib.gov.in/PressReleasePage.aspx?PRID=1744506
Billionbrains Garage Ventures Limited,Unknown,1,2025-07-01,2025-07-01,CCI approves acquisition of shares of Billionbrains Garage Ventures Limited by Viggo Investment Pte. Ltd.,https://pib.gov.in/PressReleasePage.aspx?PRID=2141340
Billionbrains Garage Ventures Private Limited,Unknown,1,2025-04-01,2025-04-01,Competition Commission of India (CCI) approves acquisition of additional voting rights by certain shareholders of Billionbrains Garage Ventures Private Limited (Groww) and issuance of bonus compulsorily convertible pref...,https://pib.gov.in/PressReleasePage.aspx?PRID=2117414
Biocon Biologics Limited,Unknown,1,2022-06-14,2022-06-14,CCI approves proposed transaction involving sale of global biosimilars portfolio of Viatris Inc. to Biocon Biologics Limited and an equity infusion in Biocon Biologics by Biocon and Serum,https://pib.gov.in/PressReleasePage.aspx?PRID=1833959
Biological E Limited,Unknown,1,2022-02-24,2022-02-24,DBT-BIRAC supported Novel COVID-19 vaccine candidate - CORBEVAXTM developed by Biological E Limited receives DCGI approval for Emergency Use Authorization (EUA) for 12-18 years age group,https://pib.gov.in/PressReleasePage.aspx?PRID=1800918
Biological-E Ltd,Unknown,1,2021-06-03,2021-06-03,"Union Ministry of Health finalises advance arrangement with M/s Biological-E Ltd., Hyderabad for 30 cr COVID19 Vaccine doses",https://pib.gov.in/PressReleasePage.aspx?PRID=1723933
Bioneemtec India Private Limited,Unknown,1,2026-06-04,2026-06-04,"“TDB-DST supports M/s Bioneemtec India Private Limited, Chennai for Commercialization of Green Chemistry-Based Pharmaceutical Manufacturing Technologies”",https://pib.gov.in/PressReleasePage.aspx?PRID=2268897
Biovet Pvt. Ltd,Unknown,1,2026-02-25,2026-02-25,“TDB-DST Supports Indigenous Commercial Production of Veterinary Hormones by Biovet Pvt. Ltd.”,https://pib.gov.in/PressReleasePage.aspx?PRID=2232624
Blackstone Group Inc,Unknown,1,2020-12-08,2020-12-08,CCI approves acquisition of certain assets of the Prestige Group by affiliates of Blackstone Group Inc.,https://pib.gov.in/PressReleasePage.aspx?PRID=1679125
BlueScope Steel Asia Holdings Pty Ltd,Unknown,1,2025-12-23,2025-12-23,CCI has approved Tata Steel Limited’s proposed acquisition of sole control in Tata BlueScope Steel Pvt. Ltd. by purchasing the remaining 50% equity shareholding currently held by BlueScope Steel Asia Holdings Pty Ltd.,https://pib.gov.in/PressReleasePage.aspx?PRID=2207899
Board of Directors of National Cooperative Consumers Federation of India Limited,Unknown,1,2023-10-20,2023-10-20,Union Home Minister and Minister of Cooperation Shri Amit Shah addressed the Board of Directors of National Cooperative Consumers Federation of India Limited (NCCF) in New Delhi,https://pib.gov.in/PressReleasePage.aspx?PRID=1969318
BrahMos Aerospace Private Limited,Unknown,1,2023-03-30,2023-03-30,"Aatmanirbhar Bharat: MoD inks contract with BrahMos Aerospace Private Limited for Next Generation Maritime Mobile Coastal Batteries (Long range) & BrahMos Missiles worth Rs 1,700 crore",https://pib.gov.in/PressReleasePage.aspx?PRID=1912292
Bricklayers Investment Pte. Ltd,Unknown,1,2021-12-21,2021-12-21,CCI approves acquisition up to 16.94% equity share capital of IRB Infrastructure Developers Limited by Bricklayers Investment Pte. Ltd.,https://pib.gov.in/PressReleasePage.aspx?PRID=1783745
British India Corporation Ltd.,Unknown,1,2023-06-23,2023-06-23,Disbursement of pending dues of employees at British India Corporation Ltd.to begin from tomorrow,https://pib.gov.in/PressReleasePage.aspx?PRID=1934836
Brookfield Asset Management Ltd,Unknown,1,2026-07-29,2026-07-29,"CCI approves acquisition of units of Oaktree capital group Holdings, L.P. (OCGH), and Oaktree Equity Plan, L.P. (OEP) by Brookfield Asset Management Ltd. (BAM)",https://pib.gov.in/PressReleasePage.aspx?PRID=2290714
Brookgrange Investment Limited,Unknown,1,2023-11-06,2023-11-06,CCI approves acquisition of 20.51% equity shares of Indo Rama Synthetics (India) Limited (IRSL) by Mr. Aloke Lohia from Brookgrange Investment Limited and transfer of 20.51% equity shares of IRSL to Ms. Urmila Lohia by M...,https://pib.gov.in/PressReleasePage.aspx?PRID=1975202
Busybees Logistics Solutions Private Limited,Unknown,1,2022-03-23,2022-03-23,CCI approves acquisition of shareholding in Busybees Logistics Solutions Private Limited by BXG Xenon HoldCo Limited.,https://pib.gov.in/PressReleasePage.aspx?PRID=1808805
C&S Electric Limited,Unknown,1,2020-08-20,2020-08-20,CCI approves proposed acquisition of C&S Electric Limited by Siemens Limited,https://pib.gov.in/PressReleasePage.aspx?PRID=1647335
C-DOT and Linearized Amplifier Technologies and Services Pvt Ltd and Vedang Radio Tech. Pvt Ltd,Unknown,1,2024-11-09,2024-11-09,C-DOT and Linearized Amplifier Technologies and Services Pvt Ltd and Vedang Radio Tech. Pvt Ltd. Sign an agreement for “Millimeter wave Power Amplifiers Chips IP Core Development and Demonstration for 5G FR2”,https://pib.gov.in/PressReleasePage.aspx?PRID=2071932
C-DOT and Sterlite Technologies Ltd,Unknown,1,2025-04-17,2025-04-17,C-DOT and Sterlite Technologies Ltd. (STL) achieve India's First Quantum Key Distribution (QKD) over Multi-Core Fibre,https://pib.gov.in/PressReleasePage.aspx?PRID=2122447
C-DOT and Vodafone Idea Limited,Unknown,1,2022-05-18,2022-05-18,C-DOT and Vodafone Idea Limited sign MoU for cooperation in area of IoT/M2M.,https://pib.gov.in/PressReleasePage.aspx?PRID=1826493
CA Basque Investments of Yes Bank Limited,Unknown,1,2022-10-20,2022-10-20,CCI approves acquisition of stake by CA Basque Investments of Yes Bank Limited,https://pib.gov.in/PressReleasePage.aspx?PRID=1869746
CA Plume Investments and Bequest Inc,Unknown,1,2025-08-19,2025-08-19,CCI approves acquisition of certain equity stake in Quest Global Services Pte. Ltd. by the CA Plume Investments and Bequest Inc.,https://pib.gov.in/PressReleasePage.aspx?PRID=2158149
CDPQ Infrastructures Asia II Pte. Ltd,Unknown,1,2022-09-05,2022-09-05,CCI approves acquisition of stake in Apraava Energy Private Limited by CDPQ Infrastructures Asia II Pte. Ltd.,https://pib.gov.in/PressReleasePage.aspx?PRID=1856889
CDPQ Infrastructures Asia III Inc,Unknown,1,2025-03-25,2025-03-25,"CCI approves the proposed combination involving, inter alia, Maple Infrastructure Trust (MIT); CDPQ Infrastructures Asia III Inc. (CDPQ Asia); Maple Highways Pte. Ltd.; 360 ONE Private Equity Fund and certain road assets...",https://pib.gov.in/PressReleasePage.aspx?PRID=2115025
CDPQ Private Equity Asia Pte Ltd,Unknown,1,2024-01-31,2024-01-31,CCI approves proposed subscription of Compulsorily Convertible Preference Shares (B) (CCPS B) in API Holdings Ltd. by CDPQ Private Equity Asia Pte Ltd.,https://pib.gov.in/PressReleasePage.aspx?PRID=2000724
CDPQ Private Equity Asia Pte. Ltd,Unknown,1,2021-02-23,2021-02-23,CCI approves acquisition of API Holdings Private Limited equity shareholding by CDPQ Private Equity Asia Pte. Ltd.,https://pib.gov.in/PressReleasePage.aspx?PRID=1700108
CEO and Managing Director of L&T Ltd,Unknown,1,2021-02-04,2021-02-04,"S.N. Subrahmanyan, CEO and Managing Director of L&T Ltd appointed as Chairman of the National Safety Council",https://pib.gov.in/PressReleasePage.aspx?PRID=1695135
CEO of Alphabet Inc,Unknown,1,2023-06-24,2023-06-24,"Prime Minister’s meeting with Sundar Pichai, CEO of Alphabet Inc. and Google",https://pib.gov.in/PressReleasePage.aspx?PRID=1934918
CG Power and Industrial Solutions Limited,Unknown,1,2020-10-14,2020-10-14,CCI approves acquisition of shares in CG Power and Industrial Solutions Limited by Tube Investments of India Limited,https://pib.gov.in/PressReleasePage.aspx?PRID=1664237
CMD of Rural Electric Corporation,Unknown,1,2017-03-09,2017-03-09,The Finance Secretary Shri Ashok Lavasa receives today a cheque of Rs 25 crores towards the Swachh Bharat Kosh (SBK) by the CMD of Rural Electric Corporation (REC) Limited,https://pib.gov.in/PressReleasePage.aspx?PRID=1483933
CPPIB India Pvt Holdings Inc,Unknown,1,2026-05-12,2026-05-12,CCI approves acquisition by CPPIB India Pvt Holdings Inc. of certain shareholding in Ctrl S Datacenters Ltd.,https://pib.gov.in/PressReleasePage.aspx?PRID=2260404
CREDA Biofuels Ltd,Unknown,1,2017-03-22,2017-03-22,Cabinet approves closure/winding up of CREDA HPCL Biofuel Ltd (CHBL) and IndianOil - CREDA Biofuels Ltd. (ICBL),https://pib.gov.in/PressReleasePage.aspx?PRID=1485273
CREDA HPCL Biofuel Ltd,Unknown,1,2017-03-22,2017-03-22,Cabinet approves closure/winding up of CREDA HPCL Biofuel Ltd (CHBL) and IndianOil - CREDA Biofuels Ltd. (ICBL),https://pib.gov.in/PressReleasePage.aspx?PRID=1485273
CSIR-IIIM & Reliance Industries Limited,Unknown,1,2020-05-26,2020-05-26,CSIR-IIIM & Reliance Industries Limited (RIL) to develop RT-LAMP based test for Coronavirus,https://pib.gov.in/PressReleasePage.aspx?PRID=1626931
CSR Funds of Coal India Ltd,Unknown,1,2022-12-14,2022-12-14,Development Programmes under CSR Funds of Coal India Ltd,https://pib.gov.in/PressReleasePage.aspx?PRID=1883340
Cairn Energy Plc and Cairn UK Holdings Limited,Unknown,1,2020-12-23,2020-12-23,Government to study arbitration case award in Cairn Energy Plc and Cairn UK Holdings Limited,https://pib.gov.in/PressReleasePage.aspx?PRID=1682919
Caladium Investment Pte. Ltd,Unknown,1,2022-08-30,2022-08-30,CCI approves acquisition of approximately 7.49% shareholding in Aditya Birla Fashion and Retail Limited on a fully diluted basis by the Caladium Investment Pte. Ltd (GIC Investor) by way of preferential issuance of equit...,https://pib.gov.in/PressReleasePage.aspx?PRID=1855575
Canary Investments Limited,Unknown,1,2020-04-30,2020-04-30,CCI approves the acquisition of less than 5% shareholding in Intas Pharmaceuticals Limited by Canary Investments Limited and Link Investment Trust II,https://pib.gov.in/PressReleasePage.aspx?PRID=1619715
Capacity Expansion of Steel Authority of India Ltd,Unknown,1,2022-08-08,2022-08-08,Capacity Expansion of Steel Authority of India Ltd.,https://pib.gov.in/PressReleasePage.aspx?PRID=1849924
Carbon Craft Design Pvt. Ltd,Unknown,1,2026-02-26,2026-02-26,“TDB-DST supports Carbon Craft Design Pvt. Ltd. for Commercialization of Eco-Friendly Ultra-Low Carbon Wall Claddings”,https://pib.gov.in/PressReleasePage.aspx?PRID=2232966
Centella Mauritius Holdings Limited,Unknown,1,2023-09-20,2023-09-20,CCI approves acquisition of approximately 24.16% of total equity shareholding in Quality Care India Limited by Centella Mauritius Holdings Limited,https://pib.gov.in/PressReleasePage.aspx?PRID=1959117
Centella and Quality Care India Limited,Unknown,1,2025-04-15,2025-04-15,"CCI approves proposed transaction involving Aster DM Healthcare, BCP Asia, Centella and Quality Care India Limited",https://pib.gov.in/PressReleasePage.aspx?PRID=2121949
Central Arecanut and Cocoa Marketing and Processing Co-operative Limited,Unknown,1,2023-02-11,2023-02-11,"Union Home Minister and Minister of Cooperation, Shri Amit Shah attended the golden jubilee celebrations of CAMPCO (Central Arecanut and Cocoa Marketing and Processing Co-operative Limited) as the chief guest at Puttur i...",https://pib.gov.in/PressReleasePage.aspx?PRID=1898389
Central Cottage Industries Corporation,Unknown,1,2023-07-09,2023-07-09,Central Cottage Industries Corporation of India on-boarded to ONDC; to expand market presence and make Handicrafts and Handloom products easily accessible to customers,https://pib.gov.in/PressReleasePage.aspx?PRID=1938267
Central Cottage Industries Corporation of India Ltd,Unknown,1,2025-03-25,2025-03-25,Central Cottage Industries Corporation of India Ltd. Organizing quiz on Crafts of India,https://pib.gov.in/PressReleasePage.aspx?PRID=2114778
Central Electronics Ltd,Unknown,1,2021-11-29,2021-11-29,Government approves strategic disinvestment of Central Electronics Ltd.,https://pib.gov.in/PressReleasePage.aspx?PRID=1776205
Central Industrial Security Force & National Skill Development Corporation,Unknown,1,2017-06-05,2017-06-05,MoU signed between Central Industrial Security Force & National Skill Development Corporation,https://pib.gov.in/PressReleasePage.aspx?PRID=1491838
Ceramat Private Limited,Unknown,1,2026-09-10,2026-09-10,TDB-DST Supports M/s Ceramat Private Limited for Commercialisation of 3D-Printed Patient-Specific Bone Grafts,https://pib.gov.in/PressReleasePage.aspx?PRID=2308145
Chairman & Managing Director of Hindustan Copper Limited,Unknown,1,2026-07-01,2026-07-01,Shri Anupam Misra takes over as Chairman & Managing Director of Hindustan Copper Limited,https://pib.gov.in/PressReleasePage.aspx?PRID=2280136
Chairman & Managing Director of National Research Development Corporation,Unknown,1,2021-10-18,2021-10-18,Commodore Amit Rastogi (Retd) is the new Chairman & Managing Director of National Research Development Corporation,https://pib.gov.in/PressReleasePage.aspx?PRID=1764659
Chairman and CEO of Microsoft Corporation,Unknown,1,2023-01-05,2023-01-05,"PM meets with Satya Nadella, Chairman and CEO of Microsoft Corporation",https://pib.gov.in/PressReleasePage.aspx?PRID=1888860
Chairman of National Skill Development Corporation,Unknown,1,2018-11-28,2018-11-28,A.M. Naik appointed as Chairman of National Skill Development Corporation,https://pib.gov.in/PressReleasePage.aspx?PRID=1554121
Chaitanya India Fin Credit Private Limited and Svatantra Holdings Private Limited,Unknown,1,2025-02-18,2025-02-18,CCI approves amalgamations of Chaitanya India Fin Credit Private Limited and Svatantra Holdings Private Limited into Svatantra Microfin Private Limited,https://pib.gov.in/PressReleasePage.aspx?PRID=2104452
Chandigarh & Engineers India Limited,Unknown,1,2022-07-01,2022-07-01,"CSIR-CSIO, Chandigarh & Engineers India Limited (EIL), New Delhi inked an agreement for joint commercialization of Earthquake Warning System",https://pib.gov.in/PressReleasePage.aspx?PRID=1838675
Chief Executive of General Atomics Global Corporation,Unknown,1,2021-09-23,2021-09-23,"Prime Minister’s meeting with Mr. Vivek Lall, Chief Executive of General Atomics Global Corporation",https://pib.gov.in/PressReleasePage.aspx?PRID=1757445
China National Chemical Corporation Limited,Unknown,1,2020-11-12,2020-11-12,CCI approves transfer of 100% shareholding of Sinochem Group Company Limited (Sinochem) and China National Chemical Corporation Limited (ChemChina) to a new company wholly owned by China State-owned Assets Supervision an...,https://pib.gov.in/PressReleasePage.aspx?PRID=1672356
Chowgule & Company Pvt. Ltd,Unknown,1,2024-10-24,2024-10-24,"MoD inks Rs 387.44 crore contract with Chowgule & Company Pvt. Ltd., Goa for six Air Cushion Vehicles for Indian Coast Guard",https://pib.gov.in/PressReleasePage.aspx?PRID=2067697
Cipla Ltd,Unknown,1,2020-07-23,2020-07-23,"Cost Effective Process Technology of Favipiravir Developed by CSIR Used by M/s Cipla Ltd., for Scale up & the Repurposed Drug Expected to be Launched Soon",https://pib.gov.in/PressReleasePage.aspx?PRID=1640742
Claypond Capital Partners Private Limited,Unknown,1,2025-04-15,2025-04-15,"CCI approves the acquisition of certain shareholding in SNV Aviation Private Limited (Akasa Air) by PI Opportunities Fund-I Scheme-II (PIOF), certain executives of PIOF, Claypond Capital Partners Private Limited (Claypon...",https://pib.gov.in/PressReleasePage.aspx?PRID=2121950
Clearsynth Labs Limited,Unknown,1,2025-06-12,2025-06-12,“TDB Extends Financial Support to M/s Clearsynth Labs Limited for Establishment of Bulk Manufacturing Facility for Deuterated Reagents and Building Blocks”,https://pib.gov.in/PressReleasePage.aspx?PRID=2135926
Cloud4C Services Pte. Ltd and Cloud4C Services Private Limited,Unknown,1,2025-10-14,2025-10-14,CCI approves proposed acquisition of Cloud4C Services Pte. Ltd and Cloud4C Services Private Limited by Capgemini SE,https://pib.gov.in/PressReleasePage.aspx?PRID=2179070
Coal & Mines Shri Satish Chandra Dubey Visits South Eastern Coalfields Limited,Unknown,1,2025-07-01,2025-07-01,Union Minister of State for Coal & Mines Shri Satish Chandra Dubey Visits South Eastern Coalfields Limited,https://pib.gov.in/PressReleasePage.aspx?PRID=2141309
Coal Gasification Plant PF Talcher Fertilizers Limited,Unknown,1,2019-09-18,2019-09-18,"Lump Sum Turn Key (LSTK) contract for Coal Gasification Plant PF Talcher Fertilizers Limited was awarded to M/s Wuhuan Engineering Co. Ltd, China.",https://pib.gov.in/PressReleasePage.aspx?PRID=1585404
Coal Production Targets of Coal India Ltd,Unknown,1,2021-12-06,2021-12-06,Coal Production Targets of Coal India Ltd,https://pib.gov.in/PressReleasePage.aspx?PRID=1778471
Coal and Mines Shri Satish Chandra Dubey Visits Eastern Coalfields Limited,Unknown,1,2025-05-05,2025-05-05,Union Minister of State for Coal and Mines Shri Satish Chandra Dubey Visits Eastern Coalfields Limited,https://pib.gov.in/PressReleasePage.aspx?PRID=2127153
Coastal Energen Private Limited,Unknown,1,2024-02-13,2024-02-13,CCI approves acquisition of 100% shareholding of Coastal Energen Private Limited by Dickey Alternative Investment Trust and Adani Power Limited,https://pib.gov.in/PressReleasePage.aspx?PRID=2005804
Cochin Shipyard Ltd,Unknown,1,2021-09-17,2021-09-17,Hindi Fortnight Celebrations in Cochin Shipyard Ltd,https://pib.gov.in/PressReleasePage.aspx?PRID=1755722
Coinbase Global Inc,Unknown,1,2025-12-16,2025-12-16,CCI approves the proposed combination involving acquisition of minority shareholding in DCX Global Limited by Coinbase Global Inc.,https://pib.gov.in/PressReleasePage.aspx?PRID=2204820
Columbia Asia Hospitals Private Limited,Unknown,1,2021-01-08,2021-01-08,CCI approves acquisition of 100% shareholding of the Columbia Asia Hospitals Private Limited by Manipal Health Enterprises Private Limited,https://pib.gov.in/PressReleasePage.aspx?PRID=1687115
Comcast Corporation,Unknown,1,2023-04-12,2023-04-12,"CCI approves acquisition of certain shareholding of BTS Investment 1 Pte. Ltd. and Bodhi Tree Systems VCC by NBC Universal Media, LLC a wholly-owned subsidiary of Comcast Corporation",https://pib.gov.in/PressReleasePage.aspx?PRID=1915972
Companies Fresh Start Scheme and LLP,Unknown,1,2021-03-23,2021-03-23,Extending deadline of Companies Fresh Start Scheme and LLP Settlement Scheme,https://pib.gov.in/PressReleasePage.aspx?PRID=1706926
Compulsorily Convertible Preference Shares of Hero Future Energies Global Limited,Unknown,1,2023-02-09,2023-02-09,CCI approves subscription of Compulsorily Convertible Preference Shares of Hero Future Energies Global Limited by Ardor Holdings II Pte. Ltd.,https://pib.gov.in/PressReleasePage.aspx?PRID=1897822
Concentrix Corporation,Unknown,1,2023-07-04,2023-07-04,CCI approves acquisition of Marnix Lux by Concentrix Corporation and shareholding in combined company by shareholders of Marnix Lux,https://pib.gov.in/PressReleasePage.aspx?PRID=1937327
Construction of Coal Rail Corridor By Mahanadi Coal Railway Limited,Unknown,1,2022-08-08,2022-08-08,Construction of Coal Rail Corridor By Mahanadi Coal Railway Limited,https://pib.gov.in/PressReleasePage.aspx?PRID=1849843
Continuum Energy Pte. Ltd,Unknown,1,2025-11-07,2025-11-07,CCI approves acquisition of certain shareholding of Continuum Green Energy Holdings Ltd. by Continuum Energy Pte. Ltd.,https://pib.gov.in/PressReleasePage.aspx?PRID=2187555
Continuum Green Energy Holdings Ltd,Unknown,1,2025-11-07,2025-11-07,CCI approves acquisition of certain shareholding of Continuum Green Energy Holdings Ltd. by Continuum Energy Pte. Ltd.,https://pib.gov.in/PressReleasePage.aspx?PRID=2187555
Convergence Energy Services Limited,Unknown,1,2021-06-05,2021-06-05,"NHPC Limited, signs E-Mobility Agreements with Convergence Energy Services Limited",https://pib.gov.in/PressReleasePage.aspx?PRID=1724629
Coral Blue Investment Pte. Ltd,Unknown,1,2022-01-11,2022-01-11,CCI approves acquisition of shares in Sutherland Global Holdings Inc. by Coral Blue Investment Pte. Ltd.,https://pib.gov.in/PressReleasePage.aspx?PRID=1789125
Coromandel International Limited,Unknown,1,2025-07-01,2025-07-01,Competition Commission of India approves acquisition of certain equity shares in NACL Industries Limited by Coromandel International Limited,https://pib.gov.in/PressReleasePage.aspx?PRID=2141336
Coursera Inc,Unknown,1,2026-03-25,2026-03-25,"CCI approves merger of Chess Merger Sub, wholly owned subsidiary of Coursera Inc., with and into Udemy Inc.",https://pib.gov.in/PressReleasePage.aspx?PRID=2245400
Craftsman Automation Limited,Unknown,1,2024-09-24,2024-09-24,CCI approves Craftsman Automation Limited’s acquisition of 100% share capital of Sunbeam Lightweighting Solutions Private Limited,https://pib.gov.in/PressReleasePage.aspx?PRID=2060279
Creixent Special Steels Limited,Unknown,1,2022-08-18,2022-08-18,CCI approves amalgamation of Creixent Special Steels Limited (CSSL); and JSW Ispat Special Products Limited (JSW Ispat) with and into JSW Steel Limited (JSW Steel),https://pib.gov.in/PressReleasePage.aspx?PRID=1852952
Crore of Ahmedabad Municipal Corporation,Unknown,1,2025-01-23,2025-01-23,"Union Home Minister and Minister of Cooperation, Shri Amit Shah, inaugurates and lays foundation stone for various development projects worth Rs. 651 Crore of Ahmedabad Municipal Corporation in Ahmedabad, Gujarat",https://pib.gov.in/PressReleasePage.aspx?PRID=2095622
Ctrl S Datacenters Ltd,Unknown,1,2026-05-12,2026-05-12,CCI approves acquisition by CPPIB India Pvt Holdings Inc. of certain shareholding in Ctrl S Datacenters Ltd.,https://pib.gov.in/PressReleasePage.aspx?PRID=2260404
Cultfit Healthcare Private Limited,Unknown,1,2025-12-09,2025-12-09,"CCI approves the proposed combination involving, inter alia, Curefit Healthcare Private Limited (Curefit Healthcare), Cultfit Healthcare Private Limited (Cultfit), Curefit Services Private Limited (Curefit Services), and...",https://pib.gov.in/PressReleasePage.aspx?PRID=2201088
Culver Max Entertainment Private Limited,Unknown,1,2022-10-04,2022-10-04,"CCI approves amalgamation of Zee Entertainment Enterprises Limited (ZEE) and Bangla Entertainment Private Limited (BEPL) with Culver Max Entertainment Private Limited (CME), with certain modifications",https://pib.gov.in/PressReleasePage.aspx?PRID=1865166
Curefit Healthcare Private Limited,Unknown,1,2025-12-09,2025-12-09,"CCI approves the proposed combination involving, inter alia, Curefit Healthcare Private Limited (Curefit Healthcare), Cultfit Healthcare Private Limited (Cultfit), Curefit Services Private Limited (Curefit Services), and...",https://pib.gov.in/PressReleasePage.aspx?PRID=2201088
Curefit Services Private Limited,Unknown,1,2025-12-09,2025-12-09,"CCI approves the proposed combination involving, inter alia, Curefit Healthcare Private Limited (Curefit Healthcare), Cultfit Healthcare Private Limited (Cultfit), Curefit Services Private Limited (Curefit Services), and...",https://pib.gov.in/PressReleasePage.aspx?PRID=2201088
Cyient Ltd,Unknown,1,2026-08-26,2026-08-26,CCI approves acquisition of 100% share capital of Tao Digital Solutions by Cyient Ltd,https://pib.gov.in/PressReleasePage.aspx?PRID=2303223
D2C Consulting Services Private Limited,Unknown,1,2025-11-07,2025-11-07,CCI approves the Proposed Merger of Girnar Finserv Private Limited; Girnar Insurance Brokers Private Limited; D2C Consulting Services Private Limited; RB Info Services Private Limited into Artivatic Data Labs Private Lim...,https://pib.gov.in/PressReleasePage.aspx?PRID=2187558
DCX Global Limited,Unknown,1,2025-12-16,2025-12-16,CCI approves the proposed combination involving acquisition of minority shareholding in DCX Global Limited by Coinbase Global Inc.,https://pib.gov.in/PressReleasePage.aspx?PRID=2204820
DMI Finance Private Limited,Unknown,1,2024-11-26,2024-11-26,"CCI approves the acquisition of additional securities of DMI Finance Private Limited by MUFG Bank, Ltd.",https://pib.gov.in/PressReleasePage.aspx?PRID=2077668
DMPL India Limited,Unknown,1,2025-01-21,2025-01-21,"CCI approves the proposed combination involving, inter alia, Agro Tech Foods Limited (ATFL), Bharti Enterprises Limited (BEL), DMPL India Limited (DMPL India) and Del Monte Foods Private Limited (DMFPL)",https://pib.gov.in/PressReleasePage.aspx?PRID=2094905
Dedication of Hooghly Cochin Shipyard Limited,Unknown,1,2022-08-16,2022-08-16,Dedication of Hooghly Cochin Shipyard Limited (HCSL) to the Nation,https://pib.gov.in/PressReleasePage.aspx?PRID=1852371
Defence India Pvt. Ltd,Unknown,1,2025-04-17,2025-04-17,"Technology Development Board-Department of Science and Technology (TDB-DST) supports M/s dvipa Defence India Pvt. Ltd. in Strengthening India's Small Arms Manufacturing Ecosystem""",https://pib.gov.in/PressReleasePage.aspx?PRID=2122388
Del Monte Foods Private Limited,Unknown,1,2025-01-21,2025-01-21,"CCI approves the proposed combination involving, inter alia, Agro Tech Foods Limited (ATFL), Bharti Enterprises Limited (BEL), DMPL India Limited (DMPL India) and Del Monte Foods Private Limited (DMFPL)",https://pib.gov.in/PressReleasePage.aspx?PRID=2094905
Delhi Metro Rail Corporation,Unknown,1,2026-06-15,2026-06-15,"TRAI assesses Mobile Network Quality across metro routes under Delhi Metro Rail Corporation, Noida Metro Rail Corporation and National Capital Region Transport Corporation under Delhi LSA",https://pib.gov.in/PressReleasePage.aspx?PRID=2272941
Delhivery Limited,Unknown,1,2025-06-17,2025-06-17,CCI approves acquisition of at least 99.44% of the equity and preference shareholding (on a fully diluted basis) of Ecom Express Limited by Delhivery Limited,https://pib.gov.in/PressReleasePage.aspx?PRID=2137018
Delhivery Private Limited,Unknown,1,2019-11-14,2019-11-14,"CCI approves the secondary acquisition in Delhivery Private Limited (DPL) by SVF Doorbell (Cayman) Ltd. (SVFD),under Section 31(1) of the Competition Act, 2002, today.",https://pib.gov.in/PressReleasePage.aspx?PRID=1591682
Department of Fertilizers and Hindustan Urvarak & Rasayan Limited,Unknown,1,2020-09-08,2020-09-08,"Loan Agreement executed between Department of Fertilizers and Hindustan Urvarak & Rasayan Limited (HURL) for disbursement of Interest Free Loan of Rs. 1257.82 crore to HURL to revive fertilizer projects at Sindri, Gorakh...",https://pib.gov.in/PressReleasePage.aspx?PRID=1652340
Department of Posts and NPCI International Payments Limited,Unknown,1,2025-07-24,2025-07-24,Department of Posts and NPCI International Payments Limited Sign Agreement to Revolutionize Inward Remittances to India,https://pib.gov.in/PressReleasePage.aspx?PRID=2147979
Department of Posts and National Stock Exchange of India Limited,Unknown,1,2026-02-10,2026-02-10,Department of Posts and National Stock Exchange of India Limited (NSE) Sign MoU to Expand Mutual Fund Access Through India Post Network,https://pib.gov.in/PressReleasePage.aspx?PRID=2225820
Devanahalli Tollway Pvt Ltd,Unknown,1,2026-05-20,2026-05-20,"CCI approves proposed acquisition of Baharampore - Farakka Highways, Devanahalli Tollway Pvt Ltd, Western MP Infrastructure and Toll Roads Pvt Ltd and Chenani Nashri Tunnelway Ltd by Cube Highways Trust",https://pib.gov.in/PressReleasePage.aspx?PRID=2263413
Dhampur Bio Organics Limited,Unknown,1,2021-07-30,2021-07-30,CCI receives notice of acquisition under Green Channel of certain undertakings of Dhampur Sugar Mills Limited (DSML) by Dhampur Bio Organics Limited (DBOL),https://pib.gov.in/PressReleasePage.aspx?PRID=1740797
Dhampur Sugar Mills Limited,Unknown,1,2021-07-30,2021-07-30,CCI receives notice of acquisition under Green Channel of certain undertakings of Dhampur Sugar Mills Limited (DSML) by Dhampur Bio Organics Limited (DBOL),https://pib.gov.in/PressReleasePage.aspx?PRID=1740797
Dhani Services Limited,Unknown,1,2023-12-19,2023-12-19,"CCI approves scheme of arrangement involving Dhani Services Limited, Indiabulls Enterprises Limited, Savren Medicare Limited, Auxesia Soft Solutions Limited, Gyansagar Buildtech Limited, Pushpanjli Finsolutions Limited, ...",https://pib.gov.in/PressReleasePage.aspx?PRID=1988452
Dhoot Transmission Private Limited,Unknown,1,2025-03-17,2025-03-17,CCI approves the proposed acquisition of shareholding in Dhoot Transmission Private Limited by BC Asia Investments XV Limited and BC Asia Investments XVI Limited,https://pib.gov.in/PressReleasePage.aspx?PRID=2112021
Diamond Jubilee Celebrations of Janata Sahakari Bank Limited,Unknown,1,2025-02-22,2025-02-22,"Union Home Minister and Minister of Cooperation, Shri Amit Shah addresses the valedictory function of Diamond Jubilee Celebrations of Janata Sahakari Bank Limited in Pune, Maharashtra",https://pib.gov.in/PressReleasePage.aspx?PRID=2105536
Dickey Alternative Investment Trust and Adani Power Limited,Unknown,1,2024-02-13,2024-02-13,CCI approves acquisition of 100% shareholding of Coastal Energen Private Limited by Dickey Alternative Investment Trust and Adani Power Limited,https://pib.gov.in/PressReleasePage.aspx?PRID=2005804
Digital Age Retail Pvt. Ltd,Unknown,1,2025-09-26,2025-09-26,Central Consumer Protection Authority (CCPA) imposes penalty of Rs 2 Lakh on Digital Age Retail Pvt. Ltd (FirstCry) for misleading advertisement and unfair trade practices,https://pib.gov.in/PressReleasePage.aspx?PRID=2171807
Digital18 Media Limited,Unknown,1,2024-08-28,2024-08-28,"CCI approves combination involving Reliance Industries Limited (RIL), Viacom18, Digital18 Media Limited, Star India Private Limited (SIPL) and Star Television Productions Limited (STPL)",https://pib.gov.in/PressReleasePage.aspx?PRID=2049484
Digvijay Cement Company Limited,Unknown,1,2025-11-18,2025-11-18,CCI approves the proposed combination involving inter alia acquisition by India Resurgence Fund in Shree Digvijay Cement Company Limited and acquisition by Digvijay Cement Company Limited in Hi-Bond Cement (India) Privat...,https://pib.gov.in/PressReleasePage.aspx?PRID=2191372
Diliigent Power Private Limited and DB Power Limited,Unknown,1,2022-09-29,2022-09-29,CCI approves acquisition by Adani Power Limited of share capital of Diliigent Power Private Limited and DB Power Limited,https://pib.gov.in/PressReleasePage.aspx?PRID=1863411
Dilip Buildcon Limited,Unknown,1,2022-07-12,2022-07-12,CCI approves acquisition by Shrem InvIT of equity in ten road infrastructure projects from Dilip Buildcon Limited (DBL) and its associates,https://pib.gov.in/PressReleasePage.aspx?PRID=1840871
Disabilities & Amazon Seller Private Limited,Unknown,1,2022-09-28,2022-09-28,Tripartite Memorandum of Understanding (MoU) was signed amongst Department of Empowerment of Persons with Disabilities & Amazon Seller Private Limited on today,https://pib.gov.in/PressReleasePage.aspx?PRID=1863064
Diversification of Coal India Ltd,Unknown,1,2021-12-20,2021-12-20,Diversification of Coal India Ltd into Other Sectors,https://pib.gov.in/PressReleasePage.aspx?PRID=1783490
Draft Syllabus of Limited,Unknown,1,2018-03-21,2018-03-21,Insolvency and Bankruptcy Board of India invites comments on the Draft Syllabus of Limited Insolvency Examination.,https://pib.gov.in/PressReleasePage.aspx?PRID=1525645
Dredging Corporation of India Limited,Unknown,1,2018-08-28,2018-08-28,Dredging Corporation of India Limited Announces 20% Dividend for 2017-18,https://pib.gov.in/PressReleasePage.aspx?PRID=1544130
ECGC Limited,Unknown,1,2020-09-16,2020-09-16,ECGC Limited,https://pib.gov.in/PressReleasePage.aspx?PRID=1655063
ER NER Transmission Limited,Unknown,1,2022-10-12,2022-10-12,REC’s subsidiary RECPDCL hands over SPV‘ER NER Transmission Limited’ to Power Grid,https://pib.gov.in/PressReleasePage.aspx?PRID=1867174
Eastern Coalfield Ltd,Unknown,1,2021-08-26,2021-08-26,"Eastern Coalfield Ltd, Ministry of Coal",https://pib.gov.in/PressReleasePage.aspx?PRID=1749306
Eco Recycling Limited,Unknown,1,2023-09-06,2023-09-06,"“TDB-DST supports M/s Eco Recycling Limited's Innovative ""Recycling on Wheels Smart ER"" to address India's E-waste Challenge”",https://pib.gov.in/PressReleasePage.aspx?PRID=1955127
Ecom Express Limited,Unknown,1,2025-06-17,2025-06-17,CCI approves acquisition of at least 99.44% of the equity and preference shareholding (on a fully diluted basis) of Ecom Express Limited by Delhivery Limited,https://pib.gov.in/PressReleasePage.aspx?PRID=2137018
Edelweiss Asset Management Limited and Edelweiss Trusteeship Company Limited,Unknown,1,2025-10-21,2025-10-21,"CCI approves acquisition of certain shareholding of Edelweiss Asset Management Limited and Edelweiss Trusteeship Company Limited by Setu AIF Trust, Konark Trust and MMPL Trust",https://pib.gov.in/PressReleasePage.aspx?PRID=2181330
Education Pvt Ltd,Unknown,1,2026-07-07,2026-07-07,CCI approves acquisition of certain shareholding in Sorting Hat Technologies and its merger with and into upGrad Education Pvt Ltd,https://pib.gov.in/PressReleasePage.aspx?PRID=2282147
Egee Pallet Pvt. Ltd,Unknown,1,2025-07-25,2025-07-25,“TDB-DST signs agreement with M/s Egee Pallet Pvt. Ltd. for Waste-to-Packaging Innovation”,https://pib.gov.in/PressReleasePage.aspx?PRID=2148330
Electromotion E-Vidyut Vehicles Pvt. Ltd,Unknown,1,2025-01-10,2025-01-10,"“Technology Development Board-Department of Science and Technology (TDB-DST) supports Electromotion E-Vidyut Vehicles Pvt. Ltd., Raipur, Chhattisgarh in Pioneering Electric Retrofitment Solutions for Autorickshaws”",https://pib.gov.in/PressReleasePage.aspx?PRID=2091836
Electrosteel Castings Limited,Unknown,1,2020-12-01,2020-12-01,CCI approves the proposed amalgamation of Srikalahasthi Pipes Limited (SPL) with and into Electrosteel Castings Limited (ECL),https://pib.gov.in/PressReleasePage.aspx?PRID=1677326
Elmentoz Research Private Limited,Unknown,1,2026-02-13,2026-02-13,“TDB-DST Signs Agreement with M/s. Elmentoz Research Private Limited for Commercialisation of Indigenous AMP-Enriched Smart Protein for Animal Nutrition”,https://pib.gov.in/PressReleasePage.aspx?PRID=2227417
Emami Cement Limited,Unknown,1,2020-05-21,2020-05-21,CCI approves acquisition of Emami Cement Limited by Nuvoco Vistas Corporation Limited,https://pib.gov.in/PressReleasePage.aspx?PRID=1625859
Emerald Sage Investment Limited,Unknown,1,2020-04-13,2020-04-13,CCI approves proposed acquisition of 9.93% stake by Emerald Sage Investment Limited in Apollo Tyres Limited,https://pib.gov.in/PressReleasePage.aspx?PRID=1614103
Employee State Insurance Corporation,Unknown,1,2020-11-03,2020-11-03,Observance of Vigilance Awareness Week in Employee State Insurance Corporation (ESIC),https://pib.gov.in/PressReleasePage.aspx?PRID=1669791
Employees State Insurance Corporation,Unknown,1,2017-04-02,2017-04-02,President of India Inaugurates the 44 Kms Deoghar - Basukinath Solar Street Light Project and Lays the Foundation Stone of STPI Centre; Employees State Insurance Corporation Hospital and Driver's Training Centres at Deog...,https://pib.gov.in/PressReleasePage.aspx?PRID=1486456
Employees' State Insurance Corporation,Unknown,1,2024-12-24,2024-12-24,Employees' State Insurance Corporation (ESIC) Upgrades IT Systems in Pursuit of Improving its Service Delivery Mechanism,https://pib.gov.in/PressReleasePage.aspx?PRID=2087517
Endeavour Trade and Investment Limited,Unknown,1,2022-08-13,2022-08-13,"CCI approves acquisition of the stake in Holderind Investments Limited, Ambuja Cements Limited and ACC Limited by Endeavour Trade and Investment Limited",https://pib.gov.in/PressReleasePage.aspx?PRID=1851603
Engineers India Limited,Unknown,1,2023-08-24,2023-08-24,Ministry of Heavy Industries appoints Engineers India Limited as Independent Engineer for PLI -ACC Scheme,https://pib.gov.in/PressReleasePage.aspx?PRID=1951783
Epic Concesiones Private Limited,Unknown,1,2023-03-15,2023-03-15,"CCI approves acquisition of 100% of equity share capital of L&T Infrastructure Development Projects Limited and Kudgi Transmission Limited, by Epic Concesiones Private Limited and Infrastructure Yield Plus II, respective...",https://pib.gov.in/PressReleasePage.aspx?PRID=1907050
Esaote S.p.A and Esaote Asia Pacific Diagnostic Pvt. Ltd,Unknown,1,2018-09-27,2018-09-27,Competition Commission of India (CCI) imposes penalty upon Esaote S.p.A and Esaote Asia Pacific Diagnostic Pvt. Ltd. for abusing dominant position,https://pib.gov.in/PressReleasePage.aspx?PRID=1547669
Escorts Limited,Unknown,1,2020-07-10,2020-07-10,CCI approves the acquisition (i) in Escorts Limited (Escorts) by Kubota Corporation (Kubota) and (ii) in Kubota Agricultural Machinery India Private Limited (KAI) by Escorts,https://pib.gov.in/PressReleasePage.aspx?PRID=1637821
Exide Life Insurance Company Limited,Unknown,1,2021-11-02,2021-11-02,CCI approves acquisition by HDFC Life Insurance Company of 100% shareholding in Exide Life Insurance Company Limited,https://pib.gov.in/PressReleasePage.aspx?PRID=1768919
Exports Limited,Unknown,1,2023-10-22,2023-10-22,"Union Home Minister and Minister of Cooperation, Shri Amit Shah will address the ‘National Symposium on Cooperative Exports’ organised by the National Cooperative for Exports Limited (NCEL) on Monday, October 23 in New D...",https://pib.gov.in/PressReleasePage.aspx?PRID=1969890
FCI Aravali Gypsum & Mines India Limited,Unknown,1,2021-12-23,2021-12-23,"Eighteenth Dividend by FCI Aravali Gypsum & Mines India Limited, a Miniratna-II Company",https://pib.gov.in/PressReleasePage.aspx?PRID=1784581
Fast Retailing Co. Ltd,Unknown,1,2022-05-23,2022-05-23,"Prime Minister’s meeting with Mr. Tadashi Yanai, Chairman, President & CEO, Fast Retailing Co. Ltd.",https://pib.gov.in/PressReleasePage.aspx?PRID=1827558
FedEx India and TNT India Private Limited,Unknown,1,2021-11-23,2021-11-23,CCI approves acquisition of minority stake in Delhivery byFedEx India and acquisition of certain operating assets of FedEx India and TNT India Private Limited by Delhivery,https://pib.gov.in/PressReleasePage.aspx?PRID=1774326
Federal Bank Limited,Unknown,1,2025-12-23,2025-12-23,CCI has approved acquisition of certain warrants of Federal Bank Limited by Asia II Topco XIII Pte. Ltd.,https://pib.gov.in/PressReleasePage.aspx?PRID=2207901
Fertilizer Corporation of India Ltd,Unknown,1,2021-07-27,2021-07-27,Government of India has decided to revive Talcher unit of Fertilizer Corporation of India Ltd,https://pib.gov.in/PressReleasePage.aspx?PRID=1739465
Fincare Small Finance Bank Limited,Unknown,1,2024-01-24,2024-01-24,CCI approves merger of Fincare Small Finance Bank Limited (Fincare) and AU Small Finance Bank Limited (AU),https://pib.gov.in/PressReleasePage.aspx?PRID=1999121
Fines VLCC Limited,Unknown,1,2025-08-23,2025-08-23,Central Consumer Protection Authority (CCPA) Fines VLCC Limited ₹3 Lakh for Misleading Fat-Loss Ads on CoolSculpting,https://pib.gov.in/PressReleasePage.aspx?PRID=2160053
First Solar Project of NTPC Renewable Energy Limited,Unknown,1,2024-02-23,2024-02-23,First Solar Project of NTPC Renewable Energy Limited begins operations,https://pib.gov.in/PressReleasePage.aspx?PRID=2008450
Flipkart Internet Private Limited,Unknown,1,2022-04-26,2022-04-26,"The Department of Empowerment of Persons with Disabilities (DEPwD), Sector Skill Council for Persons with Disabilities (SCPwD) and Flipkart Internet Private Limited sign a tripartite MoU to provide skill training and emp...",https://pib.gov.in/PressReleasePage.aspx?PRID=1820244
Flipkart Investments Private Limited,Unknown,1,2021-01-21,2021-01-21,CCI approves acquisition of a minority stake in Aditya Birla Fashion and Retail Limited (ABFRL) by Flipkart Investments Private Limited (FIPL),https://pib.gov.in/PressReleasePage.aspx?PRID=1690701
Flipkart Private Limited,Unknown,1,2024-11-26,2024-11-26,CCI approves transaction involving subscription of shares of Flipkart Private Limited by Shoreline International Holdings LLC,https://pib.gov.in/PressReleasePage.aspx?PRID=2077666
Foodtechnics Pvt. Ltd,Unknown,1,2026-08-01,2026-08-01,"TDB-DST Supports M/s Foodtechnics Pvt. Ltd., Bengaluru, for Commercialization of Indigenous Compact Automatic Roti Making Machine",https://pib.gov.in/PressReleasePage.aspx?PRID=2292262
Forbes Enviro Solutions Limited,Unknown,1,2021-12-21,2021-12-21,CCI approves acquisition of controlling stake in Forbes Enviro Solutions Limited by Lunolux Limited,https://pib.gov.in/PressReleasePage.aspx?PRID=1783743
Fortis Healthcare Limited,Unknown,1,2024-10-29,2024-10-29,CCI approves the acquisition of additional share capital of Agilus Diagnostics Limited (Agilus) by Fortis Healthcare Limited (FHL),https://pib.gov.in/PressReleasePage.aspx?PRID=2069429
Fortis Healthcare Ltd,Unknown,1,2018-03-23,2018-03-23,Ministry has ordered investigation into the affairs of Fortis Healthcare Ltd and has assigned the same to SFIO,https://pib.gov.in/PressReleasePage.aspx?PRID=1526225
Fosroc Top One Limited,Unknown,1,2024-11-26,2024-11-26,"CCI approves the acquisition of Fosroc Top One Limited, Fosroc Top Two Limited, and Fosroc Supply FZE by Starcin Holding France SAS (Starcin)",https://pib.gov.in/PressReleasePage.aspx?PRID=2077665
Fosroc Top Two Limited,Unknown,1,2024-11-26,2024-11-26,"CCI approves the acquisition of Fosroc Top One Limited, Fosroc Top Two Limited, and Fosroc Supply FZE by Starcin Holding France SAS (Starcin)",https://pib.gov.in/PressReleasePage.aspx?PRID=2077665
Foundation Day of Dedicated Freight Corridor Corporation,Unknown,1,2020-01-19,2020-01-19,14th Foundation Day of Dedicated Freight Corridor Corporation of India (DFCCIL) celebrated,https://pib.gov.in/PressReleasePage.aspx?PRID=1599788
Foundation Day of Delhi Metro Rail Corporation,Unknown,1,2025-05-03,2025-05-03,Union Minister Shri Manohar Lal and Chief Minister Ms Rekha Gupta attends 31st Foundation Day of Delhi Metro Rail Corporation (DMRC) today in New Delhi,https://pib.gov.in/PressReleasePage.aspx?PRID=2126593
Foundation Day of National Research Development Corporation,Unknown,1,2025-01-03,2025-01-03,The Design Clinic Facility unveiled at the 71st Foundation Day of National Research Development Corporation (NRDC),https://pib.gov.in/PressReleasePage.aspx?PRID=2089757
Foundation Stone of Bharat Coal Gasification & Chemicals Limited,Unknown,1,2026-06-20,2026-06-20,"President of India Smt. Droupadi Murmu and Prime Minister Shri Narendra Modi lays Foundation Stone of Bharat Coal Gasification & Chemicals Limited (BCGCL) Coal-to-Ammonium Nitrate Project at Lakhanpur, Odisha",https://pib.gov.in/PressReleasePage.aspx?PRID=2275757
Foundation Stone of Talabira Thermal Power Project of NLC India Limited,Unknown,1,2024-02-02,2024-02-02,"Prime Minister to lay Foundation Stone of Talabira Thermal Power Project of NLC India Limited, under Ministry of Coal",https://pib.gov.in/PressReleasePage.aspx?PRID=2001886
Fourth Partner Energy Private Limited,Unknown,1,2024-12-31,2024-12-31,"CCI approves the acquisition of certain shareholding of Fourth Partner Energy Private Limited (Target) by International Finance Corporation (IFC), Asian Development Bank (ADB) and DEG - Deutsche Investitions - und Entwic...",https://pib.gov.in/PressReleasePage.aspx?PRID=2089052
Fullerton India Credit Company Limited,Unknown,1,2021-09-23,2021-09-23,"CCI approves acquisition of shares in Fullerton India Credit Company Limited by Sumitomo Mitsui Financial Group, Inc.",https://pib.gov.in/PressReleasePage.aspx?PRID=1757361
Functioning of Hindustan Aeronautics Limited,Unknown,1,2019-06-24,2019-06-24,Functioning of Hindustan Aeronautics Limited,https://pib.gov.in/PressReleasePage.aspx?PRID=1575386
Future Generali India Insurance Company Limited,Unknown,1,2022-03-16,2022-03-16,CCI approves acquisition of equity stake in Future Generali India Insurance Company Limited by Generali Participations Netherlands N.V,https://pib.gov.in/PressReleasePage.aspx?PRID=1806393
Future Generali India Life Insurance Company Limited,Unknown,1,2022-01-24,2022-01-24,CCI approves acquisition of shares of Future Generali India Life Insurance Company Limited by Generali Participations Netherlands N.V,https://pib.gov.in/PressReleasePage.aspx?PRID=1792074
GHCL Textiles Limited,Unknown,1,2020-09-29,2020-09-29,CCI approves demerger of the Textiles Business of GHCL Ltd. (“GHCL”)into its wholly owned subsidiary GHCL Textiles Limited (“GHCL Textiles”),https://pib.gov.in/PressReleasePage.aspx?PRID=1660138
GIP EM Star Ltd,Unknown,1,2026-03-25,2026-03-25,CCI approves subscription of certain equity share capital of Aditya Birla Renewables (ABReN/Target) by GIP EM Star Ltd.,https://pib.gov.in/PressReleasePage.aspx?PRID=2245397
GMR Airports Limited,Unknown,1,2019-10-01,2019-10-01,"CCI approves the acquisition of shareholding in GMR Airports Limited (“GAL”) by TRIL Urban Transport Private Limited (“TUTPL”), Valkyrie Investment Pte. Ltd. (“Valkyrie”) and Solis Capital (Singapore) Pte. Limited (“Soli...",https://pib.gov.in/PressReleasePage.aspx?PRID=1586875
GMR Infra Enterprises Private Limited,Unknown,1,2024-12-03,2024-12-03,CCI approves subscription to optionally convertible debentures of GMR Infra Enterprises Private Limited by Platinum Stone A 2014 Trust (acting through its trustee Platinum Rock B 2014 RSC Limited).,https://pib.gov.in/PressReleasePage.aspx?PRID=2080292
GMR Kamalanga Energy Limited,Unknown,1,2020-04-07,2020-04-07,CCI approves acquisition of GMR Kamalanga Energy Limited by JSW Energy Limited,https://pib.gov.in/PressReleasePage.aspx?PRID=1612023
GNFC Ltd,Unknown,1,2018-06-29,2018-06-29,NITI Aayog partners with GNFC Ltd to implement Fertilizer Subsidy Disbursement through Blockchain Technology,https://pib.gov.in/PressReleasePage.aspx?PRID=1537221
GPL Finance and Investments Limited,Unknown,1,2021-05-18,2021-05-18,CCI approves the acquisition of YES Asset Management (India) Limited and YES Trustee Limited by GPL Finance and Investments Limited,https://pib.gov.in/PressReleasePage.aspx?PRID=1719649
GRIDCO Limited,Unknown,1,2023-09-29,2023-09-29,NLC India Limited Signs Power Purchase Agreement with GRIDCO Limited for 800MW,https://pib.gov.in/PressReleasePage.aspx?PRID=1961938
GRSE Ltd,Unknown,1,2022-07-15,2022-07-15,"Raksha Mantri launches Y- 3023 Dunagiri, Project 17A frigate at GRSE Ltd, Kolkata",https://pib.gov.in/PressReleasePage.aspx?PRID=1841774
GVFL Limited,Unknown,1,2022-04-07,2022-04-07,IFSCA inks MoU with GVFL Limited for strengthening the FinTech ecosystem in GIFT IFSC,https://pib.gov.in/PressReleasePage.aspx?PRID=1814594
GVK Energy Ltd,Unknown,1,2026-05-12,2026-05-12,CCI approves acquisition of 100% share capital of GVK Energy Ltd (Target) by Adani Power Ltd (Acquirer),https://pib.gov.in/PressReleasePage.aspx?PRID=2260402
Garagepreneurs Internet Private Limited,Unknown,1,2024-03-12,2024-03-12,"CCI approves merger of a financial technology company, Garagepreneurs Internet Private Limited with the North East Small Finance Bank",https://pib.gov.in/PressReleasePage.aspx?PRID=2013931
Gas Well of Oil India Limited,Unknown,1,2020-06-10,2020-06-10,"Statement about the Blowout in Gas Well of Oil India Limited at Baghjan, Tinsukia District, Assam",https://pib.gov.in/PressReleasePage.aspx?PRID=1630694
Gateway Velocity Holding Corp,Unknown,1,2023-02-22,2023-02-22,CCI approves acquisition of 100% of issued and outstanding share capital and sole control of VGP Holdings LLC by Gateway Velocity Holding Corp.,https://pib.gov.in/PressReleasePage.aspx?PRID=1901506
General Atlantic Singapore ACK Pte. Ltd,Unknown,1,2026-08-19,2026-08-19,CCI approves acquisition of additional shareholding of Acko Technology & Services Pvt Ltd. by General Atlantic Singapore ACK Pte. Ltd,https://pib.gov.in/PressReleasePage.aspx?PRID=2300956
Gentari Renewables India Pte. Ltd,Unknown,1,2025-01-07,2025-01-07,"CCI approves the proposed acquisition of 21 SPVs, owning renewable power generation plants, and the holding companies of certain SPVs by Gentari Renewables India Pte. Ltd.",https://pib.gov.in/PressReleasePage.aspx?PRID=2090959
Girnar Insurance Brokers Private Limited,Unknown,1,2025-11-07,2025-11-07,CCI approves the Proposed Merger of Girnar Finserv Private Limited; Girnar Insurance Brokers Private Limited; D2C Consulting Services Private Limited; RB Info Services Private Limited into Artivatic Data Labs Private Lim...,https://pib.gov.in/PressReleasePage.aspx?PRID=2187558
GlaxoSmithKline Asia Private Limited,Unknown,1,2022-01-24,2022-01-24,CCI approves acquisition by GlaxoSmithKline Consumer Healthcare Overseas Limited and GlaxoSmithKline Consumer Healthcare UK Trading Limited of shareholding in GlaxoSmithKline Asia Private Limited,https://pib.gov.in/PressReleasePage.aspx?PRID=1792075
GlaxoSmithKline Consumer Healthcare Holdings Limited,Unknown,1,2022-06-14,2022-06-14,CCI approves acquisition of Corporate restructuring of GlaxoSmithKline Consumer Healthcare Holdings Limited,https://pib.gov.in/PressReleasePage.aspx?PRID=1833958
GlaxoSmithKline Consumer Healthcare Overseas Limited and GlaxoSmithKline Consumer Healthcare UK Trading Limited,Unknown,1,2022-01-24,2022-01-24,CCI approves acquisition by GlaxoSmithKline Consumer Healthcare Overseas Limited and GlaxoSmithKline Consumer Healthcare UK Trading Limited of shareholding in GlaxoSmithKline Asia Private Limited,https://pib.gov.in/PressReleasePage.aspx?PRID=1792075
Glenmark Life Sciences Limited,Unknown,1,2023-12-19,2023-12-19,CCI approves acquisition of majority shareholding of Glenmark Life Sciences Limited by Nirma Limited,https://pib.gov.in/PressReleasePage.aspx?PRID=1988450
Global Content Alpha Partners Holdco Pte. Ltd,Unknown,1,2021-10-18,2021-10-18,CCI approves acquisition of Global Content Alpha Partners Holdco Pte. Ltd. by Starnmeer B.V.,https://pib.gov.in/PressReleasePage.aspx?PRID=1764750
Global Head of IBM Corporation,Unknown,1,2025-03-25,2025-03-25,"Global Head of IBM Corporation, an American multinational Technology Company headquartered in New York with presence in over 175 countries, Shri. Arvind Krishna called on Union Minister Dr. Jitendra Singh to explore pote...",https://pib.gov.in/PressReleasePage.aspx?PRID=2114941
Go Digit General Insurance Ltd,Unknown,1,2026-07-29,2026-07-29,"CCI approves amalgamation of Go Digit Infoworks Services, holding company of Go Digit General Insurance Ltd, with Go Digit General Insurance Ltd, such that Go Digit General Insurance Ltd will be the surviving entity",https://pib.gov.in/PressReleasePage.aspx?PRID=2290715
Golden Jubilee of NHPC Limited,Unknown,1,2025-11-06,2025-11-06,"Shri Manohar Lal, Hon’ble Union Minister of Power, Housing and Urban Affairs releases Commemorative Coin to celebrate Golden Jubilee of NHPC Limited",https://pib.gov.in/PressReleasePage.aspx?PRID=2187122
Goldi Solar Private Limited,Unknown,1,2025-06-10,2025-06-10,CCI approves acquisition of certain issued and paid-up equity share capital of Goldi Solar Private Limited by Havells India Limited and acquisition of 100% partnership interest of Vama Inverters LLP and Goldi Energy LLP ...,https://pib.gov.in/PressReleasePage.aspx?PRID=2135481
Google International LLC and Bharti Airtel Limited,Unknown,1,2022-06-30,2022-06-30,CCI approves proposed combination involving Google International LLC and Bharti Airtel Limited,https://pib.gov.in/PressReleasePage.aspx?PRID=1838273
Governance Services India Limited,Unknown,1,2021-09-20,2021-09-20,Centre signs model MoU with CSC e-Governance Services India Limited,https://pib.gov.in/PressReleasePage.aspx?PRID=1756451
Governance Services India Limited and Indian Farmers Fertiliser Cooperative Limited,Unknown,1,2024-12-12,2024-12-12,CSC e-Governance Services India Limited and Indian Farmers Fertiliser Cooperative Limited (IFFCO) collaborate to empower Farmer Producer Organizations with agricultural inputs,https://pib.gov.in/PressReleasePage.aspx?PRID=2083820
Governance Services India Ltd,Unknown,1,2024-05-29,2024-05-29,"MEA, MeitY and CSC e-Governance Services India Ltd sign MoU to provide eMigrate services through Common Services Centres",https://pib.gov.in/PressReleasePage.aspx?PRID=2022065
Government of Goa and Power Finance Corporation,Unknown,1,2024-02-20,2024-02-20,Government of Goa and Power Finance Corporation come together to pioneer subnational Blended Finance Facility for Climate Action,https://pib.gov.in/PressReleasePage.aspx?PRID=2007483
Government of India and Municipal Corporation,Unknown,1,2021-02-26,2021-02-26,Office of the Principal Scientific Adviser to Government of India and Municipal Corporation of Faridabad Launch Project to Clean Urban Drainsof Faridabad,https://pib.gov.in/PressReleasePage.aspx?PRID=1701218
Government of India and National Film Development Corporation,Unknown,1,2026-02-25,2026-02-25,Government of India and National Film Development Corporation Celebrate Global Recognition for Indian Cinema,https://pib.gov.in/PressReleasePage.aspx?PRID=2232861
Grasim Industries Limited,Unknown,1,2017-10-05,2017-10-05,"CCI issues order against Grasim Industries Limited, Aditya Birla Chemicals (India) Ltd. and Gujarat Alkalies and Chemicals Ltd. for bid rigging Delhi Jal Board tenders for supply of Poly Aluminium Chloride;Imposes penalt...",https://pib.gov.in/PressReleasePage.aspx?PRID=1504984
Greenforest New Energies Bidco Limited,Unknown,1,2022-07-26,2022-07-26,CCI approves acquisition of stake in Tata Power Renewable Energy Limited by Greenforest New Energies Bidco Limited,https://pib.gov.in/PressReleasePage.aspx?PRID=1845019
Greenjoules Private Limited,Unknown,1,2026-06-05,2026-06-05,"TDB-DST supports M/s Greenjoules Private Limited, Pune for Commercialization of Indigenous Second-Generation Diesel Equivalent Biofuel Technology",https://pib.gov.in/PressReleasePage.aspx?PRID=2269370
Greenko Energies Private Limited,Unknown,1,2024-05-07,2024-05-07,CCI approves acquisition of additional shares in Sikkim Urja Limited (formerly Teesta Urja Limited) by Greenko Energies Private Limited,https://pib.gov.in/PressReleasePage.aspx?PRID=2019893
Greenko Energy Holdings of ORIX Corporation,Unknown,1,2025-03-11,2025-03-11,Competition Commission of India (CCI) approves the acquisition of certain shareholding in Greenko Energy Holdings of ORIX Corporation by AMG Green Power B.V. and subscription of certain convertible notes of AM Green (Lux...,https://pib.gov.in/PressReleasePage.aspx?PRID=2110447
Greenko ZeroC Pvt Ltd,Unknown,1,2023-03-29,2023-03-29,NTPC Renewable Energy Limited signs Term Sheet with Greenko ZeroC Pvt Ltd to supply Round the Clock RE Power of 1300 MW Capacity for its Green Ammonia Plant,https://pib.gov.in/PressReleasePage.aspx?PRID=1911765
Grid Controller of India Limited,Unknown,1,2022-11-14,2022-11-14,Power System Operation Corporation Limited is now Grid Controller of India Limited,https://pib.gov.in/PressReleasePage.aspx?PRID=1875864
Grid Corporation of Odisha Limited,Unknown,1,2021-03-19,2021-03-19,CCI approves acquisition of 51% of the equity share capital of NESCO Utility by Tata Power Company Limited from Grid Corporation of Odisha Limited,https://pib.gov.in/PressReleasePage.aspx?PRID=1706125
Gujarat Gas Limited,Unknown,1,2022-04-05,2022-04-05,NTPC inks pact with Gujarat Gas Limited (GGL) to blend Green Hydrogen in Piped Natural Gas,https://pib.gov.in/PressReleasePage.aspx?PRID=1813830
Gujarat State Co-operative Agriculture and Rural Development Bank Ltd,Unknown,1,2022-06-28,2022-06-28,"Union Home and Cooperation Minister, Shri Amit Shah, addressed the 70th AGM of the Gujarat State Co-operative Agriculture and Rural Development Bank Ltd. held in Ahmedabad, through video conferencing from New Delhi today",https://pib.gov.in/PressReleasePage.aspx?PRID=1837640
Gujarat State Fertilizer Corporation,Unknown,1,2017-11-11,2017-11-11,Clarification regarding Resumption of Fertilizer Subsidy to Gujarat State Fertilizer Corporation (GSFC),https://pib.gov.in/PressReleasePage.aspx?PRID=1509082
Gyansagar Buildtech Limited,Unknown,1,2023-12-19,2023-12-19,"CCI approves scheme of arrangement involving Dhani Services Limited, Indiabulls Enterprises Limited, Savren Medicare Limited, Auxesia Soft Solutions Limited, Gyansagar Buildtech Limited, Pushpanjli Finsolutions Limited, ...",https://pib.gov.in/PressReleasePage.aspx?PRID=1988452
HCC Ltd,Unknown,1,2021-08-06,2021-08-06,"Dispute Resolution between All India HCC Workers Union & the management of M/s HCC Ltd, by the Ministry of Labour & Employment",https://pib.gov.in/PressReleasePage.aspx?PRID=1743308
HCL Corp,Unknown,1,2024-04-02,2024-04-02,"CCI approves subscription of compulsorily convertible preference shares of Pritam International Private Limited by India Advantage Fund S5 I, HCL Corp, Mirabilis Investment Trust, Mr. Aashil Apurva Shah and Mr. Ansh Ashi...",https://pib.gov.in/PressReleasePage.aspx?PRID=2016985
HDFC Bank Limited,Unknown,1,2021-10-25,2021-10-25,CCI approves acquisition by HDFC Bank Limited of shareholding in HDFC ERGO General Insurance Company Limited,https://pib.gov.in/PressReleasePage.aspx?PRID=1766359
HDFC Capital Advisors Limited,Unknown,1,2025-07-31,2025-07-31,DPIIT signs MoU with HDFC Capital Advisors Limited to boost innovation in affordable housing and PropTech sectors,https://pib.gov.in/PressReleasePage.aspx?PRID=2150788
HDFC Credila Financial Services Limited,Unknown,1,2023-08-08,2023-08-08,"CCI approves proposed combination involving acquisition of 90% of shareholding and voting rights of HDFC Credila Financial Services Limited by Kopvoorn B.V., Moss Investments Limited, Infinity Partners and Defati Investm...",https://pib.gov.in/PressReleasePage.aspx?PRID=1946853
HDFC Life Insurance Company Limited,Unknown,1,2023-06-20,2023-06-20,CCI approves acquisition of additional shareholding of HDFC Life Insurance Company Limited by Housing Development Finance Corporation Limited,https://pib.gov.in/PressReleasePage.aspx?PRID=1933711
HIL India Ltd,Unknown,1,2020-06-15,2020-06-15,HIL India Ltd. supplies 25 MT Malathion 95% ULV Insecticides to Iran for Locust Control Programme,https://pib.gov.in/PressReleasePage.aspx?PRID=1631683
HLL Lifecare Limited,Unknown,1,2019-12-13,2019-12-13,HLL Lifecare Limited,https://pib.gov.in/PressReleasePage.aspx?PRID=1596305
HPCL Mittal Energy Ltd,Unknown,1,2023-05-19,2023-05-19,NTPC Green Energy Ltd. (NGEL) and HPCL Mittal Energy Ltd. (HMEL) sign MoU; HMEL to source 250 MW Renewable Energy from NGEL,https://pib.gov.in/PressReleasePage.aspx?PRID=1925594
Haldiram Snacks Food Pvt Ltd,Unknown,1,2026-02-03,2026-02-03,CCI approves proposed acquisition of certain shareholding (on a fully diluted basis) of Haldiram Snacks Food Pvt Ltd by L. Catterton India Fund,https://pib.gov.in/PressReleasePage.aspx?PRID=2222757
Haryana Knowledge Corporation Limited,Unknown,1,2026-04-10,2026-04-10,"NCVET & Haryana Knowledge Corporation Limited, signed agreement for NCVET Recognition as Awarding Body (AB - Dual ) to Haryana Knowledge Corporation Limited",https://pib.gov.in/PressReleasePage.aspx?PRID=2250934
Havells India Limited,Unknown,1,2025-06-10,2025-06-10,CCI approves acquisition of certain issued and paid-up equity share capital of Goldi Solar Private Limited by Havells India Limited and acquisition of 100% partnership interest of Vama Inverters LLP and Goldi Energy LLP ...,https://pib.gov.in/PressReleasePage.aspx?PRID=2135481
Heavy Water Board and Greenstar Fertilizers Limited,Unknown,1,2018-09-17,2018-09-17,"Agreement signed between Heavy Water Board and Greenstar Fertilizers Limited for routing of phosphoric acid through Solvent Extraction Plant, Tuticorin and supply of utilities and chemicals.",https://pib.gov.in/PressReleasePage.aspx?PRID=1546446
Heineken International B.V. of United Breweries Limited,Unknown,1,2021-06-22,2021-06-22,CCI approves acquisition of additional equity shareholding by Heineken International B.V. of United Breweries Limited,https://pib.gov.in/PressReleasePage.aspx?PRID=1729307
Hero Future Energies Global Ltd,Unknown,1,2019-10-30,2019-10-30,"CCI receives combination notice under green channel scheme, relating to acquisition of equity stake in Hero Future Energies Global Ltd and non-voting compulsorily convertible preference shareholding in Hero Future Energi...",https://pib.gov.in/PressReleasePage.aspx?PRID=1589583
Hero MotoCorp Limited,Unknown,1,2025-03-10,2025-03-10,Report of investigation into Affairs of M/s. Salt Experiences and Management Private Limited (SEMPL) and M/s. Hero MotoCorp Limited under examination,https://pib.gov.in/PressReleasePage.aspx?PRID=2110018
Hester Biosciences Limited,Unknown,1,2020-09-23,2020-09-23,Technology License Agreement on “Brucella abortus S19Δ per vaccine” between ICAR- Indian Veterinary Research Institute (IVRI) and Hester Biosciences Limited,https://pib.gov.in/PressReleasePage.aspx?PRID=1658171
Highway Concessions One Private Limited,Unknown,1,2023-09-20,2023-09-20,CCI approves acquisition of additional unit holding in Highways Infrastructure Trust by 2452991 Ontario Limited and acquisition of equity stake in Highway Concessions One Private Limited by 2743298 Ontario Limited,https://pib.gov.in/PressReleasePage.aspx?PRID=1959121
Hinduja Global Solutions Limited,Unknown,1,2021-10-18,2021-10-18,"CCI approves Acquisition of worldwide healthcare BPO services of Hinduja Global Solutions Limited, by Betaine B.V.",https://pib.gov.in/PressReleasePage.aspx?PRID=1764749
Hindustan Aeronautics Limited,Unknown,1,2021-03-24,2021-03-24,Hindustan Aeronautics Limited (HAL),https://pib.gov.in/PressReleasePage.aspx?PRID=1707214
Hindustan Aeronautics Limited & BEML Limited,Unknown,1,2024-07-15,2024-07-15,Raksha Rajya Mantri visits Hindustan Aeronautics Limited & BEML Limited facilities in Bengaluru,https://pib.gov.in/PressReleasePage.aspx?PRID=2033420
Hindustan News Print Limited,Unknown,1,2020-02-11,2020-02-11,Hindustan News Print Limited,https://pib.gov.in/PressReleasePage.aspx?PRID=1602772
Hindustan Shipyard Limited,Unknown,1,2023-03-13,2023-03-13,"Aatmanirbhar Bharat: MoD inks over Rs 900 crore contract for Normal Refit of Sindhukirti Submarine at Hindustan Shipyard Limited, Visakhapatnam",https://pib.gov.in/PressReleasePage.aspx?PRID=1906425
Hindustan Shipyard Ltd,Unknown,1,2024-04-10,2024-04-10,Defence Secretary presides over first steel cutting of Fleet Support Ships for Indian Navy at Hindustan Shipyard Ltd in Visakhapatnam,https://pib.gov.in/PressReleasePage.aspx?PRID=2017619
Hindustan Steel Works Construction Ltd,Unknown,1,2017-12-22,2017-12-22,"Subsequent to restructuring of Hindustan Steel Works Construction Ltd, share holders agreement signed with NBCC",https://pib.gov.in/PressReleasePage.aspx?PRID=1513828
Hindustan Urvarak & Rasayan Limited,Unknown,1,2022-08-16,2022-08-16,"Dr. Mansukh Mandaviya, Minister of Chemicals and Fertilizers reviews progress of Hindustan Urvarak & Rasayan Limited (HURL)-Sindri and Barauni projects and progress of Talcher Fertilizers Ltd. (TFL), country’s first urea...",https://pib.gov.in/PressReleasePage.aspx?PRID=1852295
Hindustan Urvarak & Rasayan Ltd,Unknown,1,2024-03-01,2024-03-01,Prime Minister dedicates to the Nation the Hindustan Urvarak & Rasayan Ltd (HURL) Sindri Fertiliser Plant,https://pib.gov.in/PressReleasePage.aspx?PRID=2010566
Hitachi Astemo Ltd,Unknown,1,2023-10-10,2023-10-10,CCI approves acquisition of certain shareholding in Hitachi Astemo Ltd. by JICC-01 Limited Partnership and Honda Motor Co. Ltd. ; and acquisition of certain shareholding of Hitachi Astemo Electric Motor Systems by Hitach...,https://pib.gov.in/PressReleasePage.aspx?PRID=1966352
Holderind Investments Limited,Unknown,1,2022-08-13,2022-08-13,"CCI approves acquisition of the stake in Holderind Investments Limited, Ambuja Cements Limited and ACC Limited by Endeavour Trade and Investment Limited",https://pib.gov.in/PressReleasePage.aspx?PRID=1851603
Holdings Limited,Unknown,1,2023-11-29,2023-11-29,CCI approves proposed acquisition by Atlas 2022 Holdings Limited to increase its voting rights/shareholding in Vodafone from 14.6% to less than 25% in Vodafone Group Plc.,https://pib.gov.in/PressReleasePage.aspx?PRID=1980962
Home Credit India Finance Private Limited,Unknown,1,2024-09-24,2024-09-24,"CCI approves acquisition of shares of Home Credit India Finance Private Limited by TVS Holdings Ltd., STPL Trading and Services Private Limited and PI Opportunities Fund-II and acquisition of shares of STPL Trading and S...",https://pib.gov.in/PressReleasePage.aspx?PRID=2060280
Honda Motor Co. Ltd,Unknown,1,2026-06-23,2026-06-23,CCI approves acquisition of 21% voting interest in Astemo Ltd. by Honda Motor Co. Ltd,https://pib.gov.in/PressReleasePage.aspx?PRID=2277126
Housing Development Finance Corporation Limited,Unknown,1,2023-06-20,2023-06-20,CCI approves acquisition of additional shareholding of HDFC Life Insurance Company Limited by Housing Development Finance Corporation Limited,https://pib.gov.in/PressReleasePage.aspx?PRID=1933711
Housing and Urban Development Corporation,Unknown,1,2025-12-16,2025-12-16,Union Minister Shri Manohar Lal Chairs Consultative Committee Meeting on the Housing and Urban Development Corporation (HUDCO)-Financing Infrastructure for Viksit Bharat,https://pib.gov.in/PressReleasePage.aspx?PRID=2204715
How VCF-SC Enabled BP Sons Pvt. Ltd,Unknown,1,2026-08-04,2026-08-04,Creating a Premier Hospitality and Recreation Destination: How VCF-SC Enabled BP Sons Pvt. Ltd. to Expand Tourism and Employment,https://pib.gov.in/PressReleasePage.aspx?PRID=2293974
How VCF-SC Enabled Dartyens Power Pvt. Ltd,Unknown,1,2026-08-04,2026-08-04,Driving Clean Energy and Sustainable Entrepreneurship: How VCF-SC Enabled Dartyens Power Pvt. Ltd. to Establish a Successful Solar Power Project,https://pib.gov.in/PressReleasePage.aspx?PRID=2293972
How VCF-SC Enabled Harshamitra Oncology Pvt. Ltd,Unknown,1,2026-08-06,2026-08-06,Delivering Affordable Cancer Care to Rural Communities: How VCF-SC Enabled Harshamitra Oncology Pvt. Ltd. to Expand Quality Healthcare Services,https://pib.gov.in/PressReleasePage.aspx?PRID=2294823
How VCF-SC Enabled J'Yani Fabrics Pvt. Ltd,Unknown,1,2026-08-06,2026-08-06,Strengthening Textile Manufacturing Through Export Excellence: How VCF-SC Enabled J'Yani Fabrics Pvt. Ltd. to Expand Business and Generate Employment,https://pib.gov.in/PressReleasePage.aspx?PRID=2294827
How VCF-SC Enabled Khemanand Dudh and Krishi Producer Company Ltd,Unknown,1,2026-08-01,2026-08-01,Strengthening India's Onion Value Chain: How VCF-SC Enabled Khemanand Dudh and Krishi Producer Company Ltd. to Empower Thousands of Farmers,https://pib.gov.in/PressReleasePage.aspx?PRID=2292572
How VCF-SC Enabled Meenakshidevi Hi-Tech Agro Industry Pvt. Ltd,Unknown,1,2026-08-05,2026-08-05,Strengthening Rural Agriculture Through Modern Cold Storage: How VCF-SC Enabled Meenakshidevi Hi-Tech Agro Industry Pvt. Ltd. to Empower Farmers and Create Sustainable Livelihoods,https://pib.gov.in/PressReleasePage.aspx?PRID=2294513
How VCF-SC Enabled Palnadu Solar Power Pvt. Ltd,Unknown,1,2026-08-06,2026-08-06,Harnessing the Power of the Sun: How VCF-SC Enabled Palnadu Solar Power Pvt. Ltd. to Drive Clean Energy and Rural Development,https://pib.gov.in/PressReleasePage.aspx?PRID=2294822
Huwel Lifesciences Private Limited,Unknown,1,2023-03-29,2023-03-29,"“TDB-DST supports M/s Huwel Lifesciences Private Limited, Telangana for Validation and Commercialization of Rapid Real time PCR reagents for storage and transport at room temperature”.",https://pib.gov.in/PressReleasePage.aspx?PRID=1911914
Hyundai Motor India Limited,Unknown,1,2017-06-14,2017-06-14,"CCI issues order against Hyundai Motor India Limited (HMIL) for anti-competitive conduct, imposes penalty of Rs. 87 crore for the anti-competitive conduct.",https://pib.gov.in/PressReleasePage.aspx?PRID=1492829
IBBI Insolvency Practitioners LLP,Unknown,1,2018-01-29,2018-01-29,No Association with ‘IBBI Insolvency Practitioners LLP’,https://pib.gov.in/PressReleasePage.aspx?PRID=1518271
IBM Corporation,Unknown,1,2021-05-11,2021-05-11,Deemed approval given under Green Channel to Kyndryl Holdings LLC and Grand Ocean Managed Infrastructure Services Private Limited for internal restructuring of IBM Corporation,https://pib.gov.in/PressReleasePage.aspx?PRID=1717585
IBS Software Pte Limited,Unknown,1,2023-08-16,2023-08-16,CCI approves acquisition of certain stake of IBS Software Pte Limited by Pelipper HoldCo SARL,https://pib.gov.in/PressReleasePage.aspx?PRID=1949671
ICICI Prudential Asset Management Company Limited,Unknown,1,2025-11-25,2025-11-25,CCI approves the acquisition of certain businesses from ICICI Venture Funds Management Company Limited (Seller) by ICICI Prudential Asset Management Company Limited (Acquirer),https://pib.gov.in/PressReleasePage.aspx?PRID=2194256
ICICI Venture Funds Management Company Limited,Unknown,1,2025-11-25,2025-11-25,CCI approves the acquisition of certain businesses from ICICI Venture Funds Management Company Limited (Seller) by ICICI Prudential Asset Management Company Limited (Acquirer),https://pib.gov.in/PressReleasePage.aspx?PRID=2194256
IDBI Asset Management Limited,Unknown,1,2023-03-22,2023-03-22,CCI approves combination involving LIC Mutual Fund Asset Management Limited’s acquisition of management rights over schemes of IDBI MF from IDBI Asset Management Limited,https://pib.gov.in/PressReleasePage.aspx?PRID=1909633
IDBI Trusteeship Services Ltd,Unknown,1,2026-09-03,2026-09-03,"CCI directs Trustees’ Association of India, IDBI Trusteeship Services Ltd, Axis Trustee Services and SBI CAP Trustee Company to cease and desist from anti-competitive conduct",https://pib.gov.in/PressReleasePage.aspx?PRID=2306366
IDFC Asset Management Company Limited and IDFC AMC Trustee Company Limited,Unknown,1,2022-08-02,2022-08-02,"CCI approves acquisition of stake in IDFC Asset Management Company Limited and IDFC AMC Trustee Company Limited by Bandhan Financial Holdings Limited, ChrysCapital and GIC",https://pib.gov.in/PressReleasePage.aspx?PRID=1847454
IDFC First Bank Limited,Unknown,1,2025-06-03,2025-06-03,CCI approves the proposed acquisition of up to 9.99% of the paid up share capital of IDFC First Bank Limited by Currant Sea Investments B.V.,https://pib.gov.in/PressReleasePage.aspx?PRID=2133622
IDT Innovation Technologies Pvt. Ltd,Unknown,1,2026-05-27,2026-05-27,"“TDB-DST Supports M/s IDT Innovation Technologies Pvt. Ltd., Nagpur for Commercialization of Indigenous Industrial AIoT Solutions”",https://pib.gov.in/PressReleasePage.aspx?PRID=2265914
II. and Ontario Inc,Unknown,1,2024-02-06,2024-02-06,"CCI approves acquisition of 100% shareholding of Interise Investment Managers Limited by the CPIH, AIL – II. and Ontario Inc.",https://pib.gov.in/PressReleasePage.aspx?PRID=2003314
IIFL Wealth Management Limited,Unknown,1,2022-06-14,2022-06-14,CCI approves acquisition of up to 24.98% shareholding of IIFL Wealth Management Limited by BC Asia Investments X Limited,https://pib.gov.in/PressReleasePage.aspx?PRID=1833960
IL&FS Transportation Networks Limited,Unknown,1,2021-09-23,2021-09-23,NFRA issues Audit Quality Review (AQR) report of statutory audit of IL&FS Transportation Networks Limited (ITNL) for FY 2017-18,https://pib.gov.in/PressReleasePage.aspx?PRID=1757338
IMCD India Private Limited,Unknown,1,2024-01-09,2024-01-09,CCI approves acquisition of remaining 30% equity stake in Signet Excipients Private Limited by IMCD India Private Limited,https://pib.gov.in/PressReleasePage.aspx?PRID=1994633
IMPCL Ltd,Unknown,1,2022-11-10,2022-11-10,IMPCL Ltd registers an impressive threefold increase in its profits of Rs. 45.41 Crore for FY21-22,https://pib.gov.in/PressReleasePage.aspx?PRID=1874895
IPM Inc,Unknown,1,2025-09-16,2025-09-16,CCI approves the proposed acquisition of the entire shareholding of IPM Inc. and OC NL Invest Cooperatief U.A. (OC India Sellers) in Owens-Corning (India) Pvt. Ltd. (Target) by Triumph Composites Pvt. Ltd. and Quartz Fib...,https://pib.gov.in/PressReleasePage.aspx?PRID=2167329
IRB Hapur Moradabad Tollway Limited,Unknown,1,2025-09-23,2025-09-23,CCI approves the proposed combination involving (i)acquisition of IRB Hapur Moradabad Tollway Limited; Kaithal Tollway Limited; and Kishangarh Gulabpura Tollway Limited by IRB InvIT Fund; and (ii)acquisition of units of ...,https://pib.gov.in/PressReleasePage.aspx?PRID=2170265
IRB Infrastructure Developers Limited,Unknown,1,2021-12-21,2021-12-21,CCI approves acquisition up to 16.94% equity share capital of IRB Infrastructure Developers Limited by Bricklayers Investment Pte. Ltd.,https://pib.gov.in/PressReleasePage.aspx?PRID=1783745
IRB Infrastructure Trust and MMK Toll Road Private Limited,Unknown,1,2024-06-04,2024-06-04,CCI approves combination involving acquisition in IRB Infrastructure Trust and MMK Toll Road Private Limited by Cintra,https://pib.gov.in/PressReleasePage.aspx?PRID=2022779
IREDA Global Green Energy Finance IFSC Limited,Unknown,1,2024-05-09,2024-05-09,"IREDA incorporates ""IREDA Global Green Energy Finance IFSC Limited” in GIFT City, Gujarat",https://pib.gov.in/PressReleasePage.aspx?PRID=2020099
IREDA and Goa Shipyard Ltd,Unknown,1,2022-01-29,2022-01-29,IREDA and Goa Shipyard Ltd signs MoU for Rooftop Solar Power Projects,https://pib.gov.in/PressReleasePage.aspx?PRID=1793499
IREUK Titanium Limited,Unknown,1,2024-11-05,2024-11-05,"Indian Rare Earths Limited, (IREL) and Ust-Kamenogorsk Titanium and Magnesium Plant JSC, (UKTMP JSC) Kazakhstan Signed an Agreement to Establish Indo-Kazakh Joint Venture Company (JVC): IREUK Titanium Limited for product...",https://pib.gov.in/PressReleasePage.aspx?PRID=2070748
ISMT Limited,Unknown,1,2022-02-24,2022-02-24,Commission approves proposed combination involving acquisition of stake in ISMT Limited by Kirloskar Ferrous Industries Limited,https://pib.gov.in/PressReleasePage.aspx?PRID=1800829
ITC Limited,Unknown,1,2025-12-16,2025-12-16,CCI approves acquisition of paper and pulp manufacturing business of Aditya Birla Real Estate Limited by ITC Limited,https://pib.gov.in/PressReleasePage.aspx?PRID=2204818
ITD Cementation India Limited,Unknown,1,2025-01-28,2025-01-28,CCI approves the proposed acquisition of up to 72.64% shareholding in ITD Cementation India Limited by Renew Exim DMCC,https://pib.gov.in/PressReleasePage.aspx?PRID=2097096
Imola Acquisition Corporation,Unknown,1,2021-05-10,2021-05-10,CCI approves proposed acquisition of 100% shareholding and sole control of Ingram Micro Inc. by Imola Acquisition Corporation,https://pib.gov.in/PressReleasePage.aspx?PRID=1717352
Inaugurate First Mile Connectivity Projects of South Eastern Coalfields Limited,Unknown,1,2024-02-23,2024-02-23,Prime Minister Shri Narendra Modi to Inaugurate First Mile Connectivity Projects of South Eastern Coalfields Limited in Chhattisgarh Tomorrow,https://pib.gov.in/PressReleasePage.aspx?PRID=2008258
Inaugurate Several Projects of Mahanadi Coalfields Limited,Unknown,1,2024-02-02,2024-02-02,Prime Minister to Inaugurate Several Projects of Mahanadi Coalfields Limited under the Ministry of Coal,https://pib.gov.in/PressReleasePage.aspx?PRID=2001864
Inc. and Potash Corporation,Unknown,1,2017-03-29,2017-03-29,"Competition Commission of India (CCI) invites comments from public in respect of proposed combination between Agrium, Inc. and Potash Corporation of Saskatchewan, Inc.",https://pib.gov.in/PressReleasePage.aspx?PRID=1486036
Incorporation of Limited,Unknown,1,2018-10-01,2018-10-01,Another Milestone in the direction of “Ease of Doing Business”: Incorporation of Limited Liability Partnership (LLP) through a complete online system made a reality,https://pib.gov.in/PressReleasePage.aspx?PRID=1548160
Ind Swift Laboratories Limited and Essix Biosciences Limited,Unknown,1,2023-12-19,2023-12-19,CCI approves certain business undertakings of Ind Swift Laboratories Limited and Essix Biosciences Limited by Synthimed Labs Private Limited,https://pib.gov.in/PressReleasePage.aspx?PRID=1988449
India Chip Limited,Unknown,1,2026-02-21,2026-02-21,English rendering of PM’s address during groundbreaking ceremony of India Chip Limited via video conferencing,https://pib.gov.in/PressReleasePage.aspx?PRID=2231304
India Port Global Limited,Unknown,1,2024-05-13,2024-05-13,"Long-term Main Contract for development of Shahid Beheshti Port Terminal, Chabahar signed between India Port Global Limited (IPGL) and Ports and Maritime Organization (PMO) of Iran",https://pib.gov.in/PressReleasePage.aspx?PRID=2020454
India Potash Limited,Unknown,1,2020-05-15,2020-05-15,India Potash Limited to cut the price of Muriate of Potash from Rs 19000 per MT to Rs17500 per MT,https://pib.gov.in/PressReleasePage.aspx?PRID=1624086
India Pune Processing Center Private Limited,Unknown,1,2025-02-04,2025-02-04,CCI approves the proposed acquisition of certain shareholding in POSCO - India Pune Processing Center Private Limited by POSCO India Processing Center Private Limited,https://pib.gov.in/PressReleasePage.aspx?PRID=2099806
IndiaIdeas.com Limited,Unknown,1,2022-09-05,2022-09-05,CCI approves acquisition of 100% of equity share capital of IndiaIdeas.com Limited (IIL) by PayU Payments Private Limited,https://pib.gov.in/PressReleasePage.aspx?PRID=1856891
Indiabulls Asset Management Company Limited and Indiabulls Trustee Company Limited,Unknown,1,2021-09-09,2021-09-09,CCI approves acquisition of Indiabulls Asset Management Company Limited and Indiabulls Trustee Company Limited by Nextbillion Technology Private Limited,https://pib.gov.in/PressReleasePage.aspx?PRID=1753610
Indiabulls Enterprises Limited,Unknown,1,2023-12-19,2023-12-19,"CCI approves scheme of arrangement involving Dhani Services Limited, Indiabulls Enterprises Limited, Savren Medicare Limited, Auxesia Soft Solutions Limited, Gyansagar Buildtech Limited, Pushpanjli Finsolutions Limited, ...",https://pib.gov.in/PressReleasePage.aspx?PRID=1988452
Indian Council of Agricultural Research and Dhanuka Agritech Limited,Unknown,1,2024-03-20,2024-03-20,MoU signed between Indian Council of Agricultural Research and Dhanuka Agritech Limited,https://pib.gov.in/PressReleasePage.aspx?PRID=2015646
Indian Immunologicals Limited,Unknown,1,2021-05-28,2021-05-28,Indian Immunologicals Limited to start production of drug substance for Covaxin under Mission COVID Suraksha,https://pib.gov.in/PressReleasePage.aspx?PRID=1722478
Indian Medicines Pharmaceutical Corporation Limited,Unknown,1,2026-05-26,2026-05-26,"M/s. Skymap Pharmaceuticals Private Ltd. is approved as Strategic Buyer for disinvestment of Indian Medicines Pharmaceutical Corporation Limited (IMPCL), a CPSE under the administrative control of M/o AYUSH",https://pib.gov.in/PressReleasePage.aspx?PRID=2265581
Indian Port Rail & Ropeway Corporation Ltd,Unknown,1,2023-07-02,2023-07-02,Indian Coast Guard & Indian Navy sign MoU with Indian Port Rail & Ropeway Corporation Ltd for developing gallery at National Maritime Heritage Complex,https://pib.gov.in/PressReleasePage.aspx?PRID=1936912
Indian Potash Limited,Unknown,1,2020-04-03,2020-04-03,Indian Potash Limited donates 5 crore rupees to PM-CARES fund taking Fertiliser PSUs contribution to Rs 32 crore,https://pib.gov.in/PressReleasePage.aspx?PRID=1610693
Indian Railway Catering and Tourism Corporation,Unknown,1,2021-11-12,2021-11-12,Ministry of Tourism Signs MoU with Indian Railway Catering and Tourism Corporation to strengthen hospitality and tourism industry in the country,https://pib.gov.in/PressReleasePage.aspx?PRID=1771239
Indian Railway Station Development Corporation,Unknown,1,2019-06-11,2019-06-11,"Indian Railway Station Development Corporation (IRSDC) enters into Tripartite Agreement with French National Railways (SNCF) & AFD, a French Agency",https://pib.gov.in/PressReleasePage.aspx?PRID=1573850
Indian Railways Station Development Corporation,Unknown,1,2018-11-16,2018-11-16,Indian Railways Station Development Corporation (IRSDC) makes a swift progress in developing Surat Railway Station as Multi Model Transport Hub,https://pib.gov.in/PressReleasePage.aspx?PRID=1552966
Indian Rare Earths Limited,Unknown,1,2024-11-05,2024-11-05,"Indian Rare Earths Limited, (IREL) and Ust-Kamenogorsk Titanium and Magnesium Plant JSC, (UKTMP JSC) Kazakhstan Signed an Agreement to Establish Indo-Kazakh Joint Venture Company (JVC): IREUK Titanium Limited for product...",https://pib.gov.in/PressReleasePage.aspx?PRID=2070748
Indian Strategic Petroleum Reserve Ltd,Unknown,1,2017-03-06,2017-03-06,Cabinet approves signing of the Definitive Agreement on Oil Storage and Management between Indian Strategic Petroleum Reserve Ltd (ISPRL) and Abu Dhabi National Oil Company (ADNOC) of UAE,https://pib.gov.in/PressReleasePage.aspx?PRID=1483689
Indigenous Energy Storage Technologies Pvt. Ltd,Unknown,1,2026-04-02,2026-04-02,“TDB-DST supports Indigenous Energy Storage Technologies Pvt. Ltd. for Commercialization of Bio-Waste Derived Hard Carbon for Sodium-Ion Batteries”,https://pib.gov.in/PressReleasePage.aspx?PRID=2248203
Indo-Israeli JV IOC Phinergy Pvt Ltd,Unknown,1,2021-03-17,2021-03-17,"""Indo-Israeli JV IOC Phinergy Pvt Ltd to boost India's e-Mobility aspirations""",https://pib.gov.in/PressReleasePage.aspx?PRID=1705598
IndoStar Capital Finance Limited,Unknown,1,2020-03-03,2020-03-03,BCP V Multiple Holdings Pte. Ltd. proposes to acquire 40% paid up equity share capital of IndoStar Capital Finance Limited through CCI’s Green Channel,https://pib.gov.in/PressReleasePage.aspx?PRID=1605027
Indorama India Private Limited,Unknown,1,2021-01-29,2021-01-29,CCI approves acquisition of Indo Gulf Fertilisers by Indorama India Private Limited.,https://pib.gov.in/PressReleasePage.aspx?PRID=1693132
Indraprastha Gas Limited,Unknown,1,2025-09-30,2025-09-30,"Shri Hardeep Singh Puri inaugurates Indraprastha Gas Limited Office at World Trade Centre, Nauroji Nagar",https://pib.gov.in/PressReleasePage.aspx?PRID=2173281
Indriya Ltd,Unknown,1,2026-04-07,2026-04-07,CCI approves acquisition of equity shares amounting to 14.286% of Aditya Birla Housing Finance Ltd. by Indriya Ltd.,https://pib.gov.in/PressReleasePage.aspx?PRID=2249850
Inflow Technologies Private Limited,Unknown,1,2021-09-09,2021-09-09,CCI approves acquisition of Inflow Technologies Private Limited by Savex Technologies Private Limited,https://pib.gov.in/PressReleasePage.aspx?PRID=1753611
Ingram Micro Inc,Unknown,1,2021-05-10,2021-05-10,CCI approves proposed acquisition of 100% shareholding and sole control of Ingram Micro Inc. by Imola Acquisition Corporation,https://pib.gov.in/PressReleasePage.aspx?PRID=1717352
Innomotics India Pvt Ltd,Unknown,1,2026-02-12,2026-02-12,CCI approves acquisition of low voltage motor business of Siemens Ltd. by Innomotics India Pvt Ltd.,https://pib.gov.in/PressReleasePage.aspx?PRID=2227274
Innovative Retail Concepts Private Limited,Unknown,1,2021-04-29,2021-04-29,CCI approves acquisition by Tata Digital Limited of up to 64.3% of the total share capital of Supermarket Grocery Supplies Private Ltd (SGS) and SGS’ sole control over Innovative Retail Concepts Private Limited,https://pib.gov.in/PressReleasePage.aspx?PRID=1714774
Intel Corp,Unknown,1,2026-02-12,2026-02-12,CCI imposes penalty on Intel Corp. for its India Specific Warranty Policy in respect of Boxed Microprocessors,https://pib.gov.in/PressReleasePage.aspx?PRID=2227079
Interise Investment Managers Limited,Unknown,1,2024-02-06,2024-02-06,"CCI approves acquisition of 100% shareholding of Interise Investment Managers Limited by the CPIH, AIL – II. and Ontario Inc.",https://pib.gov.in/PressReleasePage.aspx?PRID=2003314
Investments Ltd,Unknown,1,2026-01-13,2026-01-13,"CCI approves acquisition by ChrysCapital Fund X, Two Infinity Partners and Blue wave Investments Ltd, collectively, of certain equity share capital in Nash Industries (I) Pvt. Ltd.",https://pib.gov.in/PressReleasePage.aspx?PRID=2214244
Ipca Laboratories Limited,Unknown,1,2023-07-27,2023-07-27,CCI approves proposed combination involving acquisition of shareholding up to 59.38% of Unichem Laboratories Limited by Ipca Laboratories Limited,https://pib.gov.in/PressReleasePage.aspx?PRID=1943378
Island Star Mall Developers Private Limited,Unknown,1,2025-08-19,2025-08-19,CCI approves the proposed acquisition of remaining 49% shareholding of Island Star Mall Developers Private Limited (ISMDPL) by The Phoenix Mills Limited.,https://pib.gov.in/PressReleasePage.aspx?PRID=2158148
Ismartu India Private Limited,Unknown,1,2024-07-18,2024-07-18,CCI approves acquisition of up to 56% shareholding of Ismartu India Private Limited by Dixon Technologies (India) Limited,https://pib.gov.in/PressReleasePage.aspx?PRID=2034124
Israel Chemicals Limited,Unknown,1,2022-03-21,2022-03-21,"Indian Potash limited (IPL) signs MoU with Israel Chemicals Limited (ICL) for the supply of Muriate of Potash (MOP) for the period 2022 to 2027 in the presence of Dr. Mansukh Mandaviya, Union Minister of Health & Family ...",https://pib.gov.in/PressReleasePage.aspx?PRID=1807754
Ivanhoe Cambridge Singapore Investments II Pte. Ltd,Unknown,1,2025-10-07,2025-10-07,"CCI approves the proposed combination involving, inter alia, Jongsong Investments Pte. Ltd. (Jongsong), Ivanhoe Cambridge Singapore Investments II Pte. Ltd. (IC Singapore), Adamas Asset Holdings Pte. Ltd. (AHPL), RGIP Ho...",https://pib.gov.in/PressReleasePage.aspx?PRID=2176034
J. B. Chemicals & Pharmaceuticals Limited,Unknown,1,2025-10-21,2025-10-21,CCI approves acquisition of J. B. Chemicals & Pharmaceuticals Limited by Torrent Pharmaceuticals Limited with voluntary modifications,https://pib.gov.in/PressReleasePage.aspx?PRID=2181329
JFE Steel Corp,Unknown,1,2026-01-20,2026-01-20,"CCI approves proposed combination between Bhushan Power and Steel Ltd, JSW Sambalpur Steel, JFE Steel Corp. and JSW Kalinga Steel",https://pib.gov.in/PressReleasePage.aspx?PRID=2216554
JICC-01 Limited Partnership and Honda Motor Co. Ltd,Unknown,1,2023-10-10,2023-10-10,CCI approves acquisition of certain shareholding in Hitachi Astemo Ltd. by JICC-01 Limited Partnership and Honda Motor Co. Ltd. ; and acquisition of certain shareholding of Hitachi Astemo Electric Motor Systems by Hitach...,https://pib.gov.in/PressReleasePage.aspx?PRID=1966352
JK Maini Precision Technologies Limited,Unknown,1,2025-05-27,2025-05-27,CCI approves the combination inter alia envisaging the merger of Ring Plus Aqua and Maini Precision Products into JK Maini Precision Technologies Limited (JKMPTL); and demerger of aerospace business of JKMPTL into JK Mai...,https://pib.gov.in/PressReleasePage.aspx?PRID=2131759
JM Baxi Ports and Logistics Limited,Unknown,1,2023-03-27,2023-03-27,CCI approves acquisition of shareholding of JM Baxi Ports and Logistics Limited by HL Terminal Holding B.V.,https://pib.gov.in/PressReleasePage.aspx?PRID=1911254
JM Financial Credit Solutions Limited,Unknown,1,2024-10-09,2024-10-09,CCI approves acquisition of 42.99% of the total paid up share capital of JM Financial Credit Solutions Limited by JM Financial Limited,https://pib.gov.in/PressReleasePage.aspx?PRID=2063390
JM Financial Limited,Unknown,1,2024-10-09,2024-10-09,CCI approves acquisition of 42.99% of the total paid up share capital of JM Financial Credit Solutions Limited by JM Financial Limited,https://pib.gov.in/PressReleasePage.aspx?PRID=2063390
JSW Ispat Special Products Limited,Unknown,1,2022-08-18,2022-08-18,CCI approves amalgamation of Creixent Special Steels Limited (CSSL); and JSW Ispat Special Products Limited (JSW Ispat) with and into JSW Steel Limited (JSW Steel),https://pib.gov.in/PressReleasePage.aspx?PRID=1852952
JSW Paints Limited,Unknown,1,2025-09-16,2025-09-16,CCI approves the acquisition of up to 75% shareholding in Akzo Nobel India Limited (Target) by JSW Paints Limited (Acquirer),https://pib.gov.in/PressReleasePage.aspx?PRID=2167330
JSW Projects Limited,Unknown,1,2020-04-24,2020-04-24,CCI approves acquisition of majority shareholding in B.M.M Ispat Limited by JSW Projects Limited.,https://pib.gov.in/PressReleasePage.aspx?PRID=1617874
JSW Steel Limited,Unknown,1,2022-08-18,2022-08-18,CCI approves amalgamation of Creixent Special Steels Limited (CSSL); and JSW Ispat Special Products Limited (JSW Ispat) with and into JSW Steel Limited (JSW Steel),https://pib.gov.in/PressReleasePage.aspx?PRID=1852952
JSW Ventures Singapore Pte. Limited,Unknown,1,2024-01-24,2024-01-24,CCI approves acquisition of up to ~38% of share capital of MG Motor India Private Limited by JSW Ventures Singapore Pte. Limited,https://pib.gov.in/PressReleasePage.aspx?PRID=1999118
Jagat Agro Commodities Pvt. Ltd,Unknown,1,2022-02-25,2022-02-25,"SFIO arrests Satish Kumar Pawa, Saurav Aggarwal, Suhas S. Paranjpe in connection with investigation into affairs of Jagat Agro Commodities Pvt. Ltd.",https://pib.gov.in/PressReleasePage.aspx?PRID=1801178
Jaguar Advisory Services Private Limited,Unknown,1,2023-05-03,2023-05-03,"CCI approves acquisition by Mr. Sanjay Chamria (SC) of certain equity shares of Jaguar Advisory Services Private Limited (Jaguar), resulting in an indirect acquisition of certain equity shares of Magma HDI General Insura...",https://pib.gov.in/PressReleasePage.aspx?PRID=1921749
Jaiprakash Power Ventures Limited,Unknown,1,2021-03-22,2021-03-22,POWERGRID Signs Agreement to Acquire 74% Stake in Jaiprakash Power Ventures Limited,https://pib.gov.in/PressReleasePage.aspx?PRID=1706605
Jalpower Corporation Limited,Unknown,1,2021-01-07,2021-01-07,NCLT approves NHPC’s Resolution Plan for Jalpower Corporation Limited,https://pib.gov.in/PressReleasePage.aspx?PRID=1686897
Jammu & Kashmir Power Corporation Limited,Unknown,1,2024-02-26,2024-02-26,SJVN inks Power Usage Agreement with Jammu & Kashmir Power Corporation Limited for 300 MW Solar Power,https://pib.gov.in/PressReleasePage.aspx?PRID=2009166
Japan International Cooperation Limited,Unknown,1,2017-09-15,2017-09-15,India Signs 76 Million US Dollar Loan Deal with Japan International Cooperation Limited (JICA) to Upgrade Alang-Sosiya Shipyards,https://pib.gov.in/PressReleasePage.aspx?PRID=1503032
Jhajjar Power Limited,Unknown,1,2025-11-25,2025-11-25,CCI approves the proposed acquisition of 100% shareholding of Jhajjar Power Limited by Jindal Jhajjar Power Limited,https://pib.gov.in/PressReleasePage.aspx?PRID=2194257
Jindal Jhajjar Power Limited,Unknown,1,2025-11-25,2025-11-25,CCI approves the proposed acquisition of 100% shareholding of Jhajjar Power Limited by Jindal Jhajjar Power Limited,https://pib.gov.in/PressReleasePage.aspx?PRID=2194257
Jio Platforms Limited,Unknown,1,2020-11-12,2020-11-12,CCI approves acquisition of 7.73% equity share capital of Jio Platforms Limited by Google International LLC,https://pib.gov.in/PressReleasePage.aspx?PRID=1672142
Joint Venture Indo-Russian Rifles Pvt. Ltd,Unknown,1,2019-03-03,2019-03-03,"PM dedicates the Joint Venture Indo-Russian Rifles Pvt. Ltd. to the Nation, at Amethi",https://pib.gov.in/PressReleasePage.aspx?PRID=1567248
Jomei Investments Ltd,Unknown,1,2019-10-24,2019-10-24,"CCI approves acquisition of 4.15% of the shareholding in Aditya Birla Capital Limited by Jomei Investments Ltd. of Combination under Section 31(1) of the Competition Act, 2002",https://pib.gov.in/PressReleasePage.aspx?PRID=1589095
Jsquare Electrical Steel Nashik Private Limited,Unknown,1,2024-12-10,2024-12-10,CCI approves the proposed acquisition of Thyssenkrupp Electrical Steel India Private Limited by Jsquare Electrical Steel Nashik Private Limited,https://pib.gov.in/PressReleasePage.aspx?PRID=2082972
Jubilant BevCo Limited,Unknown,1,2025-05-01,2025-05-01,CCI approves the proposed combination involving (i) acquisition of 40% shareholding of HCCH by Jubilant Beverages Limited (JBL) and (ii) proposed subscription to CCPS in JBL by Jubilant BevCo Limited and the Investors,https://pib.gov.in/PressReleasePage.aspx?PRID=2125860
Jubilant Beverages Limited,Unknown,1,2025-05-01,2025-05-01,CCI approves the proposed combination involving (i) acquisition of 40% shareholding of HCCH by Jubilant Beverages Limited (JBL) and (ii) proposed subscription to CCPS in JBL by Jubilant BevCo Limited and the Investors,https://pib.gov.in/PressReleasePage.aspx?PRID=2125860
Jumbotail Technologies Pvt. Ltd,Unknown,1,2025-05-27,2025-05-27,"CCI approves the proposed combination involving Jumbotail Technologies Pvt. Ltd. (JTPL), Standard Chartered Research and Technology India Pvt. Ltd. (SCRTIPL), SC Ventures Holdings Limited (SC Ventures), Solv-India Pte. L...",https://pib.gov.in/PressReleasePage.aspx?PRID=2131761
Jute Corporation,Unknown,1,2021-07-30,2021-07-30,731 MT certified jute seeds distributed among farmersby Jute Corporation of India,https://pib.gov.in/PressReleasePage.aspx?PRID=1740715
Jute Corporation of India and National Seeds Corporation,Unknown,1,2020-08-19,2020-08-19,MoU to provide certified good quality seeds to jute farmers in the year 2021-22 signed between Jute Corporation of India and National Seeds Corporation,https://pib.gov.in/PressReleasePage.aspx?PRID=1646940
K. Raheja Corp,Unknown,1,2020-03-11,2020-03-11,CCI approves combination involving setting up of Mindspace REIT by K. Raheja Corp Group,https://pib.gov.in/PressReleasePage.aspx?PRID=1606024
KNR Constructions Ltd,Unknown,1,2026-04-07,2026-04-07,CCI approves acquisition of 100% equity shareholding of KNR SPVs by Indus Infra Trust from KNR Constructions Ltd.,https://pib.gov.in/PressReleasePage.aspx?PRID=2249854
KPS1 Transmission Ltd,Unknown,1,2023-04-21,2023-04-21,REC’s subsidiary RECPDCL hands over ‘KPS1 Transmission Ltd’ to M/s Megha Engineering & Infrastructures Ltd,https://pib.gov.in/PressReleasePage.aspx?PRID=1918504
KSK Mahanadi Power Company Limited,Unknown,1,2025-03-05,2025-03-05,CCI approves proposed acquisition of 100% shareholding in KSK Mahanadi Power Company Limited by JSW Energy Limited,https://pib.gov.in/PressReleasePage.aspx?PRID=2108310
Kaithal Tollway Limited,Unknown,1,2025-09-23,2025-09-23,CCI approves the proposed combination involving (i)acquisition of IRB Hapur Moradabad Tollway Limited; Kaithal Tollway Limited; and Kishangarh Gulabpura Tollway Limited by IRB InvIT Fund; and (ii)acquisition of units of ...,https://pib.gov.in/PressReleasePage.aspx?PRID=2170265
Kakapo Investment Pte. Ltd,Unknown,1,2025-08-19,2025-08-19,"CCI approves the proposed combination involving acquisition of all the outstanding shares and sole control of the Skechers U.S.A, Inc. by 3G Capital Partners and investment by Kakapo Investment Pte. Ltd.",https://pib.gov.in/PressReleasePage.aspx?PRID=2158147
Kallam Transmission Limited,Unknown,1,2021-12-29,2021-12-29,"REC’s subsidiary RECPDCL hands over the ‘Kallam Transmission Limited’, the Project SPV to Consortium of IndiGrid 1 Limited and IndiGrid 2 Limited",https://pib.gov.in/PressReleasePage.aspx?PRID=1786048
Kandhari Global Beverages Private Limited,Unknown,1,2025-04-23,2025-04-23,CCI approves the proposed acquisition of the Target Business by Kandhari Global Beverages Private Limited,https://pib.gov.in/PressReleasePage.aspx?PRID=2123767
Kapih Deep Tech Private Limited,Unknown,1,2025-09-19,2025-09-19,"""TDB-DST Supports M/s Kapih Deep Tech Private Limited, Pune with ₹4.07 Crores Conditional Grant assistance under India-Israel Industrial R&D and Technological Innovation Fund (I4F)""",https://pib.gov.in/PressReleasePage.aspx?PRID=2168421
Kedaara Capital Fund III LLP,Unknown,1,2023-10-03,2023-10-03,CCI approves acquisition of certain stake of Lenskart Solutions Private Limited by Kedaara Capital Fund III LLP,https://pib.gov.in/PressReleasePage.aspx?PRID=1963827
Keihin Corporation,Unknown,1,2020-08-11,2020-08-11,"CCI approves proposed combination filed jointly by Keihin Corporation, Nissin Kogyo Co., Ltd., Showa Corporation and Hitachi Automotive Systems, Ltd.",https://pib.gov.in/PressReleasePage.aspx?PRID=1645122
Kenvue Inc,Unknown,1,2026-05-12,2026-05-12,CCI approves acquisition of Kenvue Inc. by Kimberly-Clark Corp.,https://pib.gov.in/PressReleasePage.aspx?PRID=2260403
Kesoram Industries Limited,Unknown,1,2024-03-19,2024-03-19,CCI approves acquisition of Kesoram Cement Business from Kesoram Industries Limited by UltraTech Cement Limited,https://pib.gov.in/PressReleasePage.aspx?PRID=2015579
Kestrel Coal Group Pty Ltd,Unknown,1,2026-08-26,2026-08-26,CCI approves acquisition of 100% stake in Kestrel Coal Group Pty Ltd. by Yancoal Australia from certain sellers,https://pib.gov.in/PressReleasePage.aspx?PRID=2303221
Key Infrastructure Projects of Central Coalfields Limited,Unknown,1,2024-02-29,2024-02-29,Prime Minister Shri Narendra Modi to inaugurate Key Infrastructure Projects of Central Coalfields Limited Jharkhand,https://pib.gov.in/PressReleasePage.aspx?PRID=2010253
Kia Motors Corporation,Unknown,1,2019-10-30,2019-10-30,"CCI approves the acquisition of shareholding in ANI Technologies Private Limited (ANI) and Ola Electric Mobility Private Limited (OEM) by Hyundai Motor Company (HMC) and Kia Motors Corporation (KMC), under Section 31(1) ...",https://pib.gov.in/PressReleasePage.aspx?PRID=1589640
Kids Clinic India Ltd,Unknown,1,2026-09-01,2026-09-01,CCI approves acquisition of up to 100% equity shareholding of Apollo Fertility Centre (AFCPL) and Apollo Specialty Hospitals (ASHPL) by Kids Clinic India Ltd. (KCIL) and related transactions,https://pib.gov.in/PressReleasePage.aspx?PRID=2305742
Kimberly-Clark Corp,Unknown,1,2026-05-12,2026-05-12,CCI approves acquisition of Kenvue Inc. by Kimberly-Clark Corp.,https://pib.gov.in/PressReleasePage.aspx?PRID=2260403
Kirloskar Brothers Ltd,Unknown,1,2020-01-06,2020-01-06,PM attends the centenary celebrations of Kirloskar Brothers Ltd.,https://pib.gov.in/PressReleasePage.aspx?PRID=1598580
Kirloskar Ferrous Industries Limited,Unknown,1,2022-02-24,2022-02-24,Commission approves proposed combination involving acquisition of stake in ISMT Limited by Kirloskar Ferrous Industries Limited,https://pib.gov.in/PressReleasePage.aspx?PRID=1800829
Kishangarh Gulabpura Tollway Limited,Unknown,1,2025-09-23,2025-09-23,CCI approves the proposed combination involving (i)acquisition of IRB Hapur Moradabad Tollway Limited; Kaithal Tollway Limited; and Kishangarh Gulabpura Tollway Limited by IRB InvIT Fund; and (ii)acquisition of units of ...,https://pib.gov.in/PressReleasePage.aspx?PRID=2170265
Kolte-Patil Developers Limited,Unknown,1,2025-06-10,2025-06-10,CCI approves the acquisition of certain shareholding in Kolte-Patil Developers Limited by BREP Asia III India Holding Co VII Pte. Ltd.,https://pib.gov.in/PressReleasePage.aspx?PRID=2135482
Konoike Transport Co. Ltd,Unknown,1,2024-09-19,2024-09-19,"M/s. Konoike Transport Co. Ltd. is approved as Strategic Buyer for disinvestment of FSNL, a 100% subsidiary of MSTC",https://pib.gov.in/PressReleasePage.aspx?PRID=2056688
Kotak Mahindra Bank Limited,Unknown,1,2024-11-26,2024-11-26,"CCI approves the proposed combination involving the acquisition of standard unsecured personal loans portfolio of Standard Chartered Bank, India Branch by Kotak Mahindra Bank Limited.",https://pib.gov.in/PressReleasePage.aspx?PRID=2077667
Kotak Mahindra General Insurance Company Limited,Unknown,1,2024-02-06,2024-02-06,CCI approves acquisition of 70% stake by Zurich Insurance Company Ltd. in Kotak Mahindra General Insurance Company Limited,https://pib.gov.in/PressReleasePage.aspx?PRID=2003315
Krazybee Services and Finnovation Tech Solutions Private Ltd,Unknown,1,2026-07-01,2026-07-01,CCI approves acquisition of certain shares in Krazybee Services and Finnovation Tech Solutions Private Ltd. by Mars Equity Dragon Fund VCC,https://pib.gov.in/PressReleasePage.aspx?PRID=2279990
Krishak Bharti Cooperative Limited,Unknown,1,2022-09-14,2022-09-14,"Union Home and Cooperation Minister, Shri Amit Shah laid the foundation stone of Krishak Bharti Cooperative Limited (KRIBHCO) Hazira’s Bio-ethanol project and addressed the co-operative conference in Surat today",https://pib.gov.in/PressReleasePage.aspx?PRID=1859813
Krishigati Pvt. Ltd,Unknown,1,2024-06-06,2024-06-06,"The Technology Development Board (TDB) under the Department of Science and Technology (DST) announced financial assistance to M/s Krishigati Pvt. Ltd., Pune for EV Technology in Intercultural Farming Operations",https://pib.gov.in/PressReleasePage.aspx?PRID=2023226
Krishnapatnam Port Company Limited,Unknown,1,2020-07-23,2020-07-23,CCI approves acquisition of Krishnapatnam Port Company Limited by Adani Ports and Special Economic Zone Limited,https://pib.gov.in/PressReleasePage.aspx?PRID=1640560
Krosaki Harima Corporation,Unknown,1,2026-01-06,2026-01-06,CCI approves acquisition of Krosaki Harima Corporation by Nippon Steel Corporation,https://pib.gov.in/PressReleasePage.aspx?PRID=2211958
Kubota Agricultural Machinery India Private Limited,Unknown,1,2020-07-10,2020-07-10,CCI approves the acquisition (i) in Escorts Limited (Escorts) by Kubota Corporation (Kubota) and (ii) in Kubota Agricultural Machinery India Private Limited (KAI) by Escorts,https://pib.gov.in/PressReleasePage.aspx?PRID=1637821
Kubota Corporation,Unknown,1,2020-07-10,2020-07-10,CCI approves the acquisition (i) in Escorts Limited (Escorts) by Kubota Corporation (Kubota) and (ii) in Kubota Agricultural Machinery India Private Limited (KAI) by Escorts,https://pib.gov.in/PressReleasePage.aspx?PRID=1637821
Kubota Corporation of Escorts Limited,Unknown,1,2022-02-02,2022-02-02,CCI approves acquisition of certain additional equity by Kubota Corporation of Escorts Limited,https://pib.gov.in/PressReleasePage.aspx?PRID=1794714
Kyndryl Holdings LLC and Grand Ocean Managed Infrastructure Services Private Limited,Unknown,1,2021-05-11,2021-05-11,Deemed approval given under Green Channel to Kyndryl Holdings LLC and Grand Ocean Managed Infrastructure Services Private Limited for internal restructuring of IBM Corporation,https://pib.gov.in/PressReleasePage.aspx?PRID=1717585
L&T Infrastructure Development Projects Limited and Kudgi Transmission Limited,Unknown,1,2023-03-15,2023-03-15,"CCI approves acquisition of 100% of equity share capital of L&T Infrastructure Development Projects Limited and Kudgi Transmission Limited, by Epic Concesiones Private Limited and Infrastructure Yield Plus II, respective...",https://pib.gov.in/PressReleasePage.aspx?PRID=1907050
L&T Investment Management Limited,Unknown,1,2022-03-10,2022-03-10,CCI approves acquisition of 100% share capital of L&T Investment Management Limited by HSBC Asset Management (India) Private Limited,https://pib.gov.in/PressReleasePage.aspx?PRID=1804666
LIC Mutual Fund Asset Management Limited,Unknown,1,2023-03-22,2023-03-22,CCI approves combination involving LIC Mutual Fund Asset Management Limited’s acquisition of management rights over schemes of IDBI MF from IDBI Asset Management Limited,https://pib.gov.in/PressReleasePage.aspx?PRID=1909633
LT Foods Limited,Unknown,1,2023-02-14,2023-02-14,CCI approves acquisition of certain equity share capital of LT Foods Limited by SALIC International Investment Corporation,https://pib.gov.in/PressReleasePage.aspx?PRID=1899165
La Renon Healthcare Private Limited,Unknown,1,2025-11-07,2025-11-07,CCI approves acquisition of a certain shareholding in La Renon Healthcare Private Limited by Rajadhiraja Limited.,https://pib.gov.in/PressReleasePage.aspx?PRID=2187557
Lanco Anpara Power Limited,Unknown,1,2023-02-09,2023-02-09,CCI approves acquisition of 100% equity and preference shares of Lanco Anpara Power Limited by Megha Engineering and Infrastructures Limited,https://pib.gov.in/PressReleasePage.aspx?PRID=1897827
Laptev Finance Private Limited,Unknown,1,2019-11-18,2019-11-18,CCI approves the acquisition of the ‘Plates & Coils Mill Division’ of Welspun Corp Limited by Laptev Finance Private Limited,https://pib.gov.in/PressReleasePage.aspx?PRID=1592079
Launch Bihar Rajya Jeevika Nidhi Saakh Sahkari Sangh Limited,Unknown,1,2025-09-01,2025-09-01,PM to Launch Bihar Rajya Jeevika Nidhi Saakh Sahkari Sangh Limited on 2nd September,https://pib.gov.in/PressReleasePage.aspx?PRID=2162651
Launch Of Two Diving Support Vessels At Hindustan Shipyard Ltd,Unknown,1,2022-09-21,2022-09-21,"Curtain Raiser: Launch Of Two Diving Support Vessels At Hindustan Shipyard Ltd, Vizag On 22 Sep 2022",https://pib.gov.in/PressReleasePage.aspx?PRID=1861273
Lee Pharma Ltd,Unknown,1,2021-06-09,2021-06-09,CSIR-IICT licenses process knowhow for synthesis of 2-Deoxy-D-Glucose to Lee Pharma Ltd.,https://pib.gov.in/PressReleasePage.aspx?PRID=1725576
Lence Pte. Ltd,Unknown,1,2025-11-11,2025-11-11,CCI approves proposed acquisition of 11% to 20% of shareholding of the AWL Agri Business Limited by Lence Pte. Ltd.,https://pib.gov.in/PressReleasePage.aspx?PRID=2188938
Lenskart Solutions Private Limited,Unknown,1,2023-10-03,2023-10-03,CCI approves acquisition of certain stake of Lenskart Solutions Private Limited by Kedaara Capital Fund III LLP,https://pib.gov.in/PressReleasePage.aspx?PRID=1963827
Lignite Company NLC India Limited,Unknown,1,2023-10-22,2023-10-22,Green arm of Lignite Company NLC India Limited Starts BusinessActivities,https://pib.gov.in/PressReleasePage.aspx?PRID=1969884
Limited and Shriram Credit Company Limited,Unknown,1,2025-04-08,2025-04-08,CCI approves proposed acquisition of shares of Shriram Asset Management Company Limited by Sanlam Emerging Market (Mauritius) Limited and Shriram Credit Company Limited,https://pib.gov.in/PressReleasePage.aspx?PRID=2120192
Limited and YES Trustee Limited,Unknown,1,2021-05-18,2021-05-18,CCI approves the acquisition of YES Asset Management (India) Limited and YES Trustee Limited by GPL Finance and Investments Limited,https://pib.gov.in/PressReleasePage.aspx?PRID=1719649
Liquidation of Hindustan Photo Films Manufacturing Company Ltd,Unknown,1,2019-07-16,2019-07-16,Liquidation of Hindustan Photo Films Manufacturing Company Ltd.,https://pib.gov.in/PressReleasePage.aspx?PRID=1578860
Liverpool Ltd,Unknown,1,2026-01-27,2026-01-27,"CCI approves acquisition of certain shareholding of Toyota Industries Corp by Elliott Associates, L.P., Elliott International, L.P., and Liverpool Ltd Partnership (Acquirers)",https://pib.gov.in/PressReleasePage.aspx?PRID=2219279
Lloyds Engineering Works Ltd,Unknown,1,2026-05-12,2026-05-12,CCI approves acquisition of 7.14% stake in Llyods Engineering Works by Thriveni Earthmovers Pvt Ltd. and merger of three entities into Lloyds Engineering Works Ltd,https://pib.gov.in/PressReleasePage.aspx?PRID=2260405
Lloyds Metals and Energy Limited,Unknown,1,2025-10-07,2025-10-07,CCI approves the acquisition of 49.99% equity share capital of Thriveni Pellets Private Limited (TPPL/Target) by Lloyds Metals and Energy Limited (LMEL/Acquirer).,https://pib.gov.in/PressReleasePage.aspx?PRID=2176032
Ltd. and Gujarat Alkalies and Chemicals Ltd,Unknown,1,2017-10-05,2017-10-05,"CCI issues order against Grasim Industries Limited, Aditya Birla Chemicals (India) Ltd. and Gujarat Alkalies and Chemicals Ltd. for bid rigging Delhi Jal Board tenders for supply of Poly Aluminium Chloride;Imposes penalt...",https://pib.gov.in/PressReleasePage.aspx?PRID=1504984
Ltd. and Naresh Kumar & Co. Pvt. Ltd,Unknown,1,2018-01-11,2018-01-11,"CCI issues order against Nair Coal Services Pvt. Ltd., Karam Chand Thapar & Bros (CS) Ltd. and Naresh Kumar & Co. Pvt. Ltd. for rigging bids and dividing market by forming hard core cartel in respect of tenders floated b...",https://pib.gov.in/PressReleasePage.aspx?PRID=1516436
Lubrizol Corporation,Unknown,1,2017-03-15,2017-03-15,"Cabinet approves sale of 24% equity holding in Lubrizol India Private Limited by Indian Oil to Lubrizol Corporation, USA",https://pib.gov.in/PressReleasePage.aspx?PRID=1484473
Lubrizol India Private Limited,Unknown,1,2017-03-15,2017-03-15,"Cabinet approves sale of 24% equity holding in Lubrizol India Private Limited by Indian Oil to Lubrizol Corporation, USA",https://pib.gov.in/PressReleasePage.aspx?PRID=1484473
Lucknow Municipal Corporation,Unknown,1,2020-12-02,2020-12-02,INR 200 crore municipal bonds issue of Lucknow Municipal Corporation listed at BSE,https://pib.gov.in/PressReleasePage.aspx?PRID=1677604
Lunolux Limited,Unknown,1,2021-12-21,2021-12-21,CCI approves acquisition of controlling stake in Forbes Enviro Solutions Limited by Lunolux Limited,https://pib.gov.in/PressReleasePage.aspx?PRID=1783743
M.B. Finmart Private Limited,Unknown,1,2024-01-24,2024-01-24,"CCI approves acquisition of shareholding in Religare Enterprises Limited by Puran Associates Private Limited, M.B. Finmart Private Limited, and VIC Enterprises Private Limited, Milky Investment and Trading Company",https://pib.gov.in/PressReleasePage.aspx?PRID=1999119
MCL of Coal India Ltd,Unknown,1,2021-09-02,2021-09-02,Innovative Remotely Piloted Aircraft System (RPAS) Inaugurated at MCL of Coal India Ltd,https://pib.gov.in/PressReleasePage.aspx?PRID=1751460
MECON Limited,Unknown,1,2024-06-13,2024-06-13,"MECON Limited issues RfP for use of Hydrogen injection in DRI Pilot Plant, in existing Blast Furnace and DRI Vertical shaft",https://pib.gov.in/PressReleasePage.aspx?PRID=2025158
MEMG LLP,Unknown,1,2024-03-26,2024-03-26,CCI approves subscription to CCPS B of API Holdings by MEMG LLP and 360 ONE,https://pib.gov.in/PressReleasePage.aspx?PRID=2016412
METRO Cash and Carry India Private Limited,Unknown,1,2023-03-15,2023-03-15,CCI approves acquisition of METRO Cash and Carry India Private Limited by Reliance Retail Ventures Limited,https://pib.gov.in/PressReleasePage.aspx?PRID=1907052
MLIT-18 Technology Private Limited,Unknown,1,2023-04-10,2023-04-10,“TDB-DST approves support to M/s MLIT-18 Technology Private Limited; the company aims to commercialize Machine Vision and Robotics System for Automation in Manufacturing Industry”,https://pib.gov.in/PressReleasePage.aspx?PRID=1915395
MOIL Limited,Unknown,1,2023-04-03,2023-04-03,MOIL Limited records 2nd highest Production since inception in FY’23,https://pib.gov.in/PressReleasePage.aspx?PRID=1913247
MP State Mining Corporation,Unknown,1,2024-10-19,2024-10-19,MOIL signed a draft JV agreement with MP State Mining Corporation,https://pib.gov.in/PressReleasePage.aspx?PRID=2066380
MSDE and IPE Global Limited,Unknown,1,2026-02-04,2026-02-04,MSDE and IPE Global Limited Collaborate to Strengthen Women-Centric Skilling Ecosystem,https://pib.gov.in/PressReleasePage.aspx?PRID=2223364
MSME Ministry Upgrades National Small Industries Corporation,Unknown,1,2026-02-26,2026-02-26,MSME Ministry Upgrades National Small Industries Corporation (NSIC) to ‘Schedule A’ CPSE,https://pib.gov.in/PressReleasePage.aspx?PRID=2233187
MSTC Limited,Unknown,1,2023-06-05,2023-06-05,"Inspection of ‘State-of-Art’ vehicle scrapping facility of Mahindra MSTC Recycling Pvt. Ltd. (MMRPL) conducted by Secretary, Ministry of Steel & CMD, MSTC Limited",https://pib.gov.in/PressReleasePage.aspx?PRID=1930020
MUFG Bank Ltd,Unknown,1,2026-03-25,2026-03-25,CCI approves acquisition of certain shares in Shriram Finance by MUFG Bank Ltd.,https://pib.gov.in/PressReleasePage.aspx?PRID=2245407
MW Nokhra Solar Project of NTPC Green Energy Ltd,Unknown,1,2024-02-15,2024-02-15,Prime Minister to dedicate 300 MW Nokhra Solar Project of NTPC Green Energy Ltd to the nation,https://pib.gov.in/PressReleasePage.aspx?PRID=2006423
MW Solar Module Manufacturing Line of Central Electronics Limited,Unknown,1,2026-05-14,2026-05-14,Union Minister Jitendra Singh dedicates 200 MW Solar Module Manufacturing Line of Central Electronics Limited to the Nation,https://pib.gov.in/PressReleasePage.aspx?PRID=2261005
Madhya Pradesh & Humara India Credit Cooperative Society Ltd,Unknown,1,2022-04-06,2022-04-06,"Sahara Credit Cooperative Society Ltd., Lucknow, Uttar Pradesh, Saharayn Universal Multipurpose Society Ltd., Bhopal, Madhya Pradesh & Humara India Credit Cooperative Society Ltd., Kolkata, West Bengal has been restraine...",https://pib.gov.in/PressReleasePage.aspx?PRID=1814227
Madras Fertilizers Ltd,Unknown,1,2022-06-26,2022-06-26,"Union Chemicals and Fertilizers Minister, Dr. Mansukh Mandaviya visits Madras Fertilizers Ltd (MFL)",https://pib.gov.in/PressReleasePage.aspx?PRID=1837145
Magma Fincorp Limited,Unknown,1,2021-04-12,2021-04-12,CCI approves acquisition of shareholding in Magma Fincorp Limited by Rising Sun Holdings Private Limited and Mr Sanjay Chamria and Mr Mayank Poddar,https://pib.gov.in/PressReleasePage.aspx?PRID=1711188
Mahanadi Coal Railway Ltd,Unknown,1,2022-07-11,2022-07-11,Mahanadi Coal Railway Ltd (MCRL) For Transportation of Coal in Talcher Coalfields,https://pib.gov.in/PressReleasePage.aspx?PRID=1840758
Mahindra & Mahindra Ltd,Unknown,1,2024-05-10,2024-05-10,Ministry of Skill Development & Entrepreneurship signs MoU with Mahindra & Mahindra Ltd. to conduct two Pilot Projects under the Drone Didi Yojana,https://pib.gov.in/PressReleasePage.aspx?PRID=2020242
Mahindra MSTC Recycling Pvt. Ltd,Unknown,1,2023-06-05,2023-06-05,"Inspection of ‘State-of-Art’ vehicle scrapping facility of Mahindra MSTC Recycling Pvt. Ltd. (MMRPL) conducted by Secretary, Ministry of Steel & CMD, MSTC Limited",https://pib.gov.in/PressReleasePage.aspx?PRID=1930020
Mahindra and Mahindra Limited,Unknown,1,2025-06-17,2025-06-17,CCI approves the proposed combination involving acquisition of SML Isuzu Limited by Mahindra and Mahindra Limited,https://pib.gov.in/PressReleasePage.aspx?PRID=2137017
Maiden Pharmaceuticals Ltd,Unknown,1,2022-10-06,2022-10-06,Press Note on WHO Medical Product Alert regarding Maiden Pharmaceuticals Ltd,https://pib.gov.in/PressReleasePage.aspx?PRID=1865655
Maini Precision Products Limited,Unknown,1,2024-03-06,2024-03-06,CCI approves acquisition of 59.25% shareholding in Maini Precision Products Limited (MPPL) by Ring Plus Aqua Limited (RPAL),https://pib.gov.in/PressReleasePage.aspx?PRID=2012003
Majesty II Pte. Ltd,Unknown,1,2025-01-21,2025-01-21,CCI approves the proposed acquisition of (i) AI Lenarco Midco Ltd. by Majesty II Pte. Ltd and (ii) certain compulsory convertible debentures in Manjushree Technopack Limited from AI Lenarco by Ashoka India Equity Investm...,https://pib.gov.in/PressReleasePage.aspx?PRID=2094909
Malabar Gold and Diamonds Ltd,Unknown,1,2026-07-07,2026-07-07,CCI approves merger of 51 Malabar Group’s companies with and into Malabar Gold and Diamonds Ltd,https://pib.gov.in/PressReleasePage.aspx?PRID=2282146
Manappuram Finance Limited and Manappuram Asset Finance Limited,Unknown,1,2025-06-24,2025-06-24,CCI approves proposed combination involving acquisition in Manappuram Finance Limited and Manappuram Asset Finance Limited by Bain Capital,https://pib.gov.in/PressReleasePage.aspx?PRID=2139297
Mangalore Chemicals & Fertilizers Limited,Unknown,1,2024-07-30,2024-07-30,CCI approves amalgamation of Mangalore Chemicals & Fertilizers with Paradeep Phosphates Limited and acquisition of equity shares of Mangalore Chemicals & Fertilizers Limited by Zuari Maroc Phosphates Private Limited,https://pib.gov.in/PressReleasePage.aspx?PRID=2039229
Mango Crest Investment Ltd,Unknown,1,2024-08-20,2024-08-20,CCI approves acquisition of shareholding in Shriram Housing Finance Limited by Mango Crest Investment Ltd.,https://pib.gov.in/PressReleasePage.aspx?PRID=2047064
Manipal Health Enterprises Private Limited,Unknown,1,2021-01-08,2021-01-08,CCI approves acquisition of 100% shareholding of the Columbia Asia Hospitals Private Limited by Manipal Health Enterprises Private Limited,https://pib.gov.in/PressReleasePage.aspx?PRID=1687115
Manipal Health Systems Private Limited and MEMG Family Office LLP,Unknown,1,2024-07-24,2024-07-24,CCI approves acquisition by Manipal Health Systems Private Limited and MEMG Family Office LLP in Aakash Educational Services Limited,https://pib.gov.in/PressReleasePage.aspx?PRID=2036486
Manipal Health Systems Private Limited and Manipal Education and Medical Group India Private Limited,Unknown,1,2025-06-24,2025-06-24,CCI approves combination involving acquisition in Aakash Educational Services Limited by Manipal Health Systems Private Limited and Manipal Education and Medical Group India Private Limited,https://pib.gov.in/PressReleasePage.aspx?PRID=2139298
Manipal Hospitals Private Limited,Unknown,1,2025-09-02,2025-09-02,CCI approves the proposed combination involving acquisition of up to 100% shareholding by Manipal Hospitals Private Limited in Sahyadri Hospitals Private Limited.,https://pib.gov.in/PressReleasePage.aspx?PRID=2163147
Manjushree Technopack Limited,Unknown,1,2025-01-21,2025-01-21,CCI approves the proposed acquisition of (i) AI Lenarco Midco Ltd. by Majesty II Pte. Ltd and (ii) certain compulsory convertible debentures in Manjushree Technopack Limited from AI Lenarco by Ashoka India Equity Investm...,https://pib.gov.in/PressReleasePage.aspx?PRID=2094909
Mankind Pharma Ltd,Unknown,1,2024-10-02,2024-10-02,CCI approves acquisition of Bharat Serums and Vaccines Limited by Mankind Pharma Ltd.,https://pib.gov.in/PressReleasePage.aspx?PRID=2061070
Manufacturing Facility For EVM Production At Bharat Electronics Limited,Unknown,1,2018-07-19,2018-07-19,"Election Commissioner Shri Sunil Arora Inaugurates a new Manufacturing Facility For EVM Production At Bharat Electronics Limited, Bangalore.",https://pib.gov.in/PressReleasePage.aspx?PRID=1539377
Maple Highways Pte. Ltd,Unknown,1,2025-03-25,2025-03-25,"CCI approves the proposed combination involving, inter alia, Maple Infrastructure Trust (MIT); CDPQ Infrastructures Asia III Inc. (CDPQ Asia); Maple Highways Pte. Ltd.; 360 ONE Private Equity Fund and certain road assets...",https://pib.gov.in/PressReleasePage.aspx?PRID=2115025
Matrix Pharma Private Limited,Unknown,1,2024-02-13,2024-02-13,CCI approves acquisition of 100% of the equity shares of Tianish Laboratories Private Limited by the Matrix Pharma Private Limited,https://pib.gov.in/PressReleasePage.aspx?PRID=2005803
Mazagon Dockyard Shipbuilders Ltd,Unknown,1,2023-12-20,2023-12-20,"Ministry of Defence signs Rs 1,614.89 crore contract with Mazagon Dockyard Shipbuilders Ltd for procurement of six Next Generation Offshore Patrol Vessels for Indian Coast Guard",https://pib.gov.in/PressReleasePage.aspx?PRID=1988688
Media Private Limited,Unknown,1,2022-09-22,2022-09-22,"CCI approves amalgamation of Jio Cinema OTT platform with Viacom 18 Media Private Limited, following an investment by BTS Investment 1 Pte. Ltd. and Reliance Projects & Property Management Services Limited",https://pib.gov.in/PressReleasePage.aspx?PRID=1861387
Media Technologies Private Limited,Unknown,1,2020-06-15,2020-06-15,"CCI approves acquisition by MacRitchie Investments Pte. Ltd. (MacRitchie) in 91Streets Media Technologies Private Limited (91Streets), Ascent Health and Wellness Solutions Private Limited (Ascent) and API Holdings Privat...",https://pib.gov.in/PressReleasePage.aspx?PRID=1631675
Media Technologies Pvt. Ltd,Unknown,1,2020-08-26,2020-08-26,"CCI approves acquisition by Lightstone Fund S.A., for and on behalf of Lightstone Global Fund (LGT) of certain equity stakes in 91Streets Media Technologies Pvt. Ltd. (91Streets), Ascent Health and Wellness Solutions Pvt...",https://pib.gov.in/PressReleasePage.aspx?PRID=1648759
Meerut Budaun Expressway Limited,Unknown,1,2024-06-04,2024-06-04,CCI approves combination involving acquisition by IRB Infrastructure Trust in Meerut Budaun Expressway Limited,https://pib.gov.in/PressReleasePage.aspx?PRID=2022778
Meeting of ESI Corporation,Unknown,1,2019-12-05,2019-12-05,179th Meeting of ESI Corporation Held,https://pib.gov.in/PressReleasePage.aspx?PRID=1595138
Meeting of Employees' State Insurance Corporation,Unknown,1,2026-06-30,2026-06-30,Dr. Mansukh Mandaviya Chairs 198th Meeting of Employees' State Insurance Corporation (ESIC) at New Delhi,https://pib.gov.in/PressReleasePage.aspx?PRID=2279526
Megha Engineering & Infrastructures Ltd,Unknown,1,2023-04-21,2023-04-21,REC’s subsidiary RECPDCL hands over ‘KPS1 Transmission Ltd’ to M/s Megha Engineering & Infrastructures Ltd,https://pib.gov.in/PressReleasePage.aspx?PRID=1918504
Megha Engineering and Infrastructures Limited,Unknown,1,2023-02-09,2023-02-09,CCI approves acquisition of 100% equity and preference shares of Lanco Anpara Power Limited by Megha Engineering and Infrastructures Limited,https://pib.gov.in/PressReleasePage.aspx?PRID=1897827
Merger of Film Media Units With National Films Development Corporation,Unknown,1,2022-03-30,2022-03-30,Merger of Film Media Units With National Films Development Corporation,https://pib.gov.in/PressReleasePage.aspx?PRID=1811671
Meta Tattva Systems Pvt. Ltd,Unknown,1,2025-06-04,2025-06-04,“TDB Supports Indigenous Development of Multi-Spectral Camouflage Systems for Defence by M/s Meta Tattva Systems Pvt. Ltd.”,https://pib.gov.in/PressReleasePage.aspx?PRID=2133746
Micro Life Sciences Private Limited,Unknown,1,2022-03-16,2022-03-16,CCI approves acquisition of Micro Life Sciences Private Limited by South Elm Investments B.V.,https://pib.gov.in/PressReleasePage.aspx?PRID=1806394
Micro Life Sciences Pvt. Ltd,Unknown,1,2025-08-19,2025-08-19,CCI approves the proposed acquisition of certain shareholding of Micro Life Sciences Pvt. Ltd. by Platinum Jasmine A 2018 Trust (acting through its trustee Platinum Owl C 2018 RSC Limited),https://pib.gov.in/PressReleasePage.aspx?PRID=2158151
Micron Semiconductor Technology India Pvt Ltd,Unknown,1,2026-02-28,2026-02-28,English rendering of PM’s address during inauguration of Micron Semiconductor Technology India Pvt Ltd’s facility in Gujarat,https://pib.gov.in/PressReleasePage.aspx?PRID=2233987
Microsoft Corporation,Unknown,1,2022-11-24,2022-11-24,"National Education Society for Tribal Students, Ministry of Tribal Affairs (MoTA) and Microsoft Corporation organize an online workshop for Digital Transformation of EMRSs",https://pib.gov.in/PressReleasePage.aspx?PRID=1878608
Midwest Advanced Materials Private Limited,Unknown,1,2024-05-30,2024-05-30,"Technology Development Board (TDB) - Department of Science and Technology (DST) approves support for M/s Midwest Advanced Materials Private Limited, Hyderabad for Sustainable Magnet Production",https://pib.gov.in/PressReleasePage.aspx?PRID=2022185
Minda Corporation Limited,Unknown,1,2024-02-20,2024-02-20,CCI approves acquisition of up to 8.79% (approx.) of equity share capital of Pricol Limited by Minda Corporation Limited,https://pib.gov.in/PressReleasePage.aspx?PRID=2007471
Mineral Exploration Corporation Ltd,Unknown,1,2021-08-25,2021-08-25,Blood Donation Camp by Mineral Exploration Corporation Ltd (MECL),https://pib.gov.in/PressReleasePage.aspx?PRID=1748938
Mines Secretary Inaugurates Registered Office of Khanij Bidesh India Limited,Unknown,1,2024-05-11,2024-05-11,Mines Secretary Inaugurates Registered Office of Khanij Bidesh India Limited (KABIL) in New Delhi,https://pib.gov.in/PressReleasePage.aspx?PRID=2020319
Mines Secretary V L Kantha Rao Reviews Functioning of Hindustan Copper Ltd,Unknown,1,2023-11-09,2023-11-09,Mines Secretary V L Kantha Rao Reviews Functioning of Hindustan Copper Ltd in Kolkotta,https://pib.gov.in/PressReleasePage.aspx?PRID=1975797
Minister Shri Pralhad Joshi Launches New Rehabilitation & Resettlement Policy of NLC India Ltd,Unknown,1,2022-01-17,2022-01-17,Minister Shri Pralhad Joshi Launches New Rehabilitation & Resettlement Policy of NLC India Ltd,https://pib.gov.in/PressReleasePage.aspx?PRID=1790481
Ministers Shri Pralhad Joshi and Shri Raosaheb Patil Danve Compliment Coal India Ltd,Unknown,1,2022-02-20,2022-02-20,Ministers Shri Pralhad Joshi and Shri Raosaheb Patil Danve Compliment Coal India Ltd for “Most Dependable Public Sector in India” Award,https://pib.gov.in/PressReleasePage.aspx?PRID=1799841
Ministry of Railway & Rail Vikas Nigam Limited,Unknown,1,2018-05-21,2018-05-21,Ministry of Railway & Rail Vikas Nigam Limited (RVNL) sign MoU for FY 2018-19,https://pib.gov.in/PressReleasePage.aspx?PRID=1532952
Ministry of Railways and National Building Construction Corporation,Unknown,1,2017-06-30,2017-06-30,"Rail Land Development Authority (RLDA), an institution under Ministry of Railways and National Building Construction Corporation (NBCC), a PSU of Ministry of Urban Development sign an MoU regarding redevelopment of ident...",https://pib.gov.in/PressReleasePage.aspx?PRID=1494243
Ministry of Rural Development and Convergence Energy Services Limited,Unknown,1,2024-07-05,2024-07-05,Ministry of Rural Development and Convergence Energy Services Limited signs MoU to facilitate Green Mobility for SHG Women of DAY-NRLM,https://pib.gov.in/PressReleasePage.aspx?PRID=2031058
Ministry of Social Justice & Empowerment and National Safai Karamcharis Finance & Development Corporation,Unknown,1,2023-08-30,2023-08-30,MoU signed between Ministry of Social Justice & Empowerment and National Safai Karamcharis Finance & Development Corporation,https://pib.gov.in/PressReleasePage.aspx?PRID=1953523
Ministry of Tourism and Alliance Air Aviation Limited,Unknown,1,2022-02-17,2022-02-17,MoU Signed between Ministry of Tourism and Alliance Air Aviation Limited on Cooperation for Promotion & Marketing of Domestic Indian Tourism,https://pib.gov.in/PressReleasePage.aspx?PRID=1799072
Ministry of Tribal Affairs and Bharat Petroleum Corporation Limited,Unknown,1,2025-04-30,2025-04-30,Ministry of Tribal Affairs and Bharat Petroleum Corporation Limited to Set Up 75 Space Labs in EMR Schools under ISRO’s Technical Guidance,https://pib.gov.in/PressReleasePage.aspx?PRID=2125464
Mira Bhayandar Municipal Corporation,Unknown,1,2025-01-03,2025-01-03,Women Entrepreneurship Platform Partners with Mira Bhayandar Municipal Corporation to Empower Women Entrepreneurs through the ‘Faral Sakhi’ Initiative,https://pib.gov.in/PressReleasePage.aspx?PRID=2089747
Mitsubishi Corporation,Unknown,1,2024-06-11,2024-06-11,CCI approves acquisition of certain equity stake of TVS Certified Private Limited and TVS Vehicle Mobility Solution Private Limited by Mitsubishi Corporation,https://pib.gov.in/PressReleasePage.aspx?PRID=2024369
Mitsubishi Heavy Industries and MPI Limited,Unknown,1,2022-10-17,2022-10-17,"NTPC, Mitsubishi Heavy Industries and MPI Limited sign MoU for demonstrating Hydrogen co-firing in Auraiya Gas Power Plant",https://pib.gov.in/PressReleasePage.aspx?PRID=1868465
Mitsui & Co. Ltd,Unknown,1,2024-04-30,2024-04-30,CCI approves acquisition of 15.43% shareholding by Sanyo Special Steel Co. Ltd. in Sanyo Special Steel Manufacturing India Private Limited from Mitsui & Co. Ltd.,https://pib.gov.in/PressReleasePage.aspx?PRID=2019229
Mizuho Securities Co. Ltd,Unknown,1,2026-04-28,2026-04-28,CCI approves acquisition of certain equity share capital of Avendus Capital Pvt Ltd. by Mizuho Securities Co. Ltd. on a fully diluted basis,https://pib.gov.in/PressReleasePage.aspx?PRID=2256395
MoHUA and Imagine Panaji Smart City Development Ltd,Unknown,1,2023-01-23,2023-01-23,MoHUA and Imagine Panaji Smart City Development Ltd. organize CEOs conference for 100 Smart Cities in Panaji,https://pib.gov.in/PressReleasePage.aspx?PRID=1892993
Modernization of HPC Ltd,Unknown,1,2017-03-28,2017-03-28,Modernization of HPC Ltd.,https://pib.gov.in/PressReleasePage.aspx?PRID=1485864
Moss Investments Limited,Unknown,1,2023-08-08,2023-08-08,"CCI approves proposed combination involving acquisition of 90% of shareholding and voting rights of HDFC Credila Financial Services Limited by Kopvoorn B.V., Moss Investments Limited, Infinity Partners and Defati Investm...",https://pib.gov.in/PressReleasePage.aspx?PRID=1946853
Motherson Sumi Systems Limited,Unknown,1,2021-05-27,2021-05-27,"CCI receives notice under Green Channel filed by Motherson Sumi Systems Limited (MSSL), Samvardhana Motherson International Limited (SAMIL), Sumitomo Wiring Systems Limited (SWS) relating to an intra-group reorganization...",https://pib.gov.in/PressReleasePage.aspx?PRID=1722179
Motilal Oswal Finvest Limited,Unknown,1,2022-08-18,2022-08-18,"CCI approves acquisition of the stake in Simpolo Vitrified Private Limited by India Business Excellence Fund IV, India SME Investments Fund – I, Motilal Oswal Finvest Limited and others",https://pib.gov.in/PressReleasePage.aspx?PRID=1852951
Mphasis Limited,Unknown,1,2021-06-08,2021-06-08,"CCI approves acquisition by BCP Topco IX Pte. Ltd. (BCP Topco), Waverly Pte Ltd. (GIC Investor) and Platinum Owl C 2018 RSC Limited (ADIA Investor) of Mphasis Limited",https://pib.gov.in/PressReleasePage.aspx?PRID=1725360
Mumbai International Airport Limited,Unknown,1,2019-11-14,2019-11-14,CCI approves the acquisition of shareholdings in Mumbai International Airport Limited (“MIAL”) by Adani Properties Private Limited (“APPL”)from Bid Services Division (Mauritius) Limited (“BSDA”) and ACSA Global Limited (...,https://pib.gov.in/PressReleasePage.aspx?PRID=1591687
Munitions India Ltd,Unknown,1,2025-06-23,2025-06-23,"Indian Institute of Corporate Affairs (IICA) begins Three -Day Corporate Social Responsibility Capacity Building Programme for Munitions India Ltd Officials at NADP, Nagpur",https://pib.gov.in/PressReleasePage.aspx?PRID=2138907
NACL Industries Limited,Unknown,1,2025-07-01,2025-07-01,Competition Commission of India approves acquisition of certain equity shares in NACL Industries Limited by Coromandel International Limited,https://pib.gov.in/PressReleasePage.aspx?PRID=2141336
NAFED and National Consumers Cooperative Federation of India Limited,Unknown,1,2023-03-07,2023-03-07,Centre directs NAFED and National Consumers Cooperative Federation of India Limited (NCCF) to immediately intervene in the market for purchase of Red Onion (Kharif) for simultaneous dispatch and sale to the consumption c...,https://pib.gov.in/PressReleasePage.aspx?PRID=1904936
NCDC & Indian Potash Ltd,Unknown,1,2020-04-01,2020-04-01,Union Agriculture Minister Shri Tomar presented Rs.11 crore cheque as contribution by NCDC & Indian Potash Ltd towards PM CARES Fund,https://pib.gov.in/PressReleasePage.aspx?PRID=1610072
NCR Atleos Corporation,Unknown,1,2026-07-23,2026-07-23,CCI approves acquisition of 100% of the equity share capital of NCR Atleos Corporation (Target) by The Brink's Company (Acquirer),https://pib.gov.in/PressReleasePage.aspx?PRID=2288055
NCR Transport Corporation,Unknown,1,2017-02-02,2017-02-02,NCR Transport Corporation gets a Logo and Tagline; Highlights vision of ‘Progress with Speed’,https://pib.gov.in/PressReleasePage.aspx?PRID=1481643
NCVET & Haryana Knowledge Corporation Limited,Unknown,1,2026-04-10,2026-04-10,"NCVET & Haryana Knowledge Corporation Limited, signed agreement for NCVET Recognition as Awarding Body (AB - Dual ) to Haryana Knowledge Corporation Limited",https://pib.gov.in/PressReleasePage.aspx?PRID=2250934
NEC Corporation,Unknown,1,2022-05-23,2022-05-23,"Prime Minister’s meeting with Dr. Nobuhiro Endo, Chairman, NEC Corporation",https://pib.gov.in/PressReleasePage.aspx?PRID=1827557
NEEPCO Ltd,Unknown,1,2022-11-19,2022-11-19,"Prime Minister Shri Narendra Modi dedicates to the nation the 600 MW Kameng Hydro power Station implemented by NEEPCO Ltd., a Mini Ratna Power PSU under Ministry of Power",https://pib.gov.in/PressReleasePage.aspx?PRID=1877233
NESTS and Tata Motors Limited,Unknown,1,2025-07-10,2025-07-10,NESTS and Tata Motors Limited Join Hands to Empower Tribal Youth with Skill-Linked Education and Employment Opportunities,https://pib.gov.in/PressReleasePage.aspx?PRID=2143713
NHAI Launches Raajmarg Infra Investment Managers Pvt. Ltd,Unknown,1,2025-11-20,2025-11-20,NHAI Launches Raajmarg Infra Investment Managers Pvt. Ltd. (RIIMPL) to Drive Public InvIT Initiative,https://pib.gov.in/PressReleasePage.aspx?PRID=2192078
NICDC Logistics Data Services Limited,Unknown,1,2025-12-31,2025-12-31,NICDC Logistics Data Services Limited Completes 10 Years of Operations in Logistics Data and Digital Systems,https://pib.gov.in/PressReleasePage.aspx?PRID=2210278
NICDC Logistics Data Services Ltd,Unknown,1,2024-07-12,2024-07-12,NICDC Logistics Data Services Ltd. and Gujarat Infrastructure Development Board sign MoU to enhance Logistics in Gujarat,https://pib.gov.in/PressReleasePage.aspx?PRID=2032742
NLC India Green Energy Limited,Unknown,1,2024-03-06,2024-03-06,NLC India Green Energy Limited (NIGEL) Signs Power Purchase Agreement with Gujarat Urja Vikas Nigam Limited (GUVNL) for 600 MW Solar Power Project,https://pib.gov.in/PressReleasePage.aspx?PRID=2011877
NOPO Nanotechnologies India Pvt. Ltd,Unknown,1,2025-12-17,2025-12-17,"""TDB-DST Supports M/s NOPO Nanotechnologies India Pvt. Ltd., Bengaluru for Advanced Sodium-Ion Battery Technology under I4F Call""",https://pib.gov.in/PressReleasePage.aspx?PRID=2206708
NS Blackwater Pty Limited,Unknown,1,2025-02-18,2025-02-18,Competition Commission of India (CCI) approves the acquisition of certain interest in Blackwater Coal Mine by NS Blackwater Pty Limited and JFE Steel Australia (BW) Pty Ltd,https://pib.gov.in/PressReleasePage.aspx?PRID=2104453
NSIC and Andhra Pradesh Medtech Zone Limited,Unknown,1,2022-09-22,2022-09-22,MoU signed between NSIC and Andhra Pradesh Medtech Zone Limited for cooperation in health sector,https://pib.gov.in/PressReleasePage.aspx?PRID=1861393
NSPIRA Management Services Private Limited,Unknown,1,2023-03-27,2023-03-27,"CCI approves acquisition of share capital of NSPIRA Management Services Private Limited by Mr. Puneet Kothapa, Ms. Ponguru Sindhura and Ms. Ponguru Sharani",https://pib.gov.in/PressReleasePage.aspx?PRID=1911255
NTF Energy Solutions Pvt. Ltd,Unknown,1,2026-05-07,2026-05-07,“TDB-DST supports NTF Energy Solutions Pvt. Ltd. for Commercialisation of Indigenous Type-IV CNG Cylinders under India’s Clean Mobility Vision”,https://pib.gov.in/PressReleasePage.aspx?PRID=2258588
NTPC Limited and GE Power India Limited,Unknown,1,2022-12-22,2022-12-22,NTPC Limited and GE Power India Limited sign MoU to reduce carbon intensity from NTPC’s coal fired units,https://pib.gov.in/PressReleasePage.aspx?PRID=1885749
NTPC Vidyut Vyapar Nigam Limited,Unknown,1,2023-06-16,2023-06-16,"NTPC Vidyut Vyapar Nigam Limited commissions 1 MW Rooftop Solar Power Project at IIT Jodhpur, to meet 15% of IIT’s electricity requirements",https://pib.gov.in/PressReleasePage.aspx?PRID=1932840
NTPC Vidyut Vyapar Nigam Ltd,Unknown,1,2022-01-31,2022-01-31,NTPC Vidyut Vyapar Nigam Ltd. acquires 5% Equity stake in PXIL,https://pib.gov.in/PressReleasePage.aspx?PRID=1793889
NTPC and Oil India Limited,Unknown,1,2024-01-31,2024-01-31,NTPC and Oil India Limited’s Numaligarh Refinery Limited to build strategic partnership in Green Chemicals and Green Projects,https://pib.gov.in/PressReleasePage.aspx?PRID=2000826
NTPC and Siemens Limited,Unknown,1,2022-10-12,2022-10-12,NTPC and Siemens Limited sign MoU for demonstrating Hydrogen co-firing in Faridabad Gas Power Plant,https://pib.gov.in/PressReleasePage.aspx?PRID=1867173
Nabha Power Ltd,Unknown,1,2026-04-07,2026-04-07,CCI approves proposed acquisition of 100% equity shares and non-cumulative optionally convertible redeemable preference shares in Nabha Power Ltd. by Torrent Power Ltd.,https://pib.gov.in/PressReleasePage.aspx?PRID=2249851
Nair Coal Services Pvt. Ltd,Unknown,1,2018-01-11,2018-01-11,"CCI issues order against Nair Coal Services Pvt. Ltd., Karam Chand Thapar & Bros (CS) Ltd. and Naresh Kumar & Co. Pvt. Ltd. for rigging bids and dividing market by forming hard core cartel in respect of tenders floated b...",https://pib.gov.in/PressReleasePage.aspx?PRID=1516436
Napean Opportunities LLP,Unknown,1,2019-12-13,2019-12-13,CCI approves acquisition of shares in SBI General Insurance by Napean Opportunities LLP,https://pib.gov.in/PressReleasePage.aspx?PRID=1596408
Napino Auto and Electronics Limited,Unknown,1,2024-04-23,2024-04-23,CCI approves subscription to compulsory convertible debentures of Napino Auto and Electronics Limited by International Finance Corporation (IFC),https://pib.gov.in/PressReleasePage.aspx?PRID=2018635
National Aerospace Limited,Unknown,1,2024-05-27,2024-05-27,Text of the Vice President’s speech after visiting National Aerospace Limited (NAL) facilities and laying the foundation stone of Centre for Carbon Fiber and Prepregs in Bengaluru (Excerpts),https://pib.gov.in/PressReleasePage.aspx?PRID=2021855
National Aluminium Company Limited,Unknown,1,2018-05-29,2018-05-29,Global Benchmarking helps National Aluminium Company Limited (NALCO) double its Net Profit,https://pib.gov.in/PressReleasePage.aspx?PRID=1533719
National Co-operative Organics Limited,Unknown,1,2024-08-30,2024-08-30,"In the presence of Union Home Minister and Minister of Cooperation Shri Amit Shah, MoU between National Co-operative Organics Limited and Uttarakhand Organic Commodity Board signed in New Delhi today",https://pib.gov.in/PressReleasePage.aspx?PRID=2050244
National Commodity and Derivatives Exchange Limited,Unknown,1,2018-01-13,2018-01-13,"The Union Finance Minister, Shri Arun Jaitley to unveil India’s First agri-Options by National Commodity and Derivatives Exchange Limited (NCDEX) tomorrow on the auspicious occasion of Makar Sankranti;",https://pib.gov.in/PressReleasePage.aspx?PRID=1516620
National Cooperative Organic Limited,Unknown,1,2025-01-01,2025-01-01,Union Home Minister and Minister of Cooperation Shri Amit Shah chairs a review meeting of the National Cooperative Organic Limited at the Ministry of Cooperation,https://pib.gov.in/PressReleasePage.aspx?PRID=2089421
National Fertilizers Ltd,Unknown,1,2020-05-10,2020-05-10,Despite the stringent restrictions due to COVID-19 lockdown National Fertilizers Ltd. sale jumps 71% in April 2020,https://pib.gov.in/PressReleasePage.aspx?PRID=1622635
National High Speed Rail Corporation Limited,Unknown,1,2021-10-29,2021-10-29,First Full Span 40 m Box Girder being cast for Mumbai - Ahmedabad High Speed Rail corridor by National High Speed Rail Corporation Limited (NHSRCL),https://pib.gov.in/PressReleasePage.aspx?PRID=1767606
National High Speed Rail Corporation Ltd,Unknown,1,2020-09-23,2020-09-23,National High Speed Rail Corporation Ltd. (NHSRCL) opens technical bids for one of the biggest tenders covering 47% of Mumbai-Ahmedabad High Speed Rail (MAHSR) alignment and 4 stations,https://pib.gov.in/PressReleasePage.aspx?PRID=1658361
National Highway Infrastructure Development Corporation Limited,Unknown,1,2023-03-29,2023-03-29,National Highway Infrastructure Development Corporation Limited (NHIDCL) pays dividend of Rupees Thirty-Three Crore Ninety-Nine Lakh to Government for the year 2021-22,https://pib.gov.in/PressReleasePage.aspx?PRID=1911759
National Highways & Infrastructure Development Corporation Ltd,Unknown,1,2023-05-26,2023-05-26,MoU signed between National Highways & Infrastructure Development Corporation Ltd (NHIDCL) and IIT Guwahati,https://pib.gov.in/PressReleasePage.aspx?PRID=1927500
National Highways Logistics Management Limited,Unknown,1,2022-09-21,2022-09-21,National Highways Logistics Management Limited & JNPT sign MoU for the development of Multi Modal Logistics Park (MMLP) at Jalna in Maharashtra,https://pib.gov.in/PressReleasePage.aspx?PRID=1861169
National Highways and Infrastructure Development Corporation Limited,Unknown,1,2023-12-23,2023-12-23,NHIIDCL(National Highways and Infrastructure Development Corporation Limited ) declares financial results showing increase in value of work executed from Rs 14953 crore in 2021-22 to Rs 19309 crore in 2022-23,https://pib.gov.in/PressReleasePage.aspx?PRID=1989857
National Hydro Project Corporation,Unknown,1,2022-06-18,2022-06-18,"CMD (Chairman & Managing Director), National Hydro Project Corporation (NHPC), A K Singh calls on Union Minister Dr Jitendra Singh and briefs about the ongoing projects of NHPC in Jammu & Kashmir",https://pib.gov.in/PressReleasePage.aspx?PRID=1835090
National Institute of Fashion Technology and Himachal Pradesh Horticulture Produce Marketing and Processing Corporation Ltd,Unknown,1,2025-02-25,2025-02-25,TRIFED signs MoUs with National Institute of Fashion Technology and Himachal Pradesh Horticulture Produce Marketing and Processing Corporation Ltd for facilitating tribal entrepreneurship,https://pib.gov.in/PressReleasePage.aspx?PRID=2106121
National Mineral Development Corporation Ltd,Unknown,1,2022-03-14,2022-03-14,Production of Iron Ore by National Mineral Development Corporation Ltd.,https://pib.gov.in/PressReleasePage.aspx?PRID=1805752
National Mineral Development Ltd,Unknown,1,2021-09-15,2021-09-15,National Mineral Development Ltd. wins Rajbhasha Keerthi Puraskar; The highest honour in Rajbhasha Field,https://pib.gov.in/PressReleasePage.aspx?PRID=1754981
National Payments Corporation,Unknown,1,2017-03-31,2017-03-31,National Payments Corporation of India (NPCI),https://pib.gov.in/PressReleasePage.aspx?PRID=1486352
National Safai Karamcharis Finance & Development Corporation,Unknown,1,2023-08-08,2023-08-08,AWARENESS by National Safai Karamcharis Finance & Development Corporation,https://pib.gov.in/PressReleasePage.aspx?PRID=1946719
National Scheduled Caste Finance and Development Corporation,Unknown,1,2023-07-26,2023-07-26,National Scheduled Caste Finance and Development Corporation Background,https://pib.gov.in/PressReleasePage.aspx?PRID=1942928
National Seed Corporation Limited,Unknown,1,2017-10-26,2017-10-26,"National Seed Corporation Limited handed over a dividend of 2016-17 to the Union Minister for Agriculture and Farmers Welfare, Shri Radha Mohan Singh.",https://pib.gov.in/PressReleasePage.aspx?PRID=1507177
National Seeds Corporation,Unknown,1,2025-10-27,2025-10-27,Union Agriculture Minister Shri Shivraj Singh Chouhan inaugurates National Seeds Corporation’s state-of-the-art seed processing plant,https://pib.gov.in/PressReleasePage.aspx?PRID=2182930
National Seeds Corporation Limited,Unknown,1,2025-02-04,2025-02-04,National Seeds Corporation Limited Chairman presents dividend cheque to Union Minister Shri Shivraj Singh Chouhan,https://pib.gov.in/PressReleasePage.aspx?PRID=2099594
National Small Industries Corporation,Unknown,1,2025-08-14,2025-08-14,National Small Industries Corporation enters into Memoranda of Understandings with various private sector banks under the MSME Credit facilitation program,https://pib.gov.in/PressReleasePage.aspx?PRID=2156327
National Small Industries Corporation Limited,Unknown,1,2025-10-28,2025-10-28,National Small Industries Corporation Limited (NSIC) pays a dividend of ₹43.89 crore to the Government of India for the financial year 2024-25,https://pib.gov.in/PressReleasePage.aspx?PRID=2183294
National Urban Co-operative Finance and Development Corporation,Unknown,1,2024-08-07,2024-08-07,National Urban Co-operative Finance and Development Corporation,https://pib.gov.in/PressReleasePage.aspx?PRID=2042677
National Urban Co-operative Finance and Development Corporation Limited,Unknown,1,2024-02-29,2024-02-29,"Union Home Minister and Minister of Cooperation, Shri Amit Shah to launch National Urban Co-operative Finance and Development Corporation Limited (NUCFDC), the Umbrella organization for the Urban Cooperative Banks (UCBs)...",https://pib.gov.in/PressReleasePage.aspx?PRID=2010318
National Urban Cooperative Finance and Development Corporation,Unknown,1,2025-01-22,2025-01-22,Union Home Minister and Minister of Cooperation Shri Amit Shah will inaugurate the corporate office of the National Urban Cooperative Finance and Development Corporation (NUCFDC) in Mumbai on January 24,https://pib.gov.in/PressReleasePage.aspx?PRID=2095105
National Urban Cooperative Finance and Development Corporation Limited,Unknown,1,2024-03-02,2024-03-02,"Union Home Minister and Minister of Cooperation, Shri Amit Shah inaugurates, umbrella organization for Urban Cooperative Banks, the National Urban Cooperative Finance and Development Corporation Limited (NUCFDC) in New D...",https://pib.gov.in/PressReleasePage.aspx?PRID=2010885
National Waqf Development Corporation Limited,Unknown,1,2017-12-27,2017-12-27,National Waqf Development Corporation Limited (NAWADCO),https://pib.gov.in/PressReleasePage.aspx?PRID=1514281
Nav Wireless Technologies Pvt. Ltd,Unknown,1,2024-11-29,2024-11-29,C-DAC Chennai Signs Transfer of Technology Agreement for NLOS VICINITY and ILLUMINATE with Nav Wireless Technologies Pvt. Ltd. for Commercialization,https://pib.gov.in/PressReleasePage.aspx?PRID=2078861
Nazara Technologies Limited,Unknown,1,2025-05-20,2025-05-20,"CCI approves acquisition of majority stake/control over Nazara Technologies Limited by Axana Estates LLP, Plutus Wealth Management LLP and Junomoneta Finsol Private Limited",https://pib.gov.in/PressReleasePage.aspx?PRID=2130050
NeGD and CSC E-Governance Services India Limited,Unknown,1,2020-08-26,2020-08-26,MOU signed between NeGD and CSC E-Governance Services India Limited making services on UMANG app available to citizens through the network of 3.75 lakh CSCs,https://pib.gov.in/PressReleasePage.aspx?PRID=1648784
Net Profit of Coal India Limited,Unknown,1,2018-07-30,2018-07-30,Net Profit of Coal India Limited,https://pib.gov.in/PressReleasePage.aspx?PRID=1540626
NewSpace India Ltd,Unknown,1,2022-06-08,2022-06-08,Cabinet approves Transfer of 10 In-orbit Communication Satellites from Government of India to M/s. NewSpace India Ltd.(NSIL),https://pib.gov.in/PressReleasePage.aspx?PRID=1832162
Nextbillion Technology Private Limited,Unknown,1,2021-09-09,2021-09-09,CCI approves acquisition of Indiabulls Asset Management Company Limited and Indiabulls Trustee Company Limited by Nextbillion Technology Private Limited,https://pib.gov.in/PressReleasePage.aspx?PRID=1753610
Neysa Networks Pvt Ltd,Unknown,1,2026-05-20,2026-05-20,"CCI approves the acquisition of certain shareholding in Neysa Networks Pvt Ltd by BCP Asia II Topco V Pte. Ltd., Asia II Topco XIV Pte. Ltd., and other investors",https://pib.gov.in/PressReleasePage.aspx?PRID=2263411
Nippon Life India AIF Management Limited,Unknown,1,2026-07-01,2026-07-01,CCI approves the proposed combination involving acquisition of certain shareholding in Nippon Life India AIF Management Limited by DWS Group GmbH & Co. KGaA,https://pib.gov.in/PressReleasePage.aspx?PRID=2279988
Nippon Steel Corporation,Unknown,1,2026-01-06,2026-01-06,CCI approves acquisition of Krosaki Harima Corporation by Nippon Steel Corporation,https://pib.gov.in/PressReleasePage.aspx?PRID=2211958
Nirma Limited,Unknown,1,2023-12-19,2023-12-19,CCI approves acquisition of majority shareholding of Glenmark Life Sciences Limited by Nirma Limited,https://pib.gov.in/PressReleasePage.aspx?PRID=1988450
Nitika Pharmaceutical Specialties Pvt. Ltd,Unknown,1,2025-06-02,2025-06-02,"TDB supports Indigenous Manufacturing of Complex Pharmaceutical Excipients by M/s Nitika Pharmaceutical Specialties Pvt. Ltd., Nagpur, Maharashtra",https://pib.gov.in/PressReleasePage.aspx?PRID=2133315
Nitro Asia Holdings II Pte. Ltd,Unknown,1,2026-01-27,2026-01-27,CCI approves proposed acquisition of certain unit holding in National Highways Infra Trust by Nitro Asia Holdings II Pte. Ltd.,https://pib.gov.in/PressReleasePage.aspx?PRID=2219281
Niva Bupa Health Insurance Company Limited,Unknown,1,2023-12-13,2023-12-13,Commission approves subscription to equity shares of Niva Bupa Health Insurance Company Limited by V-Sciences Investments Pte. Ltd.,https://pib.gov.in/PressReleasePage.aspx?PRID=1985947
Niva Bupa Health Insurance Limited,Unknown,1,2023-12-13,2023-12-13,CCI approves combination involving acquisition of certain equity shares and special rights in Niva Bupa Health Insurance Limited by India Business Excellence Fund – IV,https://pib.gov.in/PressReleasePage.aspx?PRID=1985948
Noccarc Robotics Private Limited,Unknown,1,2023-08-09,2023-08-09,"“TDB-DST approves support to M/s Noccarc Robotics Private Limited, Maharashtra; Company to Commercialize Digitally-Enabled Advanced Universal ICU Ventilator”",https://pib.gov.in/PressReleasePage.aspx?PRID=1947043
Noida Metro Rail Corporation and National Capital Region Transport Corporation,Unknown,1,2026-06-15,2026-06-15,"TRAI assesses Mobile Network Quality across metro routes under Delhi Metro Rail Corporation, Noida Metro Rail Corporation and National Capital Region Transport Corporation under Delhi LSA",https://pib.gov.in/PressReleasePage.aspx?PRID=2272941
North East Development Finance Corporation,Unknown,1,2024-12-21,2024-12-21,"Union Home Minister and Minister of Cooperation Shri Amit Shah addresses the North East Bankers Conclave 2024, organized by the North East Development Finance Corporation (NEDFI) in Agartala, Tripura",https://pib.gov.in/PressReleasePage.aspx?PRID=2086893
North Eastern Development Finance Corporation,Unknown,1,2022-03-14,2022-03-14,North Eastern Development Finance Corporation,https://pib.gov.in/PressReleasePage.aspx?PRID=1805727
North Eastern Handicrafts and Handloom Development Corporation,Unknown,1,2023-10-04,2023-10-04,"North Eastern Handicrafts and Handloom Development Corporation (NEHHDC) Ministry of Development of North Eastern Region and Department of Heritage & Tourism, Government of Haryana Sign Historic MoU",https://pib.gov.in/PressReleasePage.aspx?PRID=1964580
North Eastern Handicrafts and Handlooms Development Corporation,Unknown,1,2024-01-01,2024-01-01,"North Eastern Handicrafts and Handlooms Development Corporation to establish Ashtlaxmi Haat & Experience Centre in Guwahati, Assam",https://pib.gov.in/PressReleasePage.aspx?PRID=1992108
North Eastern Regional Agricultural Marketing Corporation,Unknown,1,2023-07-21,2023-07-21,North Eastern Regional Agricultural Marketing Corporation (NERAMAC) organized Showcasing Tripura at Varanasi,https://pib.gov.in/PressReleasePage.aspx?PRID=1941439
Northern Arc Capital Limited,Unknown,1,2024-04-02,2024-04-02,CCI approves acquisition of Compulsorily Convertible Preference Shares (CCPS) in Northern Arc Capital Limited by International Finance Corporation (IFC),https://pib.gov.in/PressReleasePage.aspx?PRID=2016987
Northern Coal Fields Limited,Unknown,1,2024-05-17,2024-05-17,BEML secures Rs 250 crore order from Northern Coal Fields Limited for 28 BH100 Rear Dump Trucks,https://pib.gov.in/PressReleasePage.aspx?PRID=2020881
Northern Coal Fields Ltd,Unknown,1,2025-09-15,2025-09-15,Northern Coal Fields Ltd. Joins hands with Ministry of Tribal Affairs for Capacity Building in EMRS under CSR,https://pib.gov.in/PressReleasePage.aspx?PRID=2166899
Northern Coal Limited,Unknown,1,2025-12-04,2025-12-04,Northern Coal Limited & Oil India limited Sign MoU with NSTFDC for execution of CSR funded infrastructure development of Eklavya Model Residential Schools,https://pib.gov.in/PressReleasePage.aspx?PRID=2198917
Northern Coalfields Ltd,Unknown,1,2021-09-05,2021-09-05,"Northern Coalfields Ltd (NCL), Ministry of Coal Inaugurates Rs. 2.25 Crore CSR initiatives in Singrauli District As part of Azadi ka Amrit Mahotsav Celebrations Benefitting Thousands of Villagers",https://pib.gov.in/PressReleasePage.aspx?PRID=1752288
Novartis Healthcare Private Limited,Unknown,1,2026-04-15,2026-04-15,NIPER Mohali signs grant agreement with Novartis Healthcare Private Limited (NHPL) to Support Faculty Research Through Development Pioneer Grant,https://pib.gov.in/PressReleasePage.aspx?PRID=2252190
Nuclear Power Corporation of India Limited,Unknown,1,2022-12-08,2022-12-08,"Union Minister Dr Jitendra says, Nuclear Power Corporation of India Limited (NPCIL) has so far spent about Rs. 663 crores on its CSR programmes, of which about 70% was incurred on development of infrastructure facilities...",https://pib.gov.in/PressReleasePage.aspx?PRID=1881736
Numaligarh Refinery Ltd,Unknown,1,2023-08-24,2023-08-24,Inland Waterways Authority of India (IWAI) signs MoU with Numaligarh Refinery Ltd (NRL) for export of Petroleum Cargo via NW 2 & IBPR,https://pib.gov.in/PressReleasePage.aspx?PRID=1951726
Nuvoco Vistas Corporation Limited,Unknown,1,2020-05-21,2020-05-21,CCI approves acquisition of Emami Cement Limited by Nuvoco Vistas Corporation Limited,https://pib.gov.in/PressReleasePage.aspx?PRID=1625859
Nxtra Data Limited,Unknown,1,2020-08-27,2020-08-27,CCI approves proposed acquisition of compulsorily convertible preference shares and equity of Nxtra Data Limited by Comfort Investments II.,https://pib.gov.in/PressReleasePage.aspx?PRID=1648955
Nxtra Data Ltd,Unknown,1,2026-06-23,2026-06-23,"CCI approves acquisition of certain shareholding in Nxtra Data Ltd (Target) by Alpha Wave Ventures II, LP (Acquirer)",https://pib.gov.in/PressReleasePage.aspx?PRID=2277129
O2 Power Midco Holdings Pte. Ltd. and O2 Energy SG Pte. Ltd,Unknown,1,2025-03-17,2025-03-17,CCI approves the proposed acquisition of 100% shareholding of O2 Power Midco Holdings Pte. Ltd. and O2 Energy SG Pte. Ltd. by JSW Neo Energy Limited.,https://pib.gov.in/PressReleasePage.aspx?PRID=2112020
OLA Electric Technologies Pvt. Ltd,Unknown,1,2024-03-04,2024-03-04,"ICAT, Manesar awards the First PLI- Automotive Certificate to OLA Electric Technologies Pvt. Ltd.",https://pib.gov.in/PressReleasePage.aspx?PRID=2011267
OMERS Infrastructure Asia Holdings Pte. Ltd,Unknown,1,2021-07-30,2021-07-30,"CCI receives notice of acquisition under Green Channel of 19.36% (approx.) in Azure Power Global Limited by OMERS Infrastructure Asia Holdings Pte. Ltd., from its existing shareholders",https://pib.gov.in/PressReleasePage.aspx?PRID=1740795
ONGC Ltd,Unknown,1,2026-01-05,2026-01-05,ONGC Ltd. signed MoU with NSTFDC for execution of CSR funded infrastructure development of Eklavya Model Residential Schools,https://pib.gov.in/PressReleasePage.aspx?PRID=2211593
ONGC NTPC Green Private Limited,Unknown,1,2025-03-11,2025-03-11,CCI approves the proposed combination involving acquisition of Ayana Renewable Power Private Limited (Target) by ONGC NTPC Green Private Limited (Acquirer),https://pib.gov.in/PressReleasePage.aspx?PRID=2110448
ONGC Tripura Power Company Limited,Unknown,1,2021-09-09,2021-09-09,CCI approves acquisition of ONGC Tripura Power Company Limited (Target) by GAIL (India) Limited (Acquirer),https://pib.gov.in/PressReleasePage.aspx?PRID=1753609
ORIX Corporation,Unknown,1,2020-11-12,2020-11-12,CCI approves the acquisition of (i) Orix Wind SPVs by Greenko Energy Holdings (GEH) from ORIX Corporation (Orix) and (ii) equity stake in GEH by Orix,https://pib.gov.in/PressReleasePage.aspx?PRID=1672357
Odisha Hydro Power Corporation Limited,Unknown,1,2020-12-08,2020-12-08,CCI approves acquisition of shares of Odisha Power Generation Corporation Ltd (OPGC) by Odisha Hydro Power Corporation Limited (OHPC),https://pib.gov.in/PressReleasePage.aspx?PRID=1679124
Odisha Power Generation Corporation Limited,Unknown,1,2020-07-30,2020-07-30,CCI approves proposed acquisition of 49% of the total equity share capital of Odisha Power Generation Corporation Limited (OPGC) by Adani Power Limited (APL),https://pib.gov.in/PressReleasePage.aspx?PRID=1642410
Odisha Power Generation Corporation Ltd,Unknown,1,2020-12-08,2020-12-08,CCI approves acquisition of shares of Odisha Power Generation Corporation Ltd (OPGC) by Odisha Hydro Power Corporation Limited (OHPC),https://pib.gov.in/PressReleasePage.aspx?PRID=1679124
Oerlikon Textile Inc,Unknown,1,2025-09-23,2025-09-23,"CCI approves the acquisition of OC Oerlikon Textile Holding AG, Pfäffikon and Oerlikon Textile Inc. (collectively Targets) by Rieter Holding AG and Rieter North America Inc. (collectively Acquirers)",https://pib.gov.in/PressReleasePage.aspx?PRID=2170263
Oil India Limited,Unknown,1,2026-03-12,2026-03-12,Oil India Limited Signs MoU with National Scheduled Tribes Finance and Development Corporation (NSTFDC) to Strengthen Healthcare Facilities in Tribal Areas of Madhya Pradesh,https://pib.gov.in/PressReleasePage.aspx?PRID=2239317
Ola Electric Mobility Private Limited,Unknown,1,2019-10-30,2019-10-30,"CCI approves the acquisition of shareholding in ANI Technologies Private Limited (ANI) and Ola Electric Mobility Private Limited (OEM) by Hyundai Motor Company (HMC) and Kia Motors Corporation (KMC), under Section 31(1) ...",https://pib.gov.in/PressReleasePage.aspx?PRID=1589640
Olam Agri Holdings Limited,Unknown,1,2025-09-30,2025-09-30,CCI approves the Saudi Agricultural and Livestock Investment Company’s (SALIC/Acquirer) proposed indirect acquisition of 44.58% and up to 64.57% of the issued share capital of Olam Agri Holdings Limited (Olam Agri/Target...,https://pib.gov.in/PressReleasePage.aspx?PRID=2173329
Olam Agri Holdings Pte. Ltd,Unknown,1,2022-08-30,2022-08-30,CCI approves acquisition of shares in Olam Agri Holdings Pte. Ltd. by SALIC International Investment Company,https://pib.gov.in/PressReleasePage.aspx?PRID=1855576
Olectra Greentech Limited,Unknown,1,2026-07-07,2026-07-07,"Olectra Greentech Limited, Montra Electric (TI Clean Mobility Private Limited) also join the Government of India scheme to provide discount for the replacement of old trucks and buses in Delhi-NCR",https://pib.gov.in/PressReleasePage.aspx?PRID=2282223
Omnicom Group Inc,Unknown,1,2025-06-03,2025-06-03,"CCI approves proposed acquisition of The Interpublic Group of Companies, Inc. by Omnicom Group Inc.",https://pib.gov.in/PressReleasePage.aspx?PRID=2133621
One2X Tech Pvt. Ltd,Unknown,1,2026-08-20,2026-08-20,"TDB-DST Supports M/s One2X Tech Pvt. Ltd., Delhi, for Commercialization of Indigenous Agentic AI Technology",https://pib.gov.in/PressReleasePage.aspx?PRID=2301515
Ontario Limited,Unknown,1,2023-09-20,2023-09-20,CCI approves acquisition of additional unit holding in Highways Infrastructure Trust by 2452991 Ontario Limited and acquisition of equity stake in Highway Concessions One Private Limited by 2743298 Ontario Limited,https://pib.gov.in/PressReleasePage.aspx?PRID=1959121
Opal Bidco Pte. Ltd,Unknown,1,2026-07-15,2026-07-15,CCI approves acquisition by Opal Bidco Pte. Ltd. of 100% shareholding in STT GDC Pte. Ltd.,https://pib.gov.in/PressReleasePage.aspx?PRID=2285035
Optimus Drugs Private Limited,Unknown,1,2022-08-13,2022-08-13,CCI approves (a) acquisition of majority shareholding in Optimus Drugs Private Limited (ODPL) by Sekhmet Pharmaventures Private Limited (Sekhmet); and (b) ODPL’s acquisition of shareholding in Optimus Pharma Private Limi...,https://pib.gov.in/PressReleasePage.aspx?PRID=1851606
Orange Koi Private Limited,Unknown,1,2022-03-30,2022-03-30,"TDB supports M/s Orange Koi Private Limited, Vishakhapatnam for development & commercialization of ‘Metal Injection Molding of Implants, Robotic Surgical Instruments & Devices",https://pib.gov.in/PressReleasePage.aspx?PRID=1811468
Orient Cement Limited,Unknown,1,2025-03-05,2025-03-05,CCI approves the proposed acquisition of up to 72.8% shareholding of Orient Cement Limited by Ambuja Cements Limited,https://pib.gov.in/PressReleasePage.aspx?PRID=2108314
Otter Limited,Unknown,1,2020-03-11,2020-03-11,CCI approves acquisition of additional equity shares in Hero FinCorp Limited by Otter Limited and Link Investment Trust,https://pib.gov.in/PressReleasePage.aspx?PRID=1606025
Over Rajasthan-IV H-1 Power Transmission Limited,Unknown,1,2024-10-15,2024-10-15,RECPDCL hands Over Rajasthan-IV H-1 Power Transmission Limited to M/s Power Grid Corporation of India Limited,https://pib.gov.in/PressReleasePage.aspx?PRID=2065015
PFC Infra Finance IFSC Limited,Unknown,1,2024-10-16,2024-10-16,IFSC’s First Finance Company for Power & Infrastructure lending i.e. PFC Infra Finance IFSC Limited to commence operations – Receives approval from IFSCA,https://pib.gov.in/PressReleasePage.aspx?PRID=2065558
PFC Ltd,Unknown,1,2021-01-14,2021-01-14,"Public Issue of Debentures amounting to Rs. 5,000 crores by PFC Ltd. opens on January 15, 2021",https://pib.gov.in/PressReleasePage.aspx?PRID=1688491
PFC Projects Limited,Unknown,1,2023-10-03,2023-10-03,"CCI approves 100% shareholding of Lanco Amarkantak Power Limited by PFC Projects Limited, REC Limited, SJVN Limited and Damodar Valley Corporation",https://pib.gov.in/PressReleasePage.aspx?PRID=1963826
PGP Glass Private Limited,Unknown,1,2021-02-23,2021-02-23,CCI approves various acquisition proposals by PGP Glass Private Limited,https://pib.gov.in/PressReleasePage.aspx?PRID=1700104
PMBI and Coal India Limited,Unknown,1,2024-09-17,2024-09-17,PMBI and Coal India Limited sign MoU to provide high-quality generic medicines through establishment of Jan Aushadhi Kendras across Coal India premises,https://pib.gov.in/PressReleasePage.aspx?PRID=2055707
PNB Housing Finance Limited,Unknown,1,2021-08-04,2021-08-04,"CCI receives notice relating to acquisition of equity stake in PNB Housing Finance Limited by Pluto Investments S.à r.l. and Salisbury Investments Private Limited, under Green Channel and is deemed approved",https://pib.gov.in/PressReleasePage.aspx?PRID=1742299
POSCO India Processing Center Private Limited,Unknown,1,2025-02-04,2025-02-04,CCI approves the proposed acquisition of certain shareholding in POSCO - India Pune Processing Center Private Limited by POSCO India Processing Center Private Limited,https://pib.gov.in/PressReleasePage.aspx?PRID=2099806
POWERGRID Jabalpur Transmission Limited,Unknown,1,2019-01-02,2019-01-02,POWERGRID Jabalpur Transmission Limited successfully commissions ‘Transmission System Strengthening associated with Vindhyachal-V’,https://pib.gov.in/PressReleasePage.aspx?PRID=1558227
PSA Bharat Investments Pte. Ltd,Unknown,1,2025-08-27,2025-08-27,CCI approves the acquisition of an additional 40% shareholding by PSA India Pte. Ltd. (Acquirer) in PSA Bharat Investments Pte. Ltd. (Target).,https://pib.gov.in/PressReleasePage.aspx?PRID=2161136
PSA India Pte. Ltd,Unknown,1,2025-08-27,2025-08-27,CCI approves the acquisition of an additional 40% shareholding by PSA India Pte. Ltd. (Acquirer) in PSA Bharat Investments Pte. Ltd. (Target).,https://pib.gov.in/PressReleasePage.aspx?PRID=2161136
PSP Projects Limited,Unknown,1,2025-03-05,2025-03-05,Commission approves acquisition of equity shares of PSP Projects Limited by Adani Infra (India) Limited,https://pib.gov.in/PressReleasePage.aspx?PRID=2108315
PTC India Limited,Unknown,1,2022-08-30,2022-08-30,NHPC inks MoU with PTC India Limited for sale of power to be generated from upcoming West Seti & Seti River-6 Projects in Nepal,https://pib.gov.in/PressReleasePage.aspx?PRID=1855579
Paharpur Cooling Towers Limited,Unknown,1,2024-04-16,2024-04-16,CCI approves acquisition of additional shareholding of Thyssenkrupp Industries India Private Limited by Protos Engineering Company Private Limited (Protos) and Paharpur Cooling Towers Limited (Paharpur),https://pib.gov.in/PressReleasePage.aspx?PRID=2018075
Panatone Finvest Limited,Unknown,1,2021-02-23,2021-02-23,CCI approves acquisition of Tata Communications Limited by Panatone Finvest Limited,https://pib.gov.in/PressReleasePage.aspx?PRID=1700106
Parexel International Corporation,Unknown,1,2021-10-25,2021-10-25,"CCI approves acquisition of Parexel International Corporation by Phoenix Parentco, Inc.",https://pib.gov.in/PressReleasePage.aspx?PRID=1766361
Patanjali Ayurved Limited,Unknown,1,2024-10-09,2024-10-09,CCI approves the acquisition of Home and Personal Care (HPC) division of Patanjali Ayurved Limited (PAL) by Patanjali Foods Limited (PFL),https://pib.gov.in/PressReleasePage.aspx?PRID=2063392
Patanjali Foods Limited,Unknown,1,2024-10-09,2024-10-09,CCI approves the acquisition of Home and Personal Care (HPC) division of Patanjali Ayurved Limited (PAL) by Patanjali Foods Limited (PFL),https://pib.gov.in/PressReleasePage.aspx?PRID=2063392
Pawan Hans Limited,Unknown,1,2022-04-29,2022-04-29,Strategic Buyer approved for disinvestment of Pawan Hans Limited,https://pib.gov.in/PressReleasePage.aspx?PRID=1821380
Pawan Hans Ltd,Unknown,1,2023-02-09,2023-02-09,Pawan Hans Ltd inaugurates multiple helicopter routes in Assam under RCS UDAN,https://pib.gov.in/PressReleasePage.aspx?PRID=1897656
PayU Payments Private Limited,Unknown,1,2022-09-05,2022-09-05,CCI approves acquisition of 100% of equity share capital of IndiaIdeas.com Limited (IIL) by PayU Payments Private Limited,https://pib.gov.in/PressReleasePage.aspx?PRID=1856891
Paytm Payments Bank Ltd,Unknown,1,2024-03-01,2024-03-01,"Financial Intelligence Unit-India (FIU-IND) imposes penalty of Rs. 5,49,00,000 on Paytm Payments Bank Ltd with reference to violations of its obligations under PMLA",https://pib.gov.in/PressReleasePage.aspx?PRID=2010719
Peabody MNG Pty Ltd and Peabody SMC Pty Ltd,Unknown,1,2025-03-17,2025-03-17,CCI approves acquisition of steel-making coal portfolio of Anglo American plc in Australia by Peabody MNG Pty Ltd and Peabody SMC Pty Ltd,https://pib.gov.in/PressReleasePage.aspx?PRID=2112022
Pegatron Technology India Pvt. Ltd,Unknown,1,2025-01-07,2025-01-07,CCI approves the acquisition of certain shareholding of Pegatron Technology India Pvt. Ltd. (Pegatron India) by Tata Electronics Pvt. Ltd. (TEPL) and the transfer of TEL Components Pvt. Ltd.(TEL)’s business undertaking t...,https://pib.gov.in/PressReleasePage.aspx?PRID=2090960
Peptris Technologies Pvt. Ltd,Unknown,1,2024-03-20,2024-03-20,Technology Development Board -Department of Science & Technology provides M/s Peptris Technologies Pvt. Ltd. and Foundation for Neglected Disease Research (FNDR) with ₹75 Lakhs Grant for Innovative Antibiotic Development...,https://pib.gov.in/PressReleasePage.aspx?PRID=2015763
Performance of Rail Vikas Nigam Limited,Unknown,1,2019-11-29,2019-11-29,Performance of Rail Vikas Nigam Limited,https://pib.gov.in/PressReleasePage.aspx?PRID=1594267
Pfizer Limited,Unknown,1,2025-09-04,2025-09-04,DPIIT signs MoU with Pfizer Limited to strengthen India’s healthcare innovation ecosystem,https://pib.gov.in/PressReleasePage.aspx?PRID=2163676
Phillips Machine Tools India Pvt. Ltd,Unknown,1,2022-10-20,2022-10-20,NSIC Signs MoU with Phillips Machine Tools India Pvt. Ltd.,https://pib.gov.in/PressReleasePage.aspx?PRID=1869691
Piramal Enterprises Limited,Unknown,1,2019-12-10,2019-12-10,CCI approves subscription of compulsorily convertible debentures (CCDs) of Piramal Enterprises Limited (Piramal Enterprises) by Caisse de dépôt et placement du Québec,https://pib.gov.in/PressReleasePage.aspx?PRID=1595767
Piramal Pharma Limited,Unknown,1,2020-09-12,2020-09-12,CCI approves proposed combination involving acquisition of 20% of the issued and paid-up equity share capital of Piramal Pharma Limited (Pharma Co.) by CA Clover Intermediate II Investments (Curie),https://pib.gov.in/PressReleasePage.aspx?PRID=1653537
Pixxel Space India Pvt. Limited,Unknown,1,2023-06-26,2023-06-26,Ministry of Agriculture & Farmers Welfare signed a MOU with Pixxel Space India Pvt. Limited,https://pib.gov.in/PressReleasePage.aspx?PRID=1935428
Planys Technologies Private Limited,Unknown,1,2022-12-21,2022-12-21,"TDB-DST aids M/s Planys Technologies Private Limited, Chennai for commercialization of ‘Remotely operated vehicles (ROVs)",https://pib.gov.in/PressReleasePage.aspx?PRID=1885422
Plutus Wealth Management LLP and Junomoneta Finsol Private Limited,Unknown,1,2025-05-20,2025-05-20,"CCI approves acquisition of majority stake/control over Nazara Technologies Limited by Axana Estates LLP, Plutus Wealth Management LLP and Junomoneta Finsol Private Limited",https://pib.gov.in/PressReleasePage.aspx?PRID=2130050
Ports May Acquire Controlling Stakes Indredging Corporation of India Limited,Unknown,1,2018-08-06,2018-08-06,Ports May Acquire Controlling Stakes Indredging Corporation of India Limited,https://pib.gov.in/PressReleasePage.aspx?PRID=1541744
Power Finance Corporation Ltd,Unknown,1,2024-09-27,2024-09-27,Power Finance Corporation Ltd. Undertakes Series of Swachhata Initiatives in New Delhi,https://pib.gov.in/PressReleasePage.aspx?PRID=2059387
Power Foundation and Climate Policy Initiative India Pvt. Ltd,Unknown,1,2023-03-15,2023-03-15,Power Foundation and Climate Policy Initiative India Pvt. Ltd. sign MoU to advance Sustainable Development in Power Sector,https://pib.gov.in/PressReleasePage.aspx?PRID=1907223
Power Grid Corporation of India Ltd,Unknown,1,2024-09-21,2024-09-21,DRDO Transfers High-Altitude Sustenance Technologies to Power Grid Corporation of India Ltd,https://pib.gov.in/PressReleasePage.aspx?PRID=2057261
Power System Operation Corporation Limited,Unknown,1,2022-11-14,2022-11-14,Power System Operation Corporation Limited is now Grid Controller of India Limited,https://pib.gov.in/PressReleasePage.aspx?PRID=1875864
Praga Tools Limited,Unknown,1,2017-04-05,2017-04-05,Revival Package for Praga Tools Limited,https://pib.gov.in/PressReleasePage.aspx?PRID=1486726
Prataap Snacks Limited,Unknown,1,2024-12-31,2024-12-31,CCI approves the proposed combination involving acquisition of 72.89% voting share capital in Prataap Snacks Limited by Authum Investment & Infrastructure Limited and Ms. Mahi Madhusudan Kela,https://pib.gov.in/PressReleasePage.aspx?PRID=2089053
President & CEO of Qualcomm Inc,Unknown,1,2026-02-20,2026-02-20,President & CEO of Qualcomm Inc. Meets Prime Minister,https://pib.gov.in/PressReleasePage.aspx?PRID=2230989
President of India Inaugurates Integrated Cryogenic Engine Manufacturing Facility of Hindustan Aeronautics Limited,Unknown,1,2022-09-27,2022-09-27,President of India Inaugurates Integrated Cryogenic Engine Manufacturing Facility of Hindustan Aeronautics Limited; Also Lays The Foundation Stone for The Zonal Institute of Virology (South Zone),https://pib.gov.in/PressReleasePage.aspx?PRID=1862493
Price of Food Corporation,Unknown,1,2021-05-01,2021-05-01,Price of Food Corporation of India rice used in ethanol production remains unchanged for FY 2021-22,https://pib.gov.in/PressReleasePage.aspx?PRID=1715425
Pricol Limited,Unknown,1,2024-02-20,2024-02-20,CCI approves acquisition of up to 8.79% (approx.) of equity share capital of Pricol Limited by Minda Corporation Limited,https://pib.gov.in/PressReleasePage.aspx?PRID=2007471
Prime Minister Inaugurates Hindustan Urvarak & Rasayan Ltd,Unknown,1,2024-03-02,2024-03-02,Prime Minister Inaugurates Hindustan Urvarak & Rasayan Ltd (HURL) fertilizer plant in Barauni,https://pib.gov.in/PressReleasePage.aspx?PRID=2010953
Prime Time Logistics Technologies Private Limited,Unknown,1,2023-02-09,2023-02-09,CCI approves acquisition of 20% equity share capital of Keimed Private Limited by Ms. Shobana Kamineni through Prime Time Logistics Technologies Private Limited,https://pib.gov.in/PressReleasePage.aspx?PRID=1897828
Primus Partners Pvt. Ltd,Unknown,1,2025-10-23,2025-10-23,DPIIT signs MoU with Primus Partners Pvt. Ltd. to strengthen the startup ecosystem,https://pib.gov.in/PressReleasePage.aspx?PRID=2181809
Principal Asset Management Private Limited,Unknown,1,2021-04-06,2021-04-06,"CCI approves proposed combination relating to acquisition of Principal Asset Management Private Limited, Principal Trustee Company Private Limited and Principal Retirement Advisors Private Limited by Sundaram Asset Manag...",https://pib.gov.in/PressReleasePage.aspx?PRID=1709892
Principal Trustee Company Private Limited and Principal Retirement Advisors Private Limited,Unknown,1,2021-04-06,2021-04-06,"CCI approves proposed combination relating to acquisition of Principal Asset Management Private Limited, Principal Trustee Company Private Limited and Principal Retirement Advisors Private Limited by Sundaram Asset Manag...",https://pib.gov.in/PressReleasePage.aspx?PRID=1709892
Prione Business Services Private Limited,Unknown,1,2022-03-10,2022-03-10,CCI approves acquisition of Prione Business Services Private Limited by Amazon Asia-Pacific Resources Private Limited,https://pib.gov.in/PressReleasePage.aspx?PRID=1804667
Pritam International Private Limited,Unknown,1,2024-04-02,2024-04-02,"CCI approves subscription of compulsorily convertible preference shares of Pritam International Private Limited by India Advantage Fund S5 I, HCL Corp, Mirabilis Investment Trust, Mr. Aashil Apurva Shah and Mr. Ansh Ashi...",https://pib.gov.in/PressReleasePage.aspx?PRID=2016985
Private Limited and Ibibo Group Private Limited,Unknown,1,2021-08-18,2021-08-18,Ministry of Tourism Signs MOUs with MakeMyTrip(India) Private Limited and Ibibo Group Private Limited to strengthen hospitality and tourism industry in the country especially in pandemic times,https://pib.gov.in/PressReleasePage.aspx?PRID=1747159
Private Limited and Invesco Trustee Private Limited,Unknown,1,2024-08-20,2024-08-20,Commission approves acquisition of shareholding in each of Invesco Asset Management (India) Private Limited and Invesco Trustee Private Limited by IndusInd International Holdings Limited,https://pib.gov.in/PressReleasePage.aspx?PRID=2047065
Private Limited and MMTC PAMP India Private Limited,Unknown,1,2024-04-16,2024-04-16,CCI approves acquisition of stake in PAMP Technologies (India) Private Limited and MMTC PAMP India Private Limited by PAMP Ventures SA,https://pib.gov.in/PressReleasePage.aspx?PRID=2018076
Privatisation of Dredging Corporation of India Limited,Unknown,1,2017-07-27,2017-07-27,Privatisation of Dredging Corporation of India Limited,https://pib.gov.in/PressReleasePage.aspx?PRID=1497407
Privatisation of Neelachal Ispat Nigam Ltd,Unknown,1,2022-01-31,2022-01-31,Strategic Buyer Approved for Privatisation of Neelachal Ispat Nigam Ltd,https://pib.gov.in/PressReleasePage.aspx?PRID=1793798
Proposed Merger of Girnar Finserv Private Limited,Unknown,1,2025-11-07,2025-11-07,CCI approves the Proposed Merger of Girnar Finserv Private Limited; Girnar Insurance Brokers Private Limited; D2C Consulting Services Private Limited; RB Info Services Private Limited into Artivatic Data Labs Private Lim...,https://pib.gov.in/PressReleasePage.aspx?PRID=2187558
Protos Engineering Company Private Limited,Unknown,1,2024-04-16,2024-04-16,CCI approves acquisition of additional shareholding of Thyssenkrupp Industries India Private Limited by Protos Engineering Company Private Limited (Protos) and Paharpur Cooling Towers Limited (Paharpur),https://pib.gov.in/PressReleasePage.aspx?PRID=2018075
Prudential Corporation,Unknown,1,2026-08-19,2026-08-19,CCI approves acquisition of certain equity shareholding in Bharti Life Insurance Company by Prudential Corporation Holdings,https://pib.gov.in/PressReleasePage.aspx?PRID=2300955
Pte Ltd,Unknown,1,2025-03-17,2025-03-17,CCI approves the acquisition of certain additional shareholding in Tata Play Limited (Tata Play) by Tata Sons Private Limited (Tata Sons) from Baytree Investments (Mauritius) Pte Ltd.,https://pib.gov.in/PressReleasePage.aspx?PRID=2112017
Pte. Limited,Unknown,1,2019-10-01,2019-10-01,"CCI approves the acquisition of shareholding in GMR Airports Limited (“GAL”) by TRIL Urban Transport Private Limited (“TUTPL”), Valkyrie Investment Pte. Ltd. (“Valkyrie”) and Solis Capital (Singapore) Pte. Limited (“Soli...",https://pib.gov.in/PressReleasePage.aspx?PRID=1586875
Pte. Ltd. and Reliance Projects & Property Management Services Limited,Unknown,1,2022-09-22,2022-09-22,"CCI approves amalgamation of Jio Cinema OTT platform with Viacom 18 Media Private Limited, following an investment by BTS Investment 1 Pte. Ltd. and Reliance Projects & Property Management Services Limited",https://pib.gov.in/PressReleasePage.aspx?PRID=1861387
Pty Ltd,Unknown,1,2025-02-18,2025-02-18,Competition Commission of India (CCI) approves the acquisition of certain interest in Blackwater Coal Mine by NS Blackwater Pty Limited and JFE Steel Australia (BW) Pty Ltd,https://pib.gov.in/PressReleasePage.aspx?PRID=2104453
Punjab State Power Corporation Ltd,Unknown,1,2024-01-02,2024-01-02,CCI approves acquisition of 100% shareholding of GVK Power (Goindwal Sahib) Limited by Punjab State Power Corporation Ltd.,https://pib.gov.in/PressReleasePage.aspx?PRID=1992500
Puran Associates Private Limited,Unknown,1,2024-01-24,2024-01-24,"CCI approves acquisition of shareholding in Religare Enterprises Limited by Puran Associates Private Limited, M.B. Finmart Private Limited, and VIC Enterprises Private Limited, Milky Investment and Trading Company",https://pib.gov.in/PressReleasePage.aspx?PRID=1999119
Puretronics India Private Limited,Unknown,1,2026-06-30,2026-06-30,"“TDB-DST Supports M/s Puretronics India Private Limited, Mumbai for Commercialization of India’s First Contactless Programmable Load Measurement System”",https://pib.gov.in/PressReleasePage.aspx?PRID=2279369
Pushpanjli Finsolutions Limited,Unknown,1,2023-12-19,2023-12-19,"CCI approves scheme of arrangement involving Dhani Services Limited, Indiabulls Enterprises Limited, Savren Medicare Limited, Auxesia Soft Solutions Limited, Gyansagar Buildtech Limited, Pushpanjli Finsolutions Limited, ...",https://pib.gov.in/PressReleasePage.aspx?PRID=1988452
Pvt Ltd,Unknown,1,2019-08-26,2019-08-26,Contract for installation and commissioning of nine Precision Approach Radars concludes between MoD and M/s Data Pattern (India) Pvt Ltd,https://pib.gov.in/PressReleasePage.aspx?PRID=1583048
Pvt. Ltd. and Mirae Asset Securities Co. Ltd,Unknown,1,2024-04-02,2024-04-02,"CCI approves acquisition of 100% equity stake of Sharekhan Ltd. and Human Value Developers Pvt. Ltd. collectively by Mirae Asset Capital Markets (India) Pvt. Ltd. and Mirae Asset Securities Co. Ltd., respectively",https://pib.gov.in/PressReleasePage.aspx?PRID=2016986
Quality Care India Limited,Unknown,1,2023-09-20,2023-09-20,CCI approves acquisition of approximately 24.16% of total equity shareholding in Quality Care India Limited by Centella Mauritius Holdings Limited,https://pib.gov.in/PressReleasePage.aspx?PRID=1959117
Quality Council of India and National Small Industries Corporation,Unknown,1,2026-07-09,2026-07-09,"Quality Council of India and National Small Industries Corporation Sign MoU to Strengthen Quality, Competitiveness and Market Access for MSMEs",https://pib.gov.in/PressReleasePage.aspx?PRID=2282891
Qube Cinema Technologies Pvt. Ltd,Unknown,1,2025-04-16,2025-04-16,"CCI imposes monetary and non-monetary sanctions on UFO Moviez India Pvt. (along with its subsidiary Scrabble Digital Ltd.) and Qube Cinema Technologies Pvt. Ltd., for indulging in anti-competitive conduct",https://pib.gov.in/PressReleasePage.aspx?PRID=2122187
Quest Global Services Pte. Ltd,Unknown,1,2025-08-19,2025-08-19,CCI approves acquisition of certain equity stake in Quest Global Services Pte. Ltd. by the CA Plume Investments and Bequest Inc.,https://pib.gov.in/PressReleasePage.aspx?PRID=2158149
R Systems International Limited,Unknown,1,2023-02-13,2023-02-13,CCI approves combination involving acquisition of up to 100% shareholding in R Systems International Limited by BCP Asia II Topco II Pte. Ltd,https://pib.gov.in/PressReleasePage.aspx?PRID=1898911
RB Info Services Private Limited,Unknown,1,2025-11-07,2025-11-07,CCI approves the Proposed Merger of Girnar Finserv Private Limited; Girnar Insurance Brokers Private Limited; D2C Consulting Services Private Limited; RB Info Services Private Limited into Artivatic Data Labs Private Lim...,https://pib.gov.in/PressReleasePage.aspx?PRID=2187558
RBL Bank Ltd,Unknown,1,2026-01-20,2026-01-20,CCI approves proposed acquisition of certain shareholding in RBL Bank Ltd. by Emirates NBD Bank (P.J.S.C.),https://pib.gov.in/PressReleasePage.aspx?PRID=2216556
REC Limited and Damodar Valley Corporation,Unknown,1,2024-02-14,2024-02-14,REC Limited and Damodar Valley Corporation sign agreements worth ₹ 588 crores for Development of Tubed Coal Mines in Damodar Valley Region,https://pib.gov.in/PressReleasePage.aspx?PRID=2006022
REC Limited and National Investment and Infrastructure Fund Limited,Unknown,1,2024-01-26,2024-01-26,REC Limited and National Investment and Infrastructure Fund Limited to collaborate on funding solutions for renewable energy projects and large infra projects,https://pib.gov.in/PressReleasePage.aspx?PRID=1999861
RECPDCL Hands Over Rajasthan IV-A Power Transmission Limited,Unknown,1,2024-08-22,2024-08-22,RECPDCL Hands Over Rajasthan IV-A Power Transmission Limited to M/s Apraava Energy Private Limited,https://pib.gov.in/PressReleasePage.aspx?PRID=2047582
RM Reviews Operationalisation of JV Indo Russian Rifles Private Limited,Unknown,1,2019-07-16,2019-07-16,RM Reviews Operationalisation of JV Indo Russian Rifles Private Limited,https://pib.gov.in/PressReleasePage.aspx?PRID=1579042
RailTel Corporation of India Ltd,Unknown,1,2019-09-27,2019-09-27,RailTel Corporation of India Ltd post net profit of Rs.110 crore during 2018-19,https://pib.gov.in/PressReleasePage.aspx?PRID=1586523
Raj Petro Specialities Private Limited,Unknown,1,2025-03-05,2025-03-05,CCI approves the proposed acquisition of 100% equity share capital of Raj Petro Specialities Private Limited by Shell Deutschland GmbH and Shell Overseas Investments B.V.,https://pib.gov.in/PressReleasePage.aspx?PRID=2108313
Rajadhiraja Limited,Unknown,1,2025-11-07,2025-11-07,CCI approves acquisition of a certain shareholding in La Renon Healthcare Private Limited by Rajadhiraja Limited.,https://pib.gov.in/PressReleasePage.aspx?PRID=2187557
Rajasthan Electronics Instruments Limited,Unknown,1,2017-07-18,2017-07-18,Rajasthan Electronics Instruments Limited,https://pib.gov.in/PressReleasePage.aspx?PRID=1495944
Rajasthan Urja Vikas and IT Services Limited,Unknown,1,2024-01-04,2024-01-04,"Ratle Hydroelectric Project, Kishtwar, J&K to provide power to Rajasthan Urja Vikas and IT Services Limited for a period of 40 years as per Power Purchase Agreement",https://pib.gov.in/PressReleasePage.aspx?PRID=1993039
Rajkot District Cooperative Bank Limited,Unknown,1,2025-09-22,2025-09-22,"Union Home Minister and Minister of Cooperation Shri Amit Shah today addresses the annual meeting of seven district-level cooperative societies, including Rajkot District Cooperative Bank Limited, in Rajkot, Gujarat",https://pib.gov.in/PressReleasePage.aspx?PRID=2169810
Rajpath Infracon Pvt. Ltd,Unknown,1,2026-01-20,2026-01-20,"Union Minister Nitin Gadkari congratulates Team NHAI and the Concessionaire, Rajpath Infracon Pvt. Ltd., on NHAI officially setting 4 Guinness World Records",https://pib.gov.in/PressReleasePage.aspx?PRID=2216632
Ramon Investments Pte. Ltd,Unknown,1,2024-12-17,2024-12-17,CCI approves the acquisition of certain stake of Speed JVco S.à r.l. (Target) by Ramon Investments Pte. Ltd. (Acquirer),https://pib.gov.in/PressReleasePage.aspx?PRID=2085409
Raptor Investments Limited,Unknown,1,2025-11-07,2025-11-07,"CCI approves the acquisition of certain shareholding of IL JIN Electronics (India) Private Limited (IL JIN/Target) by ChrysCapital Fund X (CC Fund X), Two Infinity Partners (Two Infinity), and Raptor Investments Limited ...",https://pib.gov.in/PressReleasePage.aspx?PRID=2187559
Rashtriya Chemicals & Fertilizers Limited,Unknown,1,2021-02-17,2021-02-17,Union Minister of Chemicals & Fertilizers receives dividend receipt of Rs. 167.16 crore from Rashtriya Chemicals & Fertilizers Limited for FY 2019-20 and FY 2020-21,https://pib.gov.in/PressReleasePage.aspx?PRID=1698692
Rashtriya Chemicals & Fertilizers Ltd,Unknown,1,2017-06-30,2017-06-30,Rashtriya Chemicals & Fertilizers Ltd (RCFL) OFS oversubscribed 2.82 times; Retail portion oversubscribed by 5.62 times while Non Retail portion by 2.14 times.,https://pib.gov.in/PressReleasePage.aspx?PRID=1494238
Rashtriya Ispat Nigam Ltd,Unknown,1,2025-01-17,2025-01-17,"Cabinet Approves revival plan for Rashtriya Ispat Nigam Ltd (RINL) at a total cost of Rs 11,440 crores.",https://pib.gov.in/PressReleasePage.aspx?PRID=2093843
Rastriya Ispat Nigam Ltd,Unknown,1,2024-08-29,2024-08-29,Chief Managing Director (CMD) RINL calls for collective efforts to revive Rastriya Ispat Nigam Ltd,https://pib.gov.in/PressReleasePage.aspx?PRID=2049626
Ratle Hydroelectric Power Corporation Limited,Unknown,1,2021-06-07,2021-06-07,NHPC with JKSPDC incorporates a Joint Venture company “Ratle Hydroelectric Power Corporation Limited”,https://pib.gov.in/PressReleasePage.aspx?PRID=1725053
Ratnagiri Gas and Power Limited,Unknown,1,2017-03-23,2017-03-23,Steps taken for revival of Ratnagiri Gas and Power Limited,https://pib.gov.in/PressReleasePage.aspx?PRID=1485339
Re Sustainability Limited,Unknown,1,2024-08-07,2024-08-07,"CCI approves restructuring of existing business of Re Sustainability Limited, its subsidiaries, and joint ventures through demerger of municipal solid waste business and waste to energy business to Ramky Sustainability S...",https://pib.gov.in/PressReleasePage.aspx?PRID=2042793
ReNew Photovoltaics Private Limited,Unknown,1,2025-07-01,2025-07-01,CCI approves the proposed investment by British International Investment plc in ReNew Photovoltaics Private Limited.,https://pib.gov.in/PressReleasePage.aspx?PRID=2141338
Rebel Foods Private Limited,Unknown,1,2024-11-26,2024-11-26,CCI approves the proposed acquisition of shares in Rebel Foods Private Limited by Jongsong Investments Pte. Ltd.,https://pib.gov.in/PressReleasePage.aspx?PRID=2077669
Registration of New Public & Private Limited,Unknown,1,2020-03-06,2020-03-06,Registration of New Public & Private Limited Companies for EPFO & ESIC now on MCA Portal,https://pib.gov.in/PressReleasePage.aspx?PRID=1605558
Reliance BP Mobility Limited,Unknown,1,2020-04-30,2020-04-30,CCI approves BP Global proposed 49% acquisition of Reliance BP Mobility Limited (RBPML),https://pib.gov.in/PressReleasePage.aspx?PRID=1619713
Reliance Capital Limited,Unknown,1,2023-12-27,2023-12-27,"CCI approves acquisition of control/stake in Reliance Capital Limited by IndusInd International Holdings Limited, IIHL BFSI (India) Limited, and Aasia Enterprises LLP",https://pib.gov.in/PressReleasePage.aspx?PRID=1991029
Reliance Industries Limited,Unknown,1,2024-08-28,2024-08-28,"CCI approves combination involving Reliance Industries Limited (RIL), Viacom18, Digital18 Media Limited, Star India Private Limited (SIPL) and Star Television Productions Limited (STPL)",https://pib.gov.in/PressReleasePage.aspx?PRID=2049484
Reliance New Energy Battery Limited,Unknown,1,2025-02-18,2025-02-18,Programme Agreement Signed with Reliance New Energy Battery Limited for 10 GWh capacity under the PLI for Advanced Chemistry Cell (ACC) Scheme,https://pib.gov.in/PressReleasePage.aspx?PRID=2104281
Reliance New Energy Solar Limited,Unknown,1,2021-12-15,2021-12-15,CCI approves acquisition of shareholding in Sterling and Wilson Renewable Energy Limited by Reliance New Energy Solar Limited,https://pib.gov.in/PressReleasePage.aspx?PRID=1781800
Reliance Polyester Limited,Unknown,1,2022-10-20,2022-10-20,CCI approves acquisition of certain businesses of Shubhalakshmi Polyesters Limited and Shubhlaxmi Polytex Limited by Reliance Polyester Limited,https://pib.gov.in/PressReleasePage.aspx?PRID=1869749
Reliance Retail and Fashion Lifestyle Limited,Unknown,1,2020-11-20,2020-11-20,"CCI approves acquisition by Reliance Retail Ventures Limited (“RRVL”), Reliance Retail and Fashion Lifestyle Limited (“RRVL WOS”)of the retail and wholesale undertaking and the logistics and warehousing undertaking of th...",https://pib.gov.in/PressReleasePage.aspx?PRID=1674471
Reliance Strategic Business Ventures Limited,Unknown,1,2022-08-02,2022-08-02,CCI approves acquisition of 50.1% of the equity share capital of Sanmina-SCI India Private Limited (SCIPL) by Reliance Strategic Business Ventures Limited (RSBVL),https://pib.gov.in/PressReleasePage.aspx?PRID=1847455
Religare Enterprises Limited,Unknown,1,2024-01-24,2024-01-24,"CCI approves acquisition of shareholding in Religare Enterprises Limited by Puran Associates Private Limited, M.B. Finmart Private Limited, and VIC Enterprises Private Limited, Milky Investment and Trading Company",https://pib.gov.in/PressReleasePage.aspx?PRID=1999119
Religare Health Insurance Co. Ltd,Unknown,1,2020-04-03,2020-04-03,Trishikhar Ventures proposes acquisition of 18.951% of the Religare Health Insurance Co. Ltd. through CCI Green Channel,https://pib.gov.in/PressReleasePage.aspx?PRID=1610567
Remine India Private Limited,Unknown,1,2024-04-02,2024-04-02,"Technology Development Board -Department of Science & Technology supports M/s Remine India Private Limited, Uttarakhand to set up Recycling Facility for Li-ion Batteries and E-Waste",https://pib.gov.in/PressReleasePage.aspx?PRID=2016912
Renault Nissan Automotive India Private Limited,Unknown,1,2025-07-29,2025-07-29,CCI approves the proposed acquisition of certain shareholding of Renault Nissan Automotive India Private Limited by Renault Group B.V. and Renault S.A.S.,https://pib.gov.in/PressReleasePage.aspx?PRID=2149551
Report of Prabhu Steels Industries Limited,Unknown,1,2022-02-14,2022-02-14,NFRA issues Financial Reporting Quality Review (FRQR) Report of Prabhu Steels Industries Limited (CIN: L28100MH1972PLC015817) for FY 2019-20,https://pib.gov.in/PressReleasePage.aspx?PRID=1798348
Restaurant Brands Asia Limited,Unknown,1,2026-05-20,2026-05-20,"CCI approves the acquisition of a certain stake of Restaurant Brands Asia Limited (Target) by Lenexis Foodworks pvt Ltd (LFPL), Aayush Agrawal Trust (AAT), Inspira Foodworks (IFPL), Aayush Madhusudan Agrawal (AMA), and I...",https://pib.gov.in/PressReleasePage.aspx?PRID=2263414
Restructuring of Hindustan Organic Chemicals Limited,Unknown,1,2019-06-21,2019-06-21,Restructuring of Hindustan Organic Chemicals Limited,https://pib.gov.in/PressReleasePage.aspx?PRID=1575146
Revival of Fertilizers and Chemicals Travancore Limited,Unknown,1,2019-01-04,2019-01-04,Revival of Fertilizers and Chemicals Travancore Limited (FACT),https://pib.gov.in/PressReleasePage.aspx?PRID=1558587
Revival of HEC Ltd,Unknown,1,2017-03-28,2017-03-28,Revival of HEC Ltd.,https://pib.gov.in/PressReleasePage.aspx?PRID=1485870
Rieter Holding AG and Rieter North America Inc,Unknown,1,2025-09-23,2025-09-23,"CCI approves the acquisition of OC Oerlikon Textile Holding AG, Pfäffikon and Oerlikon Textile Inc. (collectively Targets) by Rieter Holding AG and Rieter North America Inc. (collectively Acquirers)",https://pib.gov.in/PressReleasePage.aspx?PRID=2170263
Ring Plus Aqua Limited,Unknown,1,2024-03-06,2024-03-06,CCI approves acquisition of 59.25% shareholding in Maini Precision Products Limited (MPPL) by Ring Plus Aqua Limited (RPAL),https://pib.gov.in/PressReleasePage.aspx?PRID=2012003
Rising Sun Holdings Private Limited,Unknown,1,2021-04-12,2021-04-12,CCI approves acquisition of shareholding in Magma Fincorp Limited by Rising Sun Holdings Private Limited and Mr Sanjay Chamria and Mr Mayank Poddar,https://pib.gov.in/PressReleasePage.aspx?PRID=1711188
Rivigo Services Private Limited,Unknown,1,2020-12-01,2020-12-01,CCI approves acquisition of Rivigo Services Private Limited (Rivigo) by Spring Canter Investment Ltd (SCIL) through subscription of compulsorily convertible preference shares,https://pib.gov.in/PressReleasePage.aspx?PRID=1677325
RoadGrid India Private Limited,Unknown,1,2026-08-01,2026-08-01,"TDB-DST Supports M/s RoadGrid India Private Limited, Indore, for Commercialization of Indigenous Universal EV Charging Technology",https://pib.gov.in/PressReleasePage.aspx?PRID=2292264
Roop Automotives Limited,Unknown,1,2025-01-07,2025-01-07,CCI approves the proposed combination involving inter-connected steps resulting in inter alia the acquisition of up to 68.9% shareholding in Roop Automotives Limited by CA Carob Investments (Investor),https://pib.gov.in/PressReleasePage.aspx?PRID=2090958
Roppen Transportation Services Private Limited,Unknown,1,2026-01-06,2026-01-06,CCI approves proposed acquisition of additional shareholding in Roppen Transportation Services Private Limited by MIH Investments One B.V.,https://pib.gov.in/PressReleasePage.aspx?PRID=2211959
Royal Challengers Sports Pvt Ltd,Unknown,1,2026-07-01,2026-07-01,"CCI approves acquisition of 100% shareholding of Royal Challengers Sports Pvt Ltd. by a consortium comprising Big Banyan Holdings, Bolt IPL Holdings, Times Internet, Times Cricket, ICQ Opportunities, Asia Investment Topc...",https://pib.gov.in/PressReleasePage.aspx?PRID=2279992
Ruby Asia Holdings II Pte. Ltd. and Singtel Interactive Pte. Ltd,Unknown,1,2024-11-05,2024-11-05,CCI approves acquisition of shares of STT GDC Pte. Ltd by Ruby Asia Holdings II Pte. Ltd. and Singtel Interactive Pte. Ltd. subject to compliance of certain voluntary commitments submitted by the parties,https://pib.gov.in/PressReleasePage.aspx?PRID=2070984
Rungta Sons Private Limited,Unknown,1,2025-07-15,2025-07-15,CCI approves proposed combination involving acquisition of 100% shareholding in SMC Power Generation Limited by Rungta Sons Private Limited,https://pib.gov.in/PressReleasePage.aspx?PRID=2144988
S Goa Shipyard Limited,Unknown,1,2019-01-30,2019-01-30,Contract Signing with M/S Goa Shipyard Limited for Acquisition of two additional Project 1135.6 Follow-on Ships for Indian Navy,https://pib.gov.in/PressReleasePage.aspx?PRID=1561931
S Titagarh Wagons Ltd,Unknown,1,2023-01-17,2023-01-17,"Keel Laying of Fourth Ship - Diving Support Craft At M/S Titagarh Wagons Ltd, Kolkata",https://pib.gov.in/PressReleasePage.aspx?PRID=1891804
SAAR IT Resources Private Limited,Unknown,1,2019-08-05,2019-08-05,Competition Commission of India imposes penalty on SAAR IT Resources Private Limited and others,https://pib.gov.in/PressReleasePage.aspx?PRID=1581300
SALIC International Investment Corporation,Unknown,1,2023-02-14,2023-02-14,CCI approves acquisition of certain equity share capital of LT Foods Limited by SALIC International Investment Corporation,https://pib.gov.in/PressReleasePage.aspx?PRID=1899165
SB Energy Holding Limited,Unknown,1,2021-07-01,2021-07-01,CCI approves acquisition of SB Energy Holding Limited by Adani Green Energy Limited,https://pib.gov.in/PressReleasePage.aspx?PRID=1731853
SBI Infra Management Solutions Pvt. Ltd,Unknown,1,2017-07-21,2017-07-21,SBI creates a wholly owned subsidiary “SBI Infra Management Solutions Pvt. Ltd.” for providing real estate services to them.,https://pib.gov.in/PressReleasePage.aspx?PRID=1496669
SC Ventures Holdings Limited,Unknown,1,2025-05-27,2025-05-27,"CCI approves the proposed combination involving Jumbotail Technologies Pvt. Ltd. (JTPL), Standard Chartered Research and Technology India Pvt. Ltd. (SCRTIPL), SC Ventures Holdings Limited (SC Ventures), Solv-India Pte. L...",https://pib.gov.in/PressReleasePage.aspx?PRID=2131761
SJVN Green Energy Limited,Unknown,1,2024-03-08,2024-03-08,"SJVN Green Energy Limited to develop solar projects of more than 1.3 GW in Maharashtra, under Mukhya Mantri Saur Krushi Vahini Yojana 2.0",https://pib.gov.in/PressReleasePage.aspx?PRID=2012771
SJVN Green Energy Ltd,Unknown,1,2022-12-15,2022-12-15,"IREDA inks Rs. 4,445 crore loan agreement with SJVN Green Energy Ltd. for 1,000 MW Solar power project",https://pib.gov.in/PressReleasePage.aspx?PRID=1883774
SJVN Limited,Unknown,1,2017-02-22,2017-02-22,"Cabinet approves the investment proposal for generation component of Arun-3 Hydro Electric Project in Nepal by SJVN Limited, a Central Public Sector Enterprises of Government of India",https://pib.gov.in/PressReleasePage.aspx?PRID=1514291
SJVN Limited and Damodar Valley Corporation,Unknown,1,2023-10-03,2023-10-03,"CCI approves 100% shareholding of Lanco Amarkantak Power Limited by PFC Projects Limited, REC Limited, SJVN Limited and Damodar Valley Corporation",https://pib.gov.in/PressReleasePage.aspx?PRID=1963826
SJVN Ltd,Unknown,1,2021-05-26,2021-05-26,SJVN Ltd installs Four Oxygen Plants in Himachal Pradesh,https://pib.gov.in/PressReleasePage.aspx?PRID=1721932
SK Finance Limited,Unknown,1,2023-10-31,2023-10-31,CCI approves proposed combination relating to minority investment by India Business Excellence Fund – IV in SK Finance Limited,https://pib.gov.in/PressReleasePage.aspx?PRID=1973532
SMC Power Generation Limited,Unknown,1,2025-07-15,2025-07-15,CCI approves proposed combination involving acquisition of 100% shareholding in SMC Power Generation Limited by Rungta Sons Private Limited,https://pib.gov.in/PressReleasePage.aspx?PRID=2144988
SML Isuzu Limited,Unknown,1,2025-06-17,2025-06-17,CCI approves the proposed combination involving acquisition of SML Isuzu Limited by Mahindra and Mahindra Limited,https://pib.gov.in/PressReleasePage.aspx?PRID=2137017
SMW Ispat Private Limited,Unknown,1,2022-05-19,2022-05-19,CCI approves acquisition of majority stake in SMW Ispat Private Limited by OFB Tech Private Limited,https://pib.gov.in/PressReleasePage.aspx?PRID=1826597
SNV Aviation Private Limited,Unknown,1,2025-04-15,2025-04-15,"CCI approves the acquisition of certain shareholding in SNV Aviation Private Limited (Akasa Air) by PI Opportunities Fund-I Scheme-II (PIOF), certain executives of PIOF, Claypond Capital Partners Private Limited (Claypon...",https://pib.gov.in/PressReleasePage.aspx?PRID=2121950
SRF Transnational Holdings Limited,Unknown,1,2022-04-18,2022-04-18,"CCI approves acquisition of minority stake of BDR Pharmaceuticals International Private Limited by Multiples Private Equity Fund III, SRF Transnational Holdings Limited, Balkrishna Industries Limited, Dharmayug Investmen...",https://pib.gov.in/PressReleasePage.aspx?PRID=1817785
STPL Trading and Services Private Limited,Unknown,1,2024-09-24,2024-09-24,"CCI approves acquisition of shares of Home Credit India Finance Private Limited by TVS Holdings Ltd., STPL Trading and Services Private Limited and PI Opportunities Fund-II and acquisition of shares of STPL Trading and S...",https://pib.gov.in/PressReleasePage.aspx?PRID=2060280
SYNNEX Corporation,Unknown,1,2021-07-01,2021-07-01,CCI approves merger of Tech Data Corporation with SYNNEX Corporation,https://pib.gov.in/PressReleasePage.aspx?PRID=1731854
Sagarmala Finance Corporation Limited,Unknown,1,2025-06-26,2025-06-26,Sarbananda Sonowal Inaugurates India’s First Maritime NBFC — Sagarmala Finance Corporation Limited (SMFCL),https://pib.gov.in/PressReleasePage.aspx?PRID=2139902
Sahakar Taxi Cooperative Ltd,Unknown,1,2026-03-25,2026-03-25,Sahakar Taxi Cooperative Ltd.,https://pib.gov.in/PressReleasePage.aspx?PRID=2245137
Sahara Credit Cooperative Society Ltd,Unknown,1,2022-04-06,2022-04-06,"Sahara Credit Cooperative Society Ltd., Lucknow, Uttar Pradesh, Saharayn Universal Multipurpose Society Ltd., Bhopal, Madhya Pradesh & Humara India Credit Cooperative Society Ltd., Kolkata, West Bengal has been restraine...",https://pib.gov.in/PressReleasePage.aspx?PRID=1814227
Saharayn Universal Multipurpose Society Ltd,Unknown,1,2022-04-06,2022-04-06,"Sahara Credit Cooperative Society Ltd., Lucknow, Uttar Pradesh, Saharayn Universal Multipurpose Society Ltd., Bhopal, Madhya Pradesh & Humara India Credit Cooperative Society Ltd., Kolkata, West Bengal has been restraine...",https://pib.gov.in/PressReleasePage.aspx?PRID=1814227
Sahi Fab Private Limited,Unknown,1,2023-03-29,2023-03-29,"“TDB-DST supports M/s Sahi Fab Private Limited, New Delhi for Development and Commercialization Fibre from agricultural waste of stem materials like Industrial hemp, flax and nettle etc.”",https://pib.gov.in/PressReleasePage.aspx?PRID=1911682
Sahi Fab Pvt Ltd,Unknown,1,2023-03-28,2023-03-28,"TDB-DST supports M/s Sahi Fab Pvt Ltd, New Delhi for extracting fibre from agricultural waste of stem materials like Industrial hemp, flax and nettle etc.",https://pib.gov.in/PressReleasePage.aspx?PRID=1911379
Sahyadri Farmers Producer Company Limited,Unknown,1,2022-12-27,2022-12-27,"Secretary, Additional Secretary & Horticulture commissioner of Department of Agriculture & Farmers Welfare, GOI, visited the Sahyadri Farmers Producer Company Limited & National Horticulture Research and Development Foun...",https://pib.gov.in/PressReleasePage.aspx?PRID=1886966
Sahyadri Hospitals Private Limited,Unknown,1,2025-09-02,2025-09-02,CCI approves the proposed combination involving acquisition of up to 100% shareholding by Manipal Hospitals Private Limited in Sahyadri Hospitals Private Limited.,https://pib.gov.in/PressReleasePage.aspx?PRID=2163147
Sajjan India Limited,Unknown,1,2022-02-14,2022-02-14,CCI approves acquisition of equity share capital of Sajjan India Limited by Sona Company Pte. Ltd.,https://pib.gov.in/PressReleasePage.aspx?PRID=1798273
Salisbury Investments Private Limited,Unknown,1,2021-08-04,2021-08-04,"CCI receives notice relating to acquisition of equity stake in PNB Housing Finance Limited by Pluto Investments S.à r.l. and Salisbury Investments Private Limited, under Green Channel and is deemed approved",https://pib.gov.in/PressReleasePage.aspx?PRID=1742299
Salt Experiences and Management Private Limited,Unknown,1,2025-03-10,2025-03-10,Report of investigation into Affairs of M/s. Salt Experiences and Management Private Limited (SEMPL) and M/s. Hero MotoCorp Limited under examination,https://pib.gov.in/PressReleasePage.aspx?PRID=2110018
Sammaan Capital Limited,Unknown,1,2025-12-09,2025-12-09,CCI approves the acquisition of certain shareholding of Sammaan Capital Limited (SCL/Target) by Avenir Investment RSC Ltd. (Avenir/Acquirer),https://pib.gov.in/PressReleasePage.aspx?PRID=2201086
Samvardhana Motherson International Limited,Unknown,1,2021-05-27,2021-05-27,"CCI receives notice under Green Channel filed by Motherson Sumi Systems Limited (MSSL), Samvardhana Motherson International Limited (SAMIL), Sumitomo Wiring Systems Limited (SWS) relating to an intra-group reorganization...",https://pib.gov.in/PressReleasePage.aspx?PRID=1722179
Samvibhag Securities Private Limited,Unknown,1,2025-08-27,2025-08-27,"CCI approves acquisition of shareholding by Multiples Private Equity Fund IV, Multiples Private Equity Gift Fund IV, Samvibhag Securities Private Limited, Mr. Mithun Padam Sacheti and Mr. Siddhartha Sacheti in V.I.P. Ind...",https://pib.gov.in/PressReleasePage.aspx?PRID=2161137
Sanaka Growth SPV I Limited,Unknown,1,2019-12-13,2019-12-13,CCI approves Sanaka Growth SPV I Limited investment in Edelweiss Securities Limited,https://pib.gov.in/PressReleasePage.aspx?PRID=1596409
Sandur Manganese & Iron Ores Limited and BAG Holdings Private Limited,Unknown,1,2024-07-18,2024-07-18,CCI approves indirect controlling acquisition of Arjas Steel Private Limited and Arjas Modern Steel Private Limited by Sandur Manganese & Iron Ores Limited and BAG Holdings Private Limited,https://pib.gov.in/PressReleasePage.aspx?PRID=2034120
Sanitation Workers of Durgapur Municipal Corporation,Unknown,1,2026-09-03,2026-09-03,Occupational Safety Training under NAMASTE Scheme Inaugurated in West Bengal: First Batch Begins for Sanitation Workers of Durgapur Municipal Corporation,https://pib.gov.in/PressReleasePage.aspx?PRID=2306424
Sankeshwar Synthetics Pvt. Ltd,Unknown,1,2026-01-05,2026-01-05,"CCI directs M/s KKK Mills, Ludhiana and M/s Sankeshwar Synthetics Pvt. Ltd, Ludhiana to cease and desist from anti- competitive practices",https://pib.gov.in/PressReleasePage.aspx?PRID=2211658
Sanmina-SCI India Private Limited,Unknown,1,2022-08-02,2022-08-02,CCI approves acquisition of 50.1% of the equity share capital of Sanmina-SCI India Private Limited (SCIPL) by Reliance Strategic Business Ventures Limited (RSBVL),https://pib.gov.in/PressReleasePage.aspx?PRID=1847455
Sanoti Properties LLP,Unknown,1,2022-05-19,2022-05-19,CCI approves acquisition by Sanoti Properties LLP of shareholding in Magma HDI General Insurance Company Limited,https://pib.gov.in/PressReleasePage.aspx?PRID=1826595
Sanyo Special Steel Co. Ltd,Unknown,1,2024-04-30,2024-04-30,CCI approves acquisition of 15.43% shareholding by Sanyo Special Steel Co. Ltd. in Sanyo Special Steel Manufacturing India Private Limited from Mitsui & Co. Ltd.,https://pib.gov.in/PressReleasePage.aspx?PRID=2019229
Sanyo Special Steel Manufacturing India Private Limited,Unknown,1,2024-04-30,2024-04-30,CCI approves acquisition of 15.43% shareholding by Sanyo Special Steel Co. Ltd. in Sanyo Special Steel Manufacturing India Private Limited from Mitsui & Co. Ltd.,https://pib.gov.in/PressReleasePage.aspx?PRID=2019229
Satluj Jal Vidyut Nigam Limited,Unknown,1,2021-10-08,2021-10-08,Union Minister of Power and New & Renewable Energy takes review of Satluj Jal Vidyut Nigam Limited,https://pib.gov.in/PressReleasePage.aspx?PRID=1762222
Saudi Basic Industries Corporation,Unknown,1,2019-09-27,2019-09-27,"CCI approves the acquisition of 70% shareholding in Saudi Basic Industries Corporation (SABIC) by Saudi Arabian Oil Company (Saudi Aramco), under Section 31(1) of the Competition Act, 2002, today.",https://pib.gov.in/PressReleasePage.aspx?PRID=1586469
Savex Technologies Private Limited,Unknown,1,2021-09-09,2021-09-09,CCI approves acquisition of Inflow Technologies Private Limited by Savex Technologies Private Limited,https://pib.gov.in/PressReleasePage.aspx?PRID=1753611
Savren Medicare Limited,Unknown,1,2023-12-19,2023-12-19,"CCI approves scheme of arrangement involving Dhani Services Limited, Indiabulls Enterprises Limited, Savren Medicare Limited, Auxesia Soft Solutions Limited, Gyansagar Buildtech Limited, Pushpanjli Finsolutions Limited, ...",https://pib.gov.in/PressReleasePage.aspx?PRID=1988452
Schemes of National Minorities Development and Finance Corporation,Unknown,1,2019-02-05,2019-02-05,Schemes of National Minorities Development and Finance Corporation,https://pib.gov.in/PressReleasePage.aspx?PRID=1562734
Schneider Electric India Private Limited and MacRitchie Investments Pte. Ltd,Unknown,1,2019-06-06,2019-06-06,CCI approves Acquisition of the electrical and automation business of Larsen & Toubro Limited by Schneider Electric India Private Limited and MacRitchie Investments Pte. Ltd.,https://pib.gov.in/PressReleasePage.aspx?PRID=1573579
Schott Poonawalla Private Limited,Unknown,1,2025-03-05,2025-03-05,CCI approves the proposed acquisition of certain shareholding of Schott Poonawalla Private Limited by TPG Scion SG Pte. Ltd.,https://pib.gov.in/PressReleasePage.aspx?PRID=2108317
Scrabble Digital Ltd,Unknown,1,2025-04-16,2025-04-16,"CCI imposes monetary and non-monetary sanctions on UFO Moviez India Pvt. (along with its subsidiary Scrabble Digital Ltd.) and Qube Cinema Technologies Pvt. Ltd., for indulging in anti-competitive conduct",https://pib.gov.in/PressReleasePage.aspx?PRID=2122187
Second Edition of Limited,Unknown,1,2017-05-17,2017-05-17,"Second Edition of Limited Insolvency Examination to start from 1st July, 2017 to 30th June, 2018",https://pib.gov.in/PressReleasePage.aspx?PRID=1490089
Security Printing and Minting Corporation of India Limited,Unknown,1,2024-02-15,2024-02-15,Union Finance Minister Smt. Nirmala Sitharaman presides over 19th Foundation Day celebrations of Security Printing and Minting Corporation of India Limited (SPMCIL) in New Delhi,https://pib.gov.in/PressReleasePage.aspx?PRID=2006374
Sekhmet Pharmaventures Private Limited,Unknown,1,2022-08-13,2022-08-13,CCI approves (a) acquisition of majority shareholding in Optimus Drugs Private Limited (ODPL) by Sekhmet Pharmaventures Private Limited (Sekhmet); and (b) ODPL’s acquisition of shareholding in Optimus Pharma Private Limi...,https://pib.gov.in/PressReleasePage.aspx?PRID=1851606
Sequent Scientific Limited,Unknown,1,2025-01-21,2025-01-21,"CCI approves the proposed amalgamation of SRL, Viyash, Symed, Appcure, Vindhya Pharma, Vandana, Vindhya Organics, Geninn and SV Labs with Sequent Scientific Limited",https://pib.gov.in/PressReleasePage.aspx?PRID=2094907
Shadowfax Technologies Private Limited,Unknown,1,2024-02-06,2024-02-06,CCI approves acquisition of certain shareholding of Shadowfax Technologies Private Limited by NewQuest Asia Fund IV (Singapore) Pte. Ltd.,https://pib.gov.in/PressReleasePage.aspx?PRID=2003316
Share Capital of Bharatiya Beej Sahakari Samiti Limited,Unknown,1,2026-03-18,2026-03-18,Share Capital of Bharatiya Beej Sahakari Samiti Limited,https://pib.gov.in/PressReleasePage.aspx?PRID=2241931
Sharekhan Ltd. and Human Value Developers Pvt. Ltd,Unknown,1,2024-04-02,2024-04-02,"CCI approves acquisition of 100% equity stake of Sharekhan Ltd. and Human Value Developers Pvt. Ltd. collectively by Mirae Asset Capital Markets (India) Pvt. Ltd. and Mirae Asset Securities Co. Ltd., respectively",https://pib.gov.in/PressReleasePage.aspx?PRID=2016986
Shipping Corporation,Unknown,1,2020-10-02,2020-10-02,Shri Mansukh Mandaviya launches diamond jubilee celebrations of Shipping Corporation of India,https://pib.gov.in/PressReleasePage.aspx?PRID=1661063
Showa Corporation,Unknown,1,2020-08-11,2020-08-11,"CCI approves proposed combination filed jointly by Keihin Corporation, Nissin Kogyo Co., Ltd., Showa Corporation and Hitachi Automotive Systems, Ltd.",https://pib.gov.in/PressReleasePage.aspx?PRID=1645122
Shree Digvijay Cement Company Limited,Unknown,1,2025-11-18,2025-11-18,CCI approves the proposed combination involving inter alia acquisition by India Resurgence Fund in Shree Digvijay Cement Company Limited and acquisition by Digvijay Cement Company Limited in Hi-Bond Cement (India) Privat...,https://pib.gov.in/PressReleasePage.aspx?PRID=2191372
Shri Pralhad Joshi Urges Coal Ministry and Coal India Ltd,Unknown,1,2022-03-22,2022-03-22,Shri Pralhad Joshi Urges Coal Ministry and Coal India Ltd to Deliberate Upon Steps To Enhance Coal Production,https://pib.gov.in/PressReleasePage.aspx?PRID=1808341
Shri Satish Chandra Dubey Visits Eastern Coalfields Limited,Unknown,1,2026-05-13,2026-05-13,"Union Minister of State for Coal and Mines, Shri Satish Chandra Dubey Visits Eastern Coalfields Limited",https://pib.gov.in/PressReleasePage.aspx?PRID=2260848
Shriram Asset Management Company Limited,Unknown,1,2025-04-08,2025-04-08,CCI approves proposed acquisition of shares of Shriram Asset Management Company Limited by Sanlam Emerging Market (Mauritius) Limited and Shriram Credit Company Limited,https://pib.gov.in/PressReleasePage.aspx?PRID=2120192
Shriram General Insurance Company Limited,Unknown,1,2024-01-16,2024-01-16,Competition Commission of India (CCI) approves amalgamation of Shriram GI Holdings Private Limited with Shriram General Insurance Company Limited.,https://pib.gov.in/PressReleasePage.aspx?PRID=1996785
Shriram Housing Finance Limited,Unknown,1,2024-08-20,2024-08-20,CCI approves acquisition of shareholding in Shriram Housing Finance Limited by Mango Crest Investment Ltd.,https://pib.gov.in/PressReleasePage.aspx?PRID=2047064
Shriram Investment Holdings Private Limited,Unknown,1,2024-03-19,2024-03-19,CCI approves acquisition of certain shareholding of Shriram Investment Holdings Private Limited by Shriram Ownership Trust.,https://pib.gov.in/PressReleasePage.aspx?PRID=2015578
Shriram Life Insurance Company Limited,Unknown,1,2024-01-16,2024-01-16,CCI approves amalgamation of Shriram LI Holdings Private Limited with Shriram Life Insurance Company Limited,https://pib.gov.in/PressReleasePage.aspx?PRID=1996783
Shubhalakshmi Polyesters Limited and Shubhlaxmi Polytex Limited,Unknown,1,2022-10-20,2022-10-20,CCI approves acquisition of certain businesses of Shubhalakshmi Polyesters Limited and Shubhlaxmi Polytex Limited by Reliance Polyester Limited,https://pib.gov.in/PressReleasePage.aspx?PRID=1869749
Siemens Limited,Unknown,1,2020-08-20,2020-08-20,CCI approves proposed acquisition of C&S Electric Limited by Siemens Limited,https://pib.gov.in/PressReleasePage.aspx?PRID=1647335
Siemens Ltd,Unknown,1,2026-02-12,2026-02-12,CCI approves acquisition of low voltage motor business of Siemens Ltd. by Innomotics India Pvt Ltd.,https://pib.gov.in/PressReleasePage.aspx?PRID=2227274
Signet Excipients Private Limited,Unknown,1,2024-01-09,2024-01-09,CCI approves acquisition of remaining 30% equity stake in Signet Excipients Private Limited by IMCD India Private Limited,https://pib.gov.in/PressReleasePage.aspx?PRID=1994633
Sikkim Urja Limited,Unknown,1,2024-05-07,2024-05-07,CCI approves acquisition of additional shares in Sikkim Urja Limited (formerly Teesta Urja Limited) by Greenko Energies Private Limited,https://pib.gov.in/PressReleasePage.aspx?PRID=2019893
Simpolo Vitrified Private Limited,Unknown,1,2022-08-18,2022-08-18,"CCI approves acquisition of the stake in Simpolo Vitrified Private Limited by India Business Excellence Fund IV, India SME Investments Fund – I, Motilal Oswal Finvest Limited and others",https://pib.gov.in/PressReleasePage.aspx?PRID=1852951
Sinochem Group Company Limited,Unknown,1,2020-11-12,2020-11-12,CCI approves transfer of 100% shareholding of Sinochem Group Company Limited (Sinochem) and China National Chemical Corporation Limited (ChemChina) to a new company wholly owned by China State-owned Assets Supervision an...,https://pib.gov.in/PressReleasePage.aspx?PRID=1672356
Skymap Pharmaceuticals Private Ltd,Unknown,1,2026-05-26,2026-05-26,"M/s. Skymap Pharmaceuticals Private Ltd. is approved as Strategic Buyer for disinvestment of Indian Medicines Pharmaceutical Corporation Limited (IMPCL), a CPSE under the administrative control of M/o AYUSH",https://pib.gov.in/PressReleasePage.aspx?PRID=2265581
SmartShift Logistics Solutions Private Limited,Unknown,1,2025-07-08,2025-07-08,Commission approves the acquisition of a certain stake in SmartShift Logistics Solutions Private Limited (Target) jointly by Kedaara Sapphire Holding and Kedaara Capital Fund IV AIF (Acquirers),https://pib.gov.in/PressReleasePage.aspx?PRID=2143209
Snap Inc,Unknown,1,2022-03-08,2022-03-08,"Atal Innovation Mission, NITI Aayog joins hands with Snap Inc to drive AR skilling amongst Indian youth",https://pib.gov.in/PressReleasePage.aspx?PRID=1804043
Sneha Farms Private Limited,Unknown,1,2024-06-25,2024-06-25,"CCI approves acquisition of certain equity shares of Sneha Farms Private Limited by Mitsui & Co., Ltd.",https://pib.gov.in/PressReleasePage.aspx?PRID=2028645
Snowdrop Capital PTE Limited,Unknown,1,2020-01-10,2020-01-10,Acquisition by ROC Star Investment Trust of equity share capital of Star Health and Allied Insurance Company Limited from Snowdrop Capital PTE Limited,https://pib.gov.in/PressReleasePage.aspx?PRID=1598989
Softbank Corporation,Unknown,1,2022-05-23,2022-05-23,"Prime Minister’s meeting with Mr. Masayoshi Son, Board Director and Founder, Softbank Corporation",https://pib.gov.in/PressReleasePage.aspx?PRID=1827561
Solar Energy Corporation of India Ltd,Unknown,1,2024-08-30,2024-08-30,Solar Energy Corporation of India Ltd (SECI) attains Navratna Status,https://pib.gov.in/PressReleasePage.aspx?PRID=2050232
Solenergi Power Private Limited,Unknown,1,2022-07-12,2022-07-12,CCI approves acquisition of Solenergi Power Private Limited by Shell Overseas Investments B.V.’s from Actis Solenergi Limited,https://pib.gov.in/PressReleasePage.aspx?PRID=1840875
Sona Company Pte. Ltd,Unknown,1,2022-02-14,2022-02-14,CCI approves acquisition of equity share capital of Sajjan India Limited by Sona Company Pte. Ltd.,https://pib.gov.in/PressReleasePage.aspx?PRID=1798273
Sonic Biochem Extractions Pvt. Ltd,Unknown,1,2026-07-31,2026-07-31,"TDB-DST supports M/s Sonic Biochem Extractions Pvt. Ltd., Indore, for Commercialization of Indigenous Functional and Textured Soya Protein Concentrates",https://pib.gov.in/PressReleasePage.aspx?PRID=2291532
South Asia LPG Company Pvt. Ltd,Unknown,1,2018-07-11,2018-07-11,Competition Commission of India (CCI) issues order against South Asia LPG Company Pvt. Ltd. (SALPG) for abuse of dominant position for terminalling services at Visakhapatnam Port; imposes penalty of Rs. 19.07 crore on SA...,https://pib.gov.in/PressReleasePage.aspx?PRID=1538370
South Eastern Coalfield Limited,Unknown,1,2024-03-05,2024-03-05,South Eastern Coalfield Limited’s Gevra Mine Set to Become The Largest Coal Mine in Asia,https://pib.gov.in/PressReleasePage.aspx?PRID=2011622
SpacePixxel Technologies Pvt Ltd,Unknown,1,2024-06-25,2024-06-25,Landmark 350th iDEX contract inked; MoD to collaborate with SpacePixxel Technologies Pvt Ltd for design & development of miniaturised satellite capable of carrying multiple payloads up to 150 kgs for Indian Air Force,https://pib.gov.in/PressReleasePage.aspx?PRID=2028447
Spectrum Requirements of National Capital Region Transport Corporation,Unknown,1,2022-12-28,2022-12-28,TRAI releases recommendations on ‘Spectrum Requirements of National Capital Region Transport Corporation (NCRTC) for Train Control System for RRTS Corridors’,https://pib.gov.in/PressReleasePage.aspx?PRID=1887049
Spring Canter Investment Ltd,Unknown,1,2020-12-01,2020-12-01,CCI approves acquisition of Rivigo Services Private Limited (Rivigo) by Spring Canter Investment Ltd (SCIL) through subscription of compulsorily convertible preference shares,https://pib.gov.in/PressReleasePage.aspx?PRID=1677325
Sq. Kms. Comprising of Municipal Corporation,Unknown,1,2018-08-19,2018-08-19,"Ease of Living Index of MOHUA Covers Larger Delhi Urban Agglomeration of Around 1488 Sq. Kms. Comprising of Municipal Corporation Limits of East, South, North and New Delhi",https://pib.gov.in/PressReleasePage.aspx?PRID=1543339
Srikalahasthi Pipes Limited,Unknown,1,2020-12-01,2020-12-01,CCI approves the proposed amalgamation of Srikalahasthi Pipes Limited (SPL) with and into Electrosteel Castings Limited (ECL),https://pib.gov.in/PressReleasePage.aspx?PRID=1677326
Stage & Cultural Development Corporation Ltd,Unknown,1,2025-07-21,2025-07-21,"FTII and Maharashtra Film, Stage & Cultural Development Corporation Ltd. sign MoU to expand film and media training in Maharashtra",https://pib.gov.in/PressReleasePage.aspx?PRID=2146456
Standard Chartered Research and Technology India Pvt. Ltd,Unknown,1,2025-05-27,2025-05-27,"CCI approves the proposed combination involving Jumbotail Technologies Pvt. Ltd. (JTPL), Standard Chartered Research and Technology India Pvt. Ltd. (SCRTIPL), SC Ventures Holdings Limited (SC Ventures), Solv-India Pte. L...",https://pib.gov.in/PressReleasePage.aspx?PRID=2131761
Star Health and Allied Insurance Company Limited,Unknown,1,2020-01-10,2020-01-10,Acquisition by ROC Star Investment Trust of equity share capital of Star Health and Allied Insurance Company Limited from Snowdrop Capital PTE Limited,https://pib.gov.in/PressReleasePage.aspx?PRID=1598989
Star India Private Limited,Unknown,1,2024-08-28,2024-08-28,"CCI approves combination involving Reliance Industries Limited (RIL), Viacom18, Digital18 Media Limited, Star India Private Limited (SIPL) and Star Television Productions Limited (STPL)",https://pib.gov.in/PressReleasePage.aspx?PRID=2049484
Star Television Productions Limited,Unknown,1,2024-08-28,2024-08-28,"CCI approves combination involving Reliance Industries Limited (RIL), Viacom18, Digital18 Media Limited, Star India Private Limited (SIPL) and Star Television Productions Limited (STPL)",https://pib.gov.in/PressReleasePage.aspx?PRID=2049484
Sterling and Wilson Renewable Energy Limited,Unknown,1,2021-12-15,2021-12-15,CCI approves acquisition of shareholding in Sterling and Wilson Renewable Energy Limited by Reliance New Energy Solar Limited,https://pib.gov.in/PressReleasePage.aspx?PRID=1781800
Stock Holding Services Limited,Unknown,1,2026-01-27,2026-01-27,Department of Posts signs Agreement with Stock Holding Services Limited to Promote Access to Capital Market Services,https://pib.gov.in/PressReleasePage.aspx?PRID=2219177
Strategic Disinvestment of Neelachal Ispat Nigam Limited,Unknown,1,2022-07-04,2022-07-04,Strategic Disinvestment of Neelachal Ispat Nigam Limited (NINL) completed,https://pib.gov.in/PressReleasePage.aspx?PRID=1839113
Subsidiary DME Development Limited,Unknown,1,2024-12-09,2024-12-09,NHAI’s Subsidiary DME Development Limited (DMEDL) Successfully Raises Rs. 775 Crore through issue of Green Bonds,https://pib.gov.in/PressReleasePage.aspx?PRID=2082472
Subsidiary of Coal India Limited,Unknown,1,2022-04-25,2022-04-25,CMPDIL to Continue as Subsidiary of Coal India Limited,https://pib.gov.in/PressReleasePage.aspx?PRID=1819817
Sumitomo Wiring Systems Limited,Unknown,1,2021-05-27,2021-05-27,"CCI receives notice under Green Channel filed by Motherson Sumi Systems Limited (MSSL), Samvardhana Motherson International Limited (SAMIL), Sumitomo Wiring Systems Limited (SWS) relating to an intra-group reorganization...",https://pib.gov.in/PressReleasePage.aspx?PRID=1722179
Sunbeam Lightweighting Solutions Private Limited,Unknown,1,2024-09-24,2024-09-24,CCI approves Craftsman Automation Limited’s acquisition of 100% share capital of Sunbeam Lightweighting Solutions Private Limited,https://pib.gov.in/PressReleasePage.aspx?PRID=2060279
Supermarket Grocery Supplies Private Ltd,Unknown,1,2021-04-29,2021-04-29,CCI approves acquisition by Tata Digital Limited of up to 64.3% of the total share capital of Supermarket Grocery Supplies Private Ltd (SGS) and SGS’ sole control over Innovative Retail Concepts Private Limited,https://pib.gov.in/PressReleasePage.aspx?PRID=1714774
Surendranagar District Cooperative Bank Limited,Unknown,1,2023-12-29,2023-12-29,Union Home Minister and Minister of Cooperation Shri Amit Shah unveiled the newly constructed building of Surendranagar District Cooperative Bank Limited through video conferencing today,https://pib.gov.in/PressReleasePage.aspx?PRID=1991622
Sutherland Global Holdings Inc,Unknown,1,2022-01-11,2022-01-11,CCI approves acquisition of shares in Sutherland Global Holdings Inc. by Coral Blue Investment Pte. Ltd.,https://pib.gov.in/PressReleasePage.aspx?PRID=1789125
Svatantra Microfin Private Limited,Unknown,1,2025-02-18,2025-02-18,CCI approves amalgamations of Chaitanya India Fin Credit Private Limited and Svatantra Holdings Private Limited into Svatantra Microfin Private Limited,https://pib.gov.in/PressReleasePage.aspx?PRID=2104452
Synergy Metals Investments Holding Limited,Unknown,1,2021-07-15,2021-07-15,"CCI receives notice relating to acquisition of equity stake in JSW Cement by Synergy Metals Investments Holding Limited, under Green Channel and is deemed approved",https://pib.gov.in/PressReleasePage.aspx?PRID=1735761
Synthimed Labs Private Limited,Unknown,1,2023-12-19,2023-12-19,CCI approves certain business undertakings of Ind Swift Laboratories Limited and Essix Biosciences Limited by Synthimed Labs Private Limited,https://pib.gov.in/PressReleasePage.aspx?PRID=1988449
T.S. Rajam Rubbers Private Limited and Dhinrama Mobility Solution Private Limited,Unknown,1,2021-09-01,2021-09-01,CCI approves acquisition by T.S. Rajam Rubbers Private Limited and Dhinrama Mobility Solution Private Limited of certain shareholding in TVS Supply Chain Solutions Private Limited,https://pib.gov.in/PressReleasePage.aspx?PRID=1751029
TATA Electronics Limited,Unknown,1,2022-09-26,2022-09-26,Mega Recruitment Drive of ST girls organised in 4 districts of Jharkhand by TATA Electronics Limited and Tribal Affairs Ministry,https://pib.gov.in/PressReleasePage.aspx?PRID=1862417
TATA Motors Limited & Hyundai Motor India Ltd,Unknown,1,2020-09-03,2020-09-03,EESL to procure 250 Electric Vehicles from TATA Motors Limited & Hyundai Motor India Ltd,https://pib.gov.in/PressReleasePage.aspx?PRID=1651057
TCNS Clothing Co. Limited,Unknown,1,2023-06-27,2023-06-27,CCI approves acquisition of TCNS Clothing Co. Limited by Aditya Birla Fashion and Retail Limited,https://pib.gov.in/PressReleasePage.aspx?PRID=1935673
TDB-DST Supports MiniMines Cleantech Solutions Pvt. Ltd,Unknown,1,2026-03-06,2026-03-06,“TDB-DST Supports MiniMines Cleantech Solutions Pvt. Ltd. for Sustainable Recycling of Lithium-ion Batteries”,https://pib.gov.in/PressReleasePage.aspx?PRID=2235968
TDB-DST Supports TIEA Connectors Pvt. Ltd,Unknown,1,2026-06-10,2026-06-10,"TDB-DST Supports TIEA Connectors Pvt. Ltd., Bengaluru, for Commercialization of Indigenous High-Reliability Connector Technologies for Aerospace, Defence, Space and Electric Mobility Applications",https://pib.gov.in/PressReleasePage.aspx?PRID=2271121
TEL Components Pvt. Ltd,Unknown,1,2025-01-07,2025-01-07,CCI approves the acquisition of certain shareholding of Pegatron Technology India Pvt. Ltd. (Pegatron India) by Tata Electronics Pvt. Ltd. (TEPL) and the transfer of TEL Components Pvt. Ltd.(TEL)’s business undertaking t...,https://pib.gov.in/PressReleasePage.aspx?PRID=2090960
TEMA India Ltd,Unknown,1,2025-07-26,2025-07-26,TEMA India Ltd. Commissions India’s First Private Test Facility for Depleted Heavy Water Upgradation,https://pib.gov.in/PressReleasePage.aspx?PRID=2148872
THDC India Limited,Unknown,1,2025-01-27,2025-01-27,THDC India Limited Marks Landmark Achievement with Commercial Operation Date (COD) of Unit #1 at 1320 MW Khurja Super Thermal Power Plant,https://pib.gov.in/PressReleasePage.aspx?PRID=2096725
THDC India Ltd,Unknown,1,2020-02-24,2020-02-24,NTPC gets CCI approval to acquire 74.50% of issued and paid-up share capital of THDC India Ltd.,https://pib.gov.in/PressReleasePage.aspx?PRID=1604217
THSTI and Sundyota Numandis Probioceuticals Pvt. Ltd,Unknown,1,2025-02-03,2025-02-03,"Dedication of India’s First Ferret Research Facility, Launch of GARBHINI-DRISHTI, & Execution of Technology Transfer Agreement between THSTI and Sundyota Numandis Probioceuticals Pvt. Ltd.",https://pib.gov.in/PressReleasePage.aspx?PRID=2099214
TI Clean Mobility Private Limited,Unknown,1,2026-07-07,2026-07-07,"Olectra Greentech Limited, Montra Electric (TI Clean Mobility Private Limited) also join the Government of India scheme to provide discount for the replacement of old trucks and buses in Delhi-NCR",https://pib.gov.in/PressReleasePage.aspx?PRID=2282223
TPG Growth III SF Pte. Ltd,Unknown,1,2025-04-15,2025-04-15,"CCI approves the proposed combination involving Waverly Pte. Ltd (“Waverly”), TPG Growth V SF Markets Pte. Ltd (“Growth V”), TPG Growth III SF Pte. Ltd (“Growth III”), Asia Healthcare Holdings Pte. Ltd (“AHH Singapore”),...",https://pib.gov.in/PressReleasePage.aspx?PRID=2121948
TPG Growth V SF Markets Pte. Ltd. and Waverly Pte. Ltd,Unknown,1,2024-03-12,2024-03-12,CCI approves acquisition of stake in Asian Institute of Nephrology and Urology Private Limited by TPG Growth V SF Markets Pte. Ltd. and Waverly Pte. Ltd. through Asia Healthcare Holdings Pte. Ltd.,https://pib.gov.in/PressReleasePage.aspx?PRID=2013929
TPG Nicobar SG Pte. Ltd,Unknown,1,2026-09-01,2026-09-01,CCI approves acquisition of Aseem Infrastructure Finance Limited by TPG Nicobar SG Pte. Ltd. and related transactions,https://pib.gov.in/PressReleasePage.aspx?PRID=2305743
TPG Scion SG Pte. Ltd,Unknown,1,2025-03-05,2025-03-05,CCI approves the proposed acquisition of certain shareholding of Schott Poonawalla Private Limited by TPG Scion SG Pte. Ltd.,https://pib.gov.in/PressReleasePage.aspx?PRID=2108317
TRIL Urban Transport Private Limited,Unknown,1,2019-10-01,2019-10-01,"CCI approves the acquisition of shareholding in GMR Airports Limited (“GAL”) by TRIL Urban Transport Private Limited (“TUTPL”), Valkyrie Investment Pte. Ltd. (“Valkyrie”) and Solis Capital (Singapore) Pte. Limited (“Soli...",https://pib.gov.in/PressReleasePage.aspx?PRID=1586875
TVS Certified Private Limited and TVS Vehicle Mobility Solution Private Limited,Unknown,1,2024-06-11,2024-06-11,CCI approves acquisition of certain equity stake of TVS Certified Private Limited and TVS Vehicle Mobility Solution Private Limited by Mitsubishi Corporation,https://pib.gov.in/PressReleasePage.aspx?PRID=2024369
TVS Credit Services Limited,Unknown,1,2023-09-20,2023-09-20,CCI approves certain shareholding in TVS Credit Services Limited by PI Opportunities Fund-I Scheme-II along with certain Individuals,https://pib.gov.in/PressReleasePage.aspx?PRID=1959120
TVS Emerald Ltd,Unknown,1,2026-06-16,2026-06-16,CCI approves proposed combination involving acquisition of PGIM India Asset Management and PGIM India Trustees by TVS Emerald Ltd. and TVS Venu Management and Consultancy Services,https://pib.gov.in/PressReleasePage.aspx?PRID=2273669
TVS Holdings Ltd,Unknown,1,2024-09-24,2024-09-24,"CCI approves acquisition of shares of Home Credit India Finance Private Limited by TVS Holdings Ltd., STPL Trading and Services Private Limited and PI Opportunities Fund-II and acquisition of shares of STPL Trading and S...",https://pib.gov.in/PressReleasePage.aspx?PRID=2060280
TVS Supply Chain Solutions Private Limited,Unknown,1,2021-09-01,2021-09-01,CCI approves acquisition by T.S. Rajam Rubbers Private Limited and Dhinrama Mobility Solution Private Limited of certain shareholding in TVS Supply Chain Solutions Private Limited,https://pib.gov.in/PressReleasePage.aspx?PRID=1751029
Talace Private Limited,Unknown,1,2021-12-20,2021-12-20,"CCI approves acquisition of shareholding in Air India Limited, Air India Express Limited and Air India SATS Airport Services Private Limited by Talace Private Limited",https://pib.gov.in/PressReleasePage.aspx?PRID=1783550
Tally Solutions Pvt Ltd,Unknown,1,2024-12-17,2024-12-17,DPIIT inks MoU with Tally Solutions Pvt Ltd to mentor manufacturing startups,https://pib.gov.in/PressReleasePage.aspx?PRID=2085438
Tamil Nadu Generation and Distribution Corporation,Unknown,1,2024-12-23,2024-12-23,NHRC takes suo motu cognizance of the death due to electrocution of two workers of Tamil Nadu Generation and Distribution Corporation while repairing power lines in Trichy,https://pib.gov.in/PressReleasePage.aspx?PRID=2087185
Tata BlueScope Steel Pvt. Ltd,Unknown,1,2025-12-23,2025-12-23,CCI has approved Tata Steel Limited’s proposed acquisition of sole control in Tata BlueScope Steel Pvt. Ltd. by purchasing the remaining 50% equity shareholding currently held by BlueScope Steel Asia Holdings Pty Ltd.,https://pib.gov.in/PressReleasePage.aspx?PRID=2207899
Tata Capital Financial Services Limited,Unknown,1,2023-08-08,2023-08-08,CCI approves merger of Tata Cleantech Capital Limited (TCCL) and Tata Capital Financial Services Limited (TCFSL) into Tata Capital Limited (TCL),https://pib.gov.in/PressReleasePage.aspx?PRID=1946851
Tata Capital Limited,Unknown,1,2023-08-08,2023-08-08,CCI approves merger of Tata Cleantech Capital Limited (TCCL) and Tata Capital Financial Services Limited (TCFSL) into Tata Capital Limited (TCL),https://pib.gov.in/PressReleasePage.aspx?PRID=1946851
Tata Cleantech Capital Limited,Unknown,1,2023-08-08,2023-08-08,CCI approves merger of Tata Cleantech Capital Limited (TCCL) and Tata Capital Financial Services Limited (TCFSL) into Tata Capital Limited (TCL),https://pib.gov.in/PressReleasePage.aspx?PRID=1946851
Tata Communications Limited,Unknown,1,2021-02-23,2021-02-23,CCI approves acquisition of Tata Communications Limited by Panatone Finvest Limited,https://pib.gov.in/PressReleasePage.aspx?PRID=1700106
Tata Digital Limited,Unknown,1,2021-04-29,2021-04-29,CCI approves acquisition by Tata Digital Limited of up to 64.3% of the total share capital of Supermarket Grocery Supplies Private Ltd (SGS) and SGS’ sole control over Innovative Retail Concepts Private Limited,https://pib.gov.in/PressReleasePage.aspx?PRID=1714774
Tata Electronics Private Limited,Unknown,1,2024-01-24,2024-01-24,CCI approves 100% acquisition of Wistron Infocomm Manufacturing (India) Private Limited by Tata Electronics Private Limited,https://pib.gov.in/PressReleasePage.aspx?PRID=1999115
Tata Electronics Pvt. Ltd,Unknown,1,2025-01-07,2025-01-07,CCI approves the acquisition of certain shareholding of Pegatron Technology India Pvt. Ltd. (Pegatron India) by Tata Electronics Pvt. Ltd. (TEPL) and the transfer of TEL Components Pvt. Ltd.(TEL)’s business undertaking t...,https://pib.gov.in/PressReleasePage.aspx?PRID=2090960
Tata Play Limited,Unknown,1,2025-03-17,2025-03-17,CCI approves the acquisition of certain additional shareholding in Tata Play Limited (Tata Play) by Tata Sons Private Limited (Tata Sons) from Baytree Investments (Mauritius) Pte Ltd.,https://pib.gov.in/PressReleasePage.aspx?PRID=2112017
Tata Power Company Limited,Unknown,1,2021-03-19,2021-03-19,CCI approves acquisition of 51% of the equity share capital of NESCO Utility by Tata Power Company Limited from Grid Corporation of Odisha Limited,https://pib.gov.in/PressReleasePage.aspx?PRID=1706125
Tata Power Renewable Energy Limited,Unknown,1,2022-07-26,2022-07-26,CCI approves acquisition of stake in Tata Power Renewable Energy Limited by Greenforest New Energies Bidco Limited,https://pib.gov.in/PressReleasePage.aspx?PRID=1845019
Tata Sons Private Limited,Unknown,1,2025-03-17,2025-03-17,CCI approves the acquisition of certain additional shareholding in Tata Play Limited (Tata Play) by Tata Sons Private Limited (Tata Sons) from Baytree Investments (Mauritius) Pte Ltd.,https://pib.gov.in/PressReleasePage.aspx?PRID=2112017
Tata Steel Limited,Unknown,1,2025-12-23,2025-12-23,CCI has approved Tata Steel Limited’s proposed acquisition of sole control in Tata BlueScope Steel Pvt. Ltd. by purchasing the remaining 50% equity shareholding currently held by BlueScope Steel Asia Holdings Pty Ltd.,https://pib.gov.in/PressReleasePage.aspx?PRID=2207899
TechInvention Lifecare Ltd,Unknown,1,2025-11-21,2025-11-21,"TDB-DST extends support to M/s TechInvention Lifecare Ltd., Navi Mumbai for Indigenous Development of 16-Valent Pneumococcal Conjugate Vaccine",https://pib.gov.in/PressReleasePage.aspx?PRID=2192438
Textiles Business of GHCL Ltd,Unknown,1,2020-09-29,2020-09-29,CCI approves demerger of the Textiles Business of GHCL Ltd. (“GHCL”)into its wholly owned subsidiary GHCL Textiles Limited (“GHCL Textiles”),https://pib.gov.in/PressReleasePage.aspx?PRID=1660138
The India Cements Limited,Unknown,1,2024-12-20,2024-12-20,CCI approves UltraTech Cement Limited’s acquisition of The India Cements Limited,https://pib.gov.in/PressReleasePage.aspx?PRID=2086677
The North Eastern Electric Power Corporation Limited,Unknown,1,2021-10-02,2021-10-02,Union Power Minister Takes Review of Tehri Hydro Development Corporation Limited (THDCIL) and The North Eastern Electric Power Corporation Limited (NEEPCO),https://pib.gov.in/PressReleasePage.aspx?PRID=1760272
The Phoenix Mills Limited,Unknown,1,2025-08-19,2025-08-19,CCI approves the proposed acquisition of remaining 49% shareholding of Island Star Mall Developers Private Limited (ISMDPL) by The Phoenix Mills Limited.,https://pib.gov.in/PressReleasePage.aspx?PRID=2158148
Theobroma Foods Private Limited,Unknown,1,2025-08-05,2025-08-05,"CCI approves acquisition of certain equity shareholding of Theobroma Foods Private Limited by Infinity Partners, Aqua Investments Limited and Atreides Investments B. V.",https://pib.gov.in/PressReleasePage.aspx?PRID=2152729
Think & Learn Private Limited,Unknown,1,2021-06-08,2021-06-08,CCI approves proposed combination relating to Think & Learn Private Limited (BYJU’S) acquisition of certain stake of Aakash Educational Services Limited (AESL) and thereafter merger of BYJU’s and AESL,https://pib.gov.in/PressReleasePage.aspx?PRID=1725363
Thrissur Municipal Corporation,Unknown,1,2017-05-03,2017-05-03,Cabinet approves transfer of land and building belonging to Department of Posts at Thrissur (Trichur) in Kerala to Thrissur Municipal Corporation for widening of Pattalam Road,https://pib.gov.in/PressReleasePage.aspx?PRID=1489105
Thriveni Earthmovers Pvt Ltd,Unknown,1,2026-05-12,2026-05-12,CCI approves acquisition of 7.14% stake in Llyods Engineering Works by Thriveni Earthmovers Pvt Ltd. and merger of three entities into Lloyds Engineering Works Ltd,https://pib.gov.in/PressReleasePage.aspx?PRID=2260405
Thriveni Pellets Private Limited,Unknown,1,2025-10-07,2025-10-07,CCI approves the acquisition of 49.99% equity share capital of Thriveni Pellets Private Limited (TPPL/Target) by Lloyds Metals and Energy Limited (LMEL/Acquirer).,https://pib.gov.in/PressReleasePage.aspx?PRID=2176032
Thriveni Pellets Pvt Ltd,Unknown,1,2026-01-20,2026-01-20,CCI approves acquisition of 50.01% equity share capital of Thriveni Pellets Pvt Ltd by Tata Steel Ltd,https://pib.gov.in/PressReleasePage.aspx?PRID=2216553
Thyssenkrupp Electrical Steel India Private Limited,Unknown,1,2024-12-10,2024-12-10,CCI approves the proposed acquisition of Thyssenkrupp Electrical Steel India Private Limited by Jsquare Electrical Steel Nashik Private Limited,https://pib.gov.in/PressReleasePage.aspx?PRID=2082972
Thyssenkrupp Industries India Private Limited,Unknown,1,2024-04-16,2024-04-16,CCI approves acquisition of additional shareholding of Thyssenkrupp Industries India Private Limited by Protos Engineering Company Private Limited (Protos) and Paharpur Cooling Towers Limited (Paharpur),https://pib.gov.in/PressReleasePage.aspx?PRID=2018075
Tianish Laboratories Private Limited,Unknown,1,2024-02-13,2024-02-13,CCI approves acquisition of 100% of the equity shares of Tianish Laboratories Private Limited by the Matrix Pharma Private Limited,https://pib.gov.in/PressReleasePage.aspx?PRID=2005803
Tilaknagar Industries Limited,Unknown,1,2025-10-07,2025-10-07,"CCI approves the acquisition of Business of production, bottling, marketing and sale of alcoholic and other beverages under the ‘Imperial Brands’ (Target Business) by Tilaknagar Industries Limited (TIL/Acquirer).",https://pib.gov.in/PressReleasePage.aspx?PRID=2176031
Times Horizon Pvt Ltd,Unknown,1,2026-02-18,2026-02-18,CCI approves internal reorganization of Bennett Coleman & Co. Ltd.’s (BCCL) certain businesses etc. into Times Horizon Pvt Ltd (THPL) on a going concern basis,https://pib.gov.in/PressReleasePage.aspx?PRID=2229544
Titagarh Wagons Ltd,Unknown,1,2022-05-05,2022-05-05,"Keel Laying of Second Ship - Diving Support Craft At m/s Titagarh Wagons Ltd, Kolkata",https://pib.gov.in/PressReleasePage.aspx?PRID=1823018
Torrent Pharmaceuticals Limited,Unknown,1,2025-10-21,2025-10-21,CCI approves acquisition of J. B. Chemicals & Pharmaceuticals Limited by Torrent Pharmaceuticals Limited with voluntary modifications,https://pib.gov.in/PressReleasePage.aspx?PRID=2181329
Torrent Power Ltd,Unknown,1,2026-04-07,2026-04-07,CCI approves proposed acquisition of 100% equity shares and non-cumulative optionally convertible redeemable preference shares in Nabha Power Ltd. by Torrent Power Ltd.,https://pib.gov.in/PressReleasePage.aspx?PRID=2249851
Tower Vision India Private Limited,Unknown,1,2023-05-03,2023-05-03,CCI approves acquisition of shareholding of Tower Vision India Private Limited by Ascend Telecom Infrastructure Private Limited and GIP EM Ascend 2 Pte. Ltd.,https://pib.gov.in/PressReleasePage.aspx?PRID=1921747
Toyota Industries Corp,Unknown,1,2026-01-27,2026-01-27,"CCI approves acquisition of certain shareholding of Toyota Industries Corp by Elliott Associates, L.P., Elliott International, L.P., and Liverpool Ltd Partnership (Acquirers)",https://pib.gov.in/PressReleasePage.aspx?PRID=2219279
Toyota Industries Corporation,Unknown,1,2025-11-25,2025-11-25,"CCI approves acquisition of Toyota Industries Corporation by Toyota Asset Preparatory Co., Ltd.",https://pib.gov.in/PressReleasePage.aspx?PRID=2194258
Toyota Motor Corporation,Unknown,1,2019-11-26,2019-11-26,CCI approves acquisition of 4.94% shareholding in Suzuki Motor Corporation (SMC) by Toyota Motor Corporation (TMC) and the acquisition of 0.24% shareholding in TMC by SMC,https://pib.gov.in/PressReleasePage.aspx?PRID=1593589
Trades Private Limited,Unknown,1,2021-08-13,2021-08-13,CCI approves proposed combination involving acquisition by Zomato of 9.3% (approx.) stake in each of Grofers India and Hands on Trades Private Limited,https://pib.gov.in/PressReleasePage.aspx?PRID=1745506
Transformation of Food Corporation,Unknown,1,2023-01-14,2023-01-14,Transformation of Food Corporation of India to be done on a fast track mode: Shri Piyush Goyal at 59th Foundation Day of FCI,https://pib.gov.in/PressReleasePage.aspx?PRID=1891230
Transworld Feeders Private Limited,Unknown,1,2021-06-03,2021-06-03,"CCI approves acquisition of Avana Logistek Limited, Transworld Feeders Private Limited and Transworld Feeders FZCO by Unifeeder ISC FZCO",https://pib.gov.in/PressReleasePage.aspx?PRID=1724169
Triumph Composites Pvt. Ltd,Unknown,1,2025-09-16,2025-09-16,CCI approves the proposed acquisition of the entire shareholding of IPM Inc. and OC NL Invest Cooperatief U.A. (OC India Sellers) in Owens-Corning (India) Pvt. Ltd. (Target) by Triumph Composites Pvt. Ltd. and Quartz Fib...,https://pib.gov.in/PressReleasePage.aspx?PRID=2167329
Tube Investments of India Limited,Unknown,1,2020-10-14,2020-10-14,CCI approves acquisition of shares in CG Power and Industrial Solutions Limited by Tube Investments of India Limited,https://pib.gov.in/PressReleasePage.aspx?PRID=1664237
Twin Star Technologies Ltd,Unknown,1,2017-05-03,2017-05-03,Cabinet approves Foreign Investment proposal of M/s. Twin Star Technologies Ltd. for undertaking downstream investment in Indian operating companies,https://pib.gov.in/PressReleasePage.aspx?PRID=1489114
Twitter Inc,Unknown,1,2021-02-10,2021-02-10,MeitY issues Press Statement about meeting of Secretary IT with Twitter Inc. team,https://pib.gov.in/PressReleasePage.aspx?PRID=1696945
Udemy Inc,Unknown,1,2026-03-25,2026-03-25,"CCI approves merger of Chess Merger Sub, wholly owned subsidiary of Coursera Inc., with and into Udemy Inc.",https://pib.gov.in/PressReleasePage.aspx?PRID=2245400
Ultra Dimensions Pvt Ltd,Unknown,1,2023-03-31,2023-03-31,Aatmanirbhar Bharat: MoD signs Rs 470 crore contract with Ultra Dimensions Pvt Ltd for modernisation of Naval Aircraft Yards at Goa & Kochi,https://pib.gov.in/PressReleasePage.aspx?PRID=1912584
Umang Commercial Company Private Limited,Unknown,1,2022-08-30,2022-08-30,CCI approves merger of Aditya Marketing and Manufacturing Private Limited into Umang Commercial Company Private Limited,https://pib.gov.in/PressReleasePage.aspx?PRID=1855577
Unichem Laboratories Limited,Unknown,1,2023-07-27,2023-07-27,CCI approves proposed combination involving acquisition of shareholding up to 59.38% of Unichem Laboratories Limited by Ipca Laboratories Limited,https://pib.gov.in/PressReleasePage.aspx?PRID=1943378
Union Health Secretary Smt. Punya Salila Srivastava Addresses Diamond Jubilee Valedictory Function of HLL Lifecare Limited,Unknown,1,2026-05-18,2026-05-18,"Union Health Secretary Smt. Punya Salila Srivastava Addresses Diamond Jubilee Valedictory Function of HLL Lifecare Limited, Commemorating Six Decades of Distinguished Service to the Nation",https://pib.gov.in/PressReleasePage.aspx?PRID=2262252
Union Minister Shri Pralhad Joshi Launches ERP System of Coal India Ltd,Unknown,1,2022-02-24,2022-02-24,Union Minister Shri Pralhad Joshi Launches ERP System of Coal India Ltd,https://pib.gov.in/PressReleasePage.aspx?PRID=1800692
Union Minister of Coal & Mines Shri G. Kishan Reddy Inaugurates Coal India Limited,Unknown,1,2024-11-14,2024-11-14,Union Minister of Coal & Mines Shri G. Kishan Reddy Inaugurates Coal India Limited Stall at India International Trade Fair 2024,https://pib.gov.in/PressReleasePage.aspx?PRID=2073381
Union Minister of Coal and Mines Shri G. Kishan Reddy Visits Western Coalfields Limited,Unknown,1,2024-10-07,2024-10-07,Union Minister of Coal and Mines Shri G. Kishan Reddy Visits Western Coalfields Limited to Review WCL Performance,https://pib.gov.in/PressReleasePage.aspx?PRID=2062846
Union Power Minister Takes Review of Tehri Hydro Development Corporation Limited,Unknown,1,2021-10-02,2021-10-02,Union Power Minister Takes Review of Tehri Hydro Development Corporation Limited (THDCIL) and The North Eastern Electric Power Corporation Limited (NEEPCO),https://pib.gov.in/PressReleasePage.aspx?PRID=1760272
Uprising Science Private Limited,Unknown,1,2025-03-17,2025-03-17,CCI approves acquisition of Uprising Science Private Limited by Hindustan Unilever Limited,https://pib.gov.in/PressReleasePage.aspx?PRID=2112019
Uttar Pradesh Development Systems Corporation Limited,Unknown,1,2026-01-12,2026-01-12,"Exchange of MoU between Digital India Corporation (IndiaAI) and Uttar Pradesh Development Systems Corporation Limited (UPDESCO), Lucknow, to strengthen the AI ecosystem in Uttar Pradesh under the IndiaAI Mission",https://pib.gov.in/PressReleasePage.aspx?PRID=2213902
Uttar Pradesh Rajya Vidyut Utpadan Nigam Limited,Unknown,1,2023-06-01,2023-06-01,NTPC Green Energy Ltd. (NGEL) and Uttar Pradesh Rajya Vidyut Utpadan Nigam Limited (UPRVUNL) to collaborate for development of Renewable Energy Power Parks and Projects,https://pib.gov.in/PressReleasePage.aspx?PRID=1929094
V-Sciences Investments Pte. Ltd,Unknown,1,2023-12-13,2023-12-13,Commission approves subscription to equity shares of Niva Bupa Health Insurance Company Limited by V-Sciences Investments Pte. Ltd.,https://pib.gov.in/PressReleasePage.aspx?PRID=1985947
VIC Enterprises Private Limited,Unknown,1,2024-01-24,2024-01-24,"CCI approves acquisition of shareholding in Religare Enterprises Limited by Puran Associates Private Limited, M.B. Finmart Private Limited, and VIC Enterprises Private Limited, Milky Investment and Trading Company",https://pib.gov.in/PressReleasePage.aspx?PRID=1999119
VVDN Technologies Private Limited,Unknown,1,2024-12-10,2024-12-10,CCI approves the acquisition of shareholding in India Business Excellence Fund – IV by VVDN Technologies Private Limited,https://pib.gov.in/PressReleasePage.aspx?PRID=2082975
Vadodara Municipal Corporation,Unknown,1,2022-03-25,2022-03-25,Vadodara Municipal Corporation to mobilize Rs.100 Cr against its contribution of Rs.224.30 in AMRUT Scheme,https://pib.gov.in/PressReleasePage.aspx?PRID=1809683
Valkyrie Investment Pte. Ltd,Unknown,1,2019-10-01,2019-10-01,"CCI approves the acquisition of shareholding in GMR Airports Limited (“GAL”) by TRIL Urban Transport Private Limited (“TUTPL”), Valkyrie Investment Pte. Ltd. (“Valkyrie”) and Solis Capital (Singapore) Pte. Limited (“Soli...",https://pib.gov.in/PressReleasePage.aspx?PRID=1586875
Vama Inverters LLP and Goldi Energy LLP,Unknown,1,2025-06-10,2025-06-10,CCI approves acquisition of certain issued and paid-up equity share capital of Goldi Solar Private Limited by Havells India Limited and acquisition of 100% partnership interest of Vama Inverters LLP and Goldi Energy LLP ...,https://pib.gov.in/PressReleasePage.aspx?PRID=2135481
Varanasi Smart City Ltd,Unknown,1,2021-09-09,2021-09-09,Varanasi Smart City Ltd and NIUA hold a City Stakeholder Consultation to facilitate and realise the vision of a Sugamya Kashi (Inclusive Varanasi,https://pib.gov.in/PressReleasePage.aspx?PRID=1753476
Varmora Granito Private Limited,Unknown,1,2022-08-18,2022-08-18,CCI approves acquisition by (a) Katsura Investments in Varmora Granito Private Limited and certain other entities; and (b) Varmora Granito Private Limited in some of its Group Companies and other entities,https://pib.gov.in/PressReleasePage.aspx?PRID=1852953
Vedanta Limited,Unknown,1,2025-10-14,2025-10-14,CCI approves acquisition of Jaiprakash Associates Limited by Vedanta Limited,https://pib.gov.in/PressReleasePage.aspx?PRID=2179069
Viatris Inc,Unknown,1,2022-06-14,2022-06-14,CCI approves proposed transaction involving sale of global biosimilars portfolio of Viatris Inc. to Biocon Biologics Limited and an equity infusion in Biocon Biologics by Biocon and Serum,https://pib.gov.in/PressReleasePage.aspx?PRID=1833959
Viggo Investment Pte. Ltd,Unknown,1,2025-07-01,2025-07-01,CCI approves acquisition of shares of Billionbrains Garage Ventures Limited by Viggo Investment Pte. Ltd.,https://pib.gov.in/PressReleasePage.aspx?PRID=2141340
Vijai Marine Services Pvt. Ltd,Unknown,1,2025-12-30,2025-12-30,"“Government of India strengthens green marine mobility: TDB-DST supports Vijai Marine Services Pvt. Ltd., Goa under Indo-Canada Collaborative Industrial R&D Programme”",https://pib.gov.in/PressReleasePage.aspx?PRID=2209827
Virtual Digital Asset Service Provider Bybit Fintech Limited,Unknown,1,2025-01-31,2025-01-31,FIU-IND imposes monetary penalty of Rs. 9 crore 27 lakhs on Virtual Digital Asset Service Provider Bybit Fintech Limited (Bybit),https://pib.gov.in/PressReleasePage.aspx?PRID=2098153
Virtusa Corporation,Unknown,1,2021-01-12,2021-01-12,"CCI approves Proposed Combination in acquisition of 100% equity interest and joint control in Virtusa Corporation by Austin HoldCo., GIC Investor and CPPIB Investor",https://pib.gov.in/PressReleasePage.aspx?PRID=1687847
Vishakha Glass Pvt Ltd,Unknown,1,2026-04-20,2026-04-20,CCI approves proposed restructuring by Vishakha Renewables Ltd of its renewables business and merge with and into Vishakha Glass Pvt Ltd,https://pib.gov.in/PressReleasePage.aspx?PRID=2253910
Vishakha Renewables Ltd,Unknown,1,2026-04-20,2026-04-20,CCI approves proposed restructuring by Vishakha Renewables Ltd of its renewables business and merge with and into Vishakha Glass Pvt Ltd,https://pib.gov.in/PressReleasePage.aspx?PRID=2253910
Vivo Mobile India Pvt. Ltd,Unknown,1,2022-08-03,2022-08-03,"DRI detects Customs duty evasion of Rs. 2,217 crore by M/s. Vivo Mobile India Pvt. Ltd.",https://pib.gov.in/PressReleasePage.aspx?PRID=1847927
Voltas Limited,Unknown,1,2026-03-11,2026-03-11,DPIIT Signs MoU with Voltas Limited to Support Industry–Start-up Collaboration in Cooling and Smart Appliance Technologies,https://pib.gov.in/PressReleasePage.aspx?PRID=2238457
WABCO Holdings Inc,Unknown,1,2020-02-17,2020-02-17,"CCI approves the acquisition of 100% shareholding of WABCO Holdings Inc. (WABCO) by ZF Friedrichshafen AG (ZF), under Section 31(1) of the Competition Act, 2002",https://pib.gov.in/PressReleasePage.aspx?PRID=1603384
WAPCOS Limited,Unknown,1,2023-12-18,2023-12-18,WAPCOS Limited’s Annual Profit For The Years 2019-2023,https://pib.gov.in/PressReleasePage.aspx?PRID=1987835
Warship of Garden Reach Shipbuilders and Engineers Limited,Unknown,1,2019-07-29,2019-07-29,"100th Warship of Garden Reach Shipbuilders and Engineers Limited,in LCU L-56,Commissioned in Visakhapatnam",https://pib.gov.in/PressReleasePage.aspx?PRID=1580669
Waverly Pte Ltd,Unknown,1,2021-06-08,2021-06-08,"CCI approves acquisition by BCP Topco IX Pte. Ltd. (BCP Topco), Waverly Pte Ltd. (GIC Investor) and Platinum Owl C 2018 RSC Limited (ADIA Investor) of Mphasis Limited",https://pib.gov.in/PressReleasePage.aspx?PRID=1725360
Waverly Pte. Ltd,Unknown,1,2025-04-15,2025-04-15,"CCI approves the proposed combination involving Waverly Pte. Ltd (“Waverly”), TPG Growth V SF Markets Pte. Ltd (“Growth V”), TPG Growth III SF Pte. Ltd (“Growth III”), Asia Healthcare Holdings Pte. Ltd (“AHH Singapore”),...",https://pib.gov.in/PressReleasePage.aspx?PRID=2121948
Wellnesys Technologies Pvt. Ltd,Unknown,1,2026-03-10,2026-03-10,“TDB-DST supports M/s Wellnesys Technologies Pvt. Ltd. for Commercialization of AI-Powered Smart Yoga Mat”,https://pib.gov.in/PressReleasePage.aspx?PRID=2237453
Welspun Corp Limited,Unknown,1,2019-11-18,2019-11-18,CCI approves the acquisition of the ‘Plates & Coils Mill Division’ of Welspun Corp Limited by Laptev Finance Private Limited,https://pib.gov.in/PressReleasePage.aspx?PRID=1592079
Westech Power Management Pvt. Ltd,Unknown,1,2025-10-31,2025-10-31,"TDB-DST sanctions Support for Indigenous Supercapacitor Energy Storage System by M/s Westech Power Management Pvt. Ltd, Pune, Maharashtra",https://pib.gov.in/PressReleasePage.aspx?PRID=2184763
Western MP Infrastructure and Toll Roads Pvt Ltd and Chenani Nashri Tunnelway Ltd,Unknown,1,2026-05-20,2026-05-20,"CCI approves proposed acquisition of Baharampore - Farakka Highways, Devanahalli Tollway Pvt Ltd, Western MP Infrastructure and Toll Roads Pvt Ltd and Chenani Nashri Tunnelway Ltd by Cube Highways Trust",https://pib.gov.in/PressReleasePage.aspx?PRID=2263413
Winding Up of Adarsh Credit Cooperative Society Ltd,Unknown,1,2019-11-29,2019-11-29,"Central Government orders Winding Up of Adarsh Credit Cooperative Society Ltd., Ahmedabad and appoints a liquidator",https://pib.gov.in/PressReleasePage.aspx?PRID=1594304
Worldone Private Limited,Unknown,1,2021-12-30,2021-12-30,CCI approves acquisition of 96.42% equity shareholding in Jindal Power Limited by Worldone Private Limited,https://pib.gov.in/PressReleasePage.aspx?PRID=1786352
Wuhuan Engineering Co. Ltd,Unknown,1,2019-09-18,2019-09-18,"Lump Sum Turn Key (LSTK) contract for Coal Gasification Plant PF Talcher Fertilizers Limited was awarded to M/s Wuhuan Engineering Co. Ltd, China.",https://pib.gov.in/PressReleasePage.aspx?PRID=1585404
Xiaomi Technology India Private Limited,Unknown,1,2022-01-05,2022-01-05,Evasion of Customs duty of Rs. 653 crore by M/s Xiaomi Technology India Private Limited,https://pib.gov.in/PressReleasePage.aspx?PRID=1787686
Yum Restaurants and Devyani International Limited,Unknown,1,2020-02-03,2020-02-03,CCI approves proposed combination between Yum Restaurants and Devyani International Limited,https://pib.gov.in/PressReleasePage.aspx?PRID=1601783
Zee Entertainment Enterprises Limited,Unknown,1,2022-10-04,2022-10-04,"CCI approves amalgamation of Zee Entertainment Enterprises Limited (ZEE) and Bangla Entertainment Private Limited (BEPL) with Culver Max Entertainment Private Limited (CME), with certain modifications",https://pib.gov.in/PressReleasePage.aspx?PRID=1865166
Zuari Agro Chemicals Limited,Unknown,1,2021-06-25,2021-06-25,CCI approves acquisition of Zuarinagar plant of Zuari Agro Chemicals Limited by Paradeep Phosphates Limited,https://pib.gov.in/PressReleasePage.aspx?PRID=1730316
Zuari Maroc Phosphates Private Limited,Unknown,1,2024-07-30,2024-07-30,CCI approves amalgamation of Mangalore Chemicals & Fertilizers with Paradeep Phosphates Limited and acquisition of equity shares of Mangalore Chemicals & Fertilizers Limited by Zuari Maroc Phosphates Private Limited,https://pib.gov.in/PressReleasePage.aspx?PRID=2039229
Zurich Insurance Company Ltd,Unknown,1,2024-02-06,2024-02-06,CCI approves acquisition of 70% stake by Zurich Insurance Company Ltd. in Kotak Mahindra General Insurance Company Limited,https://pib.gov.in/PressReleasePage.aspx?PRID=2003315
